#pragma once
#include <TFT_eSPI.h>

// Generated from Rubik Bold by tools/generate_rubik_gfx_font.py.
// Glyph range: ASCII 32-126.

const uint8_t RubikBold8Bitmaps[] PROGMEM = {
  0x49, 0x04, 0xEE, 0x00, 0x00, 0x3B, 0xE5, 0x3E, 0x50, 0x11, 0xE6, 0x9E,
  0x4D, 0xE3, 0x00, 0x64, 0xB9, 0xF9, 0xD2, 0x60, 0x38, 0x51, 0xD3, 0xE7,
  0xC0, 0xF0, 0x00, 0x36, 0x44, 0x46, 0x30, 0xC6, 0x22, 0x26, 0xC0, 0x66,
  0x60, 0x00, 0x27, 0xC8, 0x40, 0xF0, 0xE0, 0x00, 0x40, 0x11, 0x88, 0x46,
  0x23, 0x00, 0x79, 0x64, 0x96, 0x78, 0x33, 0x84, 0x21, 0x00, 0x7A, 0xC6,
  0xE7, 0x80, 0x79, 0x8E, 0xB7, 0x80, 0x18, 0x71, 0xA3, 0xE1, 0x80, 0x79,
  0xE0, 0xD3, 0x78, 0x10, 0xC7, 0x9B, 0x38, 0x78, 0x61, 0x0C, 0x20, 0x79,
  0xB7, 0x9B, 0x78, 0x79, 0xB7, 0x86, 0x30, 0x40, 0x20, 0x41, 0x60, 0x17,
  0x67, 0x10, 0xF0, 0x3C, 0x00, 0x8E, 0x6E, 0x80, 0x76, 0xCC, 0x42, 0x00,
  0x3C, 0xFD, 0xFB, 0xE6, 0x27, 0x80, 0x31, 0xC5, 0xBE, 0xCC, 0x79, 0x27,
  0x92, 0x78, 0x79, 0x34, 0x13, 0x78, 0x79, 0x64, 0x96, 0x78, 0x7A, 0x1E,
  0x87, 0x80, 0x7A, 0x1E, 0x84, 0x00, 0x79, 0x25, 0xD3, 0x78, 0x49, 0x27,
  0x92, 0x48, 0x49, 0x24, 0x78, 0x20, 0x96, 0x78, 0x59, 0xC7, 0x1C, 0x58,
  0x42, 0x10, 0x87, 0x80, 0x4C, 0xD9, 0xF2, 0xA4, 0x40, 0x49, 0xA7, 0x96,
  0x48, 0x79, 0x64, 0x96, 0x78, 0x79, 0x27, 0x90, 0x40, 0x79, 0x64, 0x96,
  0x78, 0x20, 0x79, 0x27, 0x96, 0x48, 0x79, 0xA7, 0x93, 0x78, 0x7C, 0x20,
  0x40, 0x81, 0x00, 0x49, 0x24, 0x96, 0x78, 0xC9, 0x67, 0x9C, 0x30, 0xC5,
  0xFB, 0xF3, 0xE4, 0x80, 0xD9, 0xC3, 0x1E, 0xD8, 0x6D, 0xE3, 0x84, 0x10,
  0x7C, 0x38, 0xE3, 0x87, 0xC0, 0x64, 0x44, 0x44, 0x60, 0x86, 0x10, 0xC2,
  0x18, 0x40, 0xE2, 0x22, 0x22, 0xE0, 0x60, 0x00, 0x00, 0xFC, 0x40, 0x00,
  0x00, 0x38, 0xE7, 0x9E, 0x41, 0xE5, 0x96, 0x78, 0x72, 0x52, 0xE0, 0x09,
  0xE5, 0x96, 0x78, 0x79, 0xE6, 0x9E, 0x31, 0x1C, 0x42, 0x10, 0x79, 0x65,
  0x9E, 0x59, 0xE0, 0x41, 0xE5, 0x92, 0x48, 0xC1, 0x24, 0x80, 0x60, 0x22,
  0x22, 0x60, 0x42, 0xDC, 0xE5, 0x80, 0x49, 0x24, 0x7F, 0x24, 0x92, 0x49,
  0x20, 0x79, 0x64, 0x92, 0x79, 0x24, 0x9E, 0x79, 0x65, 0x9E, 0x40, 0x79,
  0x65, 0x9E, 0x08, 0x74, 0x44, 0x79, 0xC1, 0x9E, 0x23, 0x88, 0x43, 0x80,
  0x49, 0x25, 0x9E, 0xDA, 0x9C, 0xC0, 0xD7, 0xF9, 0xF3, 0x60, 0xD3, 0x9D,
  0xA0, 0xDB, 0x9C, 0xC6, 0x00, 0xF1, 0x99, 0xE0, 0x31, 0x18, 0xC6, 0x10,
  0xC0, 0x49, 0x24, 0x92, 0xC6, 0x23, 0x26, 0x60, 0x70, 0x00,
};

const GFXglyph RubikBold8Glyphs[] PROGMEM = {
  {     0,   0,   0,   2,    0,    0 },
  {     0,   3,   5,   3,    0,   -5 },
  {     2,   4,   5,   4,    0,   -5 },
  {     5,   6,   5,   5,    0,   -5 },
  {     9,   6,   7,   6,    0,   -6 },
  {    15,   7,   5,   7,    0,   -5 },
  {    20,   7,   5,   7,    0,   -5 },
  {    25,   2,   5,   2,    0,   -5 },
  {    27,   4,   7,   4,    0,   -6 },
  {    31,   4,   7,   4,    0,   -6 },
  {    35,   4,   5,   4,    0,   -5 },
  {    38,   5,   4,   5,    0,   -4 },
  {    41,   2,   2,   2,    0,   -1 },
  {    42,   4,   3,   4,    0,   -3 },
  {    44,   3,   1,   3,    0,   -1 },
  {    45,   5,   7,   4,    0,   -6 },
  {    50,   6,   5,   6,    0,   -5 },
  {    54,   5,   5,   4,   -1,   -5 },
  {    58,   5,   5,   5,    0,   -5 },
  {    62,   5,   5,   5,    0,   -5 },
  {    66,   7,   5,   6,   -1,   -5 },
  {    71,   6,   5,   6,    0,   -5 },
  {    75,   6,   5,   6,    0,   -5 },
  {    79,   6,   5,   6,    0,   -5 },
  {    83,   6,   5,   6,    0,   -5 },
  {    87,   6,   5,   6,    0,   -5 },
  {    91,   3,   4,   3,    0,   -4 },
  {    93,   3,   4,   3,    0,   -4 },
  {    95,   4,   5,   4,    0,   -5 },
  {    98,   5,   4,   5,    0,   -4 },
  {   101,   4,   5,   4,    0,   -5 },
  {   104,   5,   5,   5,    0,   -5 },
  {   108,   7,   6,   7,    0,   -5 },
  {   114,   6,   5,   6,    0,   -5 },
  {   118,   6,   5,   6,    0,   -5 },
  {   122,   6,   5,   6,    0,   -5 },
  {   126,   6,   5,   6,    0,   -5 },
  {   130,   5,   5,   5,    0,   -5 },
  {   134,   5,   5,   5,    0,   -5 },
  {   138,   6,   5,   6,    0,   -5 },
  {   142,   6,   5,   6,    0,   -5 },
  {   146,   3,   5,   3,    0,   -5 },
  {   148,   6,   5,   6,    0,   -5 },
  {   152,   6,   5,   5,    0,   -5 },
  {   156,   5,   5,   5,    0,   -5 },
  {   160,   7,   5,   7,    0,   -5 },
  {   165,   6,   5,   6,    0,   -5 },
  {   169,   6,   5,   6,    0,   -5 },
  {   173,   6,   5,   6,    0,   -5 },
  {   177,   6,   6,   6,    0,   -5 },
  {   182,   6,   5,   6,    0,   -5 },
  {   186,   6,   5,   6,    0,   -5 },
  {   190,   7,   5,   7,    0,   -5 },
  {   195,   6,   5,   6,    0,   -5 },
  {   199,   6,   5,   6,    0,   -5 },
  {   203,   7,   5,   7,    0,   -5 },
  {   208,   6,   5,   6,    0,   -5 },
  {   212,   6,   5,   5,   -1,   -5 },
  {   216,   7,   5,   7,    0,   -5 },
  {   221,   4,   7,   3,    0,   -6 },
  {   225,   5,   7,   4,    0,   -6 },
  {   230,   4,   7,   4,    0,   -6 },
  {   234,   4,   5,   4,    0,   -5 },
  {   237,   6,   1,   6,    0,   -1 },
  {   238,   3,   6,   3,    0,   -6 },
  {   241,   6,   4,   6,    0,   -4 },
  {   244,   6,   5,   6,    0,   -5 },
  {   248,   5,   4,   5,    0,   -4 },
  {   251,   6,   5,   6,    0,   -5 },
  {   255,   6,   4,   6,    0,   -4 },
  {   258,   5,   6,   3,   -1,   -6 },
  {   262,   6,   6,   6,    0,   -4 },
  {   267,   6,   5,   6,    0,   -5 },
  {   271,   3,   6,   3,    0,   -6 },
  {   274,   4,   7,   3,   -1,   -6 },
  {   278,   5,   5,   5,    0,   -5 },
  {   282,   3,   5,   3,    0,   -5 },
  {   284,   9,   4,   9,    0,   -4 },
  {   289,   6,   4,   6,    0,   -4 },
  {   292,   6,   4,   6,    0,   -4 },
  {   295,   6,   5,   6,    0,   -4 },
  {   299,   6,   5,   6,    0,   -4 },
  {   303,   4,   4,   4,    0,   -4 },
  {   305,   6,   4,   6,    0,   -4 },
  {   308,   5,   5,   4,   -1,   -5 },
  {   312,   6,   4,   6,    0,   -4 },
  {   315,   5,   4,   5,    0,   -4 },
  {   318,   7,   4,   7,    0,   -4 },
  {   322,   5,   4,   5,    0,   -4 },
  {   325,   5,   5,   5,    0,   -4 },
  {   329,   5,   4,   4,    0,   -4 },
  {   332,   5,   7,   3,   -1,   -6 },
  {   337,   3,   8,   3,    0,   -7 },
  {   340,   4,   8,   4,    0,   -6 },
  {   344,   5,   3,   5,    0,   -3 },
};

const GFXfont RubikBold8 PROGMEM = {
  (uint8_t *)RubikBold8Bitmaps,
  (GFXglyph *)RubikBold8Glyphs,
  32, 126, 10
};

const uint8_t RubikBold10Bitmaps[] PROGMEM = {
  0x6D, 0xB6, 0x18, 0xF6, 0x94, 0x00, 0x00, 0x00, 0x00, 0x34, 0x7E, 0x3C,
  0x7E, 0x6C, 0x00, 0x00, 0x18, 0x7C, 0x66, 0x7C, 0x1E, 0x66, 0x7C, 0x18,
  0x73, 0x2B, 0x15, 0x0F, 0x81, 0xF1, 0xAC, 0x9C, 0x38, 0x74, 0x7C, 0x38,
  0x7B, 0x6E, 0x3F, 0xD9, 0x00, 0x00, 0x33, 0x18, 0xC6, 0x31, 0x8C, 0x30,
  0x00, 0xE6, 0x33, 0x33, 0x36, 0xE0, 0x67, 0x9C, 0x00, 0x00, 0x00, 0x18,
  0x31, 0xF0, 0xC1, 0x80, 0x1B, 0x00, 0x78, 0x00, 0x00, 0x0C, 0x18, 0x63,
  0x0C, 0x21, 0x84, 0x30, 0x3C, 0xDD, 0x9B, 0x36, 0x6D, 0xCF, 0x00, 0x3B,
  0xD6, 0x31, 0x8C, 0x60, 0x79, 0xB4, 0xC6, 0x39, 0xCF, 0xC0, 0x7C, 0x18,
  0x61, 0xE0, 0x6C, 0xCF, 0x00, 0x0C, 0x1C, 0x3C, 0x6C, 0x7E, 0x0C, 0x0C,
  0x79, 0x04, 0x3E, 0x4F, 0x37, 0x80, 0x18, 0x70, 0xF3, 0x36, 0x6F, 0xCF,
  0x00, 0x7C, 0x18, 0x70, 0xC1, 0x86, 0x0C, 0x00, 0x3C, 0x76, 0x76, 0x3C,
  0x76, 0x76, 0x3C, 0x3C, 0xDD, 0x9B, 0x33, 0xC3, 0x0C, 0x00, 0x60, 0x06,
  0x60, 0x34, 0x09, 0xDC, 0xE3, 0x84, 0x78, 0x07, 0x80, 0x41, 0xC3, 0x8E,
  0x71, 0x00, 0x7B, 0x71, 0xC6, 0x30, 0x83, 0x00, 0x1E, 0x18, 0x97, 0x2A,
  0x95, 0x4A, 0xFD, 0xCC, 0x7C, 0x38, 0x38, 0x3C, 0x6C, 0x6C, 0xFE, 0xC6,
  0x7C, 0xDD, 0x9B, 0xE6, 0x6C, 0xDF, 0x00, 0x3C, 0x66, 0x62, 0x60, 0x62,
  0x66, 0x3C, 0x7C, 0x66, 0x66, 0x66, 0x66, 0x66, 0x7C, 0x7C, 0xC1, 0x83,
  0xE6, 0x0C, 0x1F, 0x00, 0x7C, 0xC1, 0x83, 0xE6, 0x0C, 0x18, 0x00, 0x3C,
  0x66, 0x60, 0x6F, 0x67, 0x66, 0x3C, 0x66, 0x66, 0x66, 0x7E, 0x66, 0x66,
  0x66, 0x6D, 0xB6, 0xD8, 0xFC, 0x30, 0xC3, 0x0F, 0x77, 0x80, 0x6E, 0xF9,
  0xE3, 0xC7, 0x8D, 0x9B, 0x80, 0x60, 0xC1, 0x83, 0x06, 0x0F, 0x9F, 0x00,
  0x63, 0x3B, 0x9D, 0xCF, 0xE7, 0xF3, 0x19, 0x8C, 0x66, 0xED, 0xDB, 0xF6,
  0xED, 0xD9, 0x80, 0x3C, 0x66, 0x66, 0x66, 0x66, 0x66, 0x3C, 0x7C, 0xCD,
  0x9B, 0xE6, 0x0C, 0x18, 0x00, 0x3C, 0x66, 0x66, 0x66, 0x66, 0x66, 0x3E,
  0x06, 0x7C, 0xCD, 0x9B, 0xE6, 0xCD, 0xD9, 0x80, 0x3C, 0x6E, 0x70, 0x7E,
  0x0E, 0x66, 0x3C, 0x7E, 0x18, 0x18, 0x18, 0x18, 0x18, 0x18, 0x66, 0x66,
  0x66, 0x66, 0x66, 0x66, 0x3C, 0xC6, 0xD9, 0xB3, 0x67, 0x87, 0x0E, 0x00,
  0xC3, 0xC3, 0xDE, 0xFE, 0x7E, 0x6E, 0x66, 0xEE, 0xD8, 0xE1, 0xC7, 0x8D,
  0xB3, 0x80, 0x66, 0x6E, 0x3C, 0x38, 0x18, 0x18, 0x18, 0x7E, 0x0E, 0x1C,
  0x1C, 0x38, 0x70, 0x7E, 0x73, 0x18, 0xC6, 0x31, 0x8C, 0x70, 0x00, 0xC1,
  0x06, 0x08, 0x30, 0xC1, 0x86, 0xF3, 0x33, 0x33, 0x33, 0xF0, 0x23, 0x80,
  0x00, 0x00, 0x00, 0x7E, 0x00, 0x46, 0x00, 0x00, 0x00, 0x38, 0x58, 0xF3,
  0x67, 0xC0, 0x60, 0xC1, 0xE3, 0x66, 0xCD, 0x9E, 0x00, 0x3C, 0xD9, 0x83,
  0x63, 0x80, 0x0C, 0x37, 0xFB, 0xCF, 0xB7, 0xC0, 0x38, 0xD9, 0xF3, 0x63,
  0x80, 0x38, 0xC7, 0x8C, 0x30, 0xC3, 0x00, 0x3C, 0xD9, 0xB3, 0x67, 0xCD,
  0x9F, 0x00, 0x60, 0xC1, 0xF3, 0x66, 0xCD, 0x9B, 0x00, 0x0C, 0x36, 0xDB,
  0x0C, 0x36, 0xDB, 0x78, 0x60, 0xC1, 0xB3, 0xC7, 0x8F, 0x1B, 0x00, 0x6D,
  0xB6, 0xD8, 0x7F, 0x9B, 0x66, 0xD9, 0xB6, 0x6D, 0x80, 0x7C, 0xD9, 0xB3,
  0x66, 0xC0, 0x38, 0xD9, 0xB3, 0x63, 0x80, 0x78, 0xD9, 0xB3, 0x67, 0x8C,
  0x18, 0x00, 0x3C, 0xD9, 0xB3, 0x63, 0xC1, 0x83, 0x00, 0x7B, 0x18, 0xC6,
  0x00, 0x78, 0xD8, 0xE3, 0x67, 0xC0, 0x30, 0xC7, 0x8C, 0x30, 0xC3, 0x80,
  0x6C, 0xD9, 0xB3, 0x67, 0xC0, 0xCD, 0x67, 0x9E, 0x30, 0xDB, 0x2D, 0x9F,
  0xCE, 0xC2, 0x60, 0xCD, 0xE3, 0x1E, 0xCC, 0xCD, 0xA7, 0x9E, 0x30, 0xC6,
  0x00, 0x7C, 0x38, 0xE3, 0x87, 0xC0, 0x33, 0x18, 0xCC, 0x31, 0x8E, 0x30,
  0x6D, 0xB6, 0xDB, 0x6C, 0x43, 0x0C, 0x63, 0x98, 0xC6, 0xE0, 0x00, 0x78,
  0x00, 0x00,
};

const GFXglyph RubikBold10Glyphs[] PROGMEM = {
  {     0,   0,   0,   2,    0,    0 },
  {     0,   3,   7,   3,    0,   -7 },
  {     3,   5,   7,   5,    0,   -7 },
  {     8,   8,   7,   8,    0,   -7 },
  {    15,   8,   9,   8,    0,   -8 },
  {    24,   9,   7,   9,    0,   -7 },
  {    32,   8,   7,   8,    0,   -7 },
  {    39,   3,   7,   2,    0,   -7 },
  {    42,   5,  10,   5,    0,   -8 },
  {    49,   4,  10,   4,    0,   -8 },
  {    54,   5,   7,   4,    0,   -7 },
  {    59,   7,   5,   7,    0,   -5 },
  {    64,   3,   3,   3,    0,   -2 },
  {    66,   6,   3,   6,    0,   -3 },
  {    69,   3,   2,   3,    0,   -2 },
  {    70,   6,   8,   5,    0,   -7 },
  {    76,   7,   7,   7,    0,   -7 },
  {    83,   5,   7,   5,    0,   -7 },
  {    88,   6,   7,   6,    0,   -7 },
  {    94,   7,   7,   7,    0,   -7 },
  {   101,   8,   7,   8,    0,   -7 },
  {   108,   6,   7,   6,    0,   -7 },
  {   114,   7,   7,   7,    0,   -7 },
  {   121,   7,   7,   7,    0,   -7 },
  {   128,   8,   7,   8,    0,   -7 },
  {   135,   7,   7,   7,    0,   -7 },
  {   142,   3,   5,   3,    0,   -5 },
  {   144,   3,   5,   3,    0,   -5 },
  {   146,   5,   6,   5,    0,   -6 },
  {   150,   6,   4,   6,    0,   -4 },
  {   153,   6,   6,   5,    0,   -6 },
  {   158,   6,   7,   6,    0,   -7 },
  {   164,   9,   8,   9,    0,   -7 },
  {   173,   8,   7,   7,    0,   -7 },
  {   180,   7,   7,   7,    0,   -7 },
  {   187,   8,   7,   7,    0,   -7 },
  {   194,   8,   7,   8,    0,   -7 },
  {   201,   7,   7,   7,    0,   -7 },
  {   208,   7,   7,   6,    0,   -7 },
  {   215,   8,   7,   8,    0,   -7 },
  {   222,   8,   7,   8,    0,   -7 },
  {   229,   3,   7,   3,    0,   -7 },
  {   232,   6,   7,   6,    0,   -7 },
  {   238,   7,   7,   7,    0,   -7 },
  {   245,   7,   7,   6,    0,   -7 },
  {   252,   9,   7,   9,    0,   -7 },
  {   260,   7,   7,   7,    0,   -7 },
  {   267,   8,   7,   8,    0,   -7 },
  {   274,   7,   7,   7,    0,   -7 },
  {   281,   8,   8,   8,    0,   -7 },
  {   289,   7,   7,   7,    0,   -7 },
  {   296,   8,   7,   8,    0,   -7 },
  {   303,   8,   7,   8,    0,   -7 },
  {   310,   8,   7,   8,    0,   -7 },
  {   317,   7,   7,   7,    0,   -7 },
  {   324,   8,   7,   8,    0,   -7 },
  {   331,   7,   7,   7,    0,   -7 },
  {   338,   8,   7,   6,   -1,   -7 },
  {   345,   8,   7,   8,    0,   -7 },
  {   352,   5,  10,   4,    0,   -8 },
  {   359,   6,   8,   5,    0,   -7 },
  {   365,   4,  10,   4,    0,   -8 },
  {   370,   5,   8,   5,    0,   -8 },
  {   375,   8,   2,   8,    0,   -1 },
  {   377,   4,   8,   4,    0,   -8 },
  {   381,   7,   5,   7,    0,   -5 },
  {   386,   7,   7,   7,    0,   -7 },
  {   393,   7,   5,   6,    0,   -5 },
  {   398,   6,   7,   6,    0,   -7 },
  {   404,   7,   5,   7,    0,   -5 },
  {   409,   6,   7,   6,    0,   -7 },
  {   415,   7,   8,   7,    0,   -5 },
  {   422,   7,   7,   7,    0,   -7 },
  {   429,   3,   8,   3,    0,   -8 },
  {   432,   3,  10,   3,    0,   -8 },
  {   436,   7,   7,   6,    0,   -7 },
  {   443,   3,   7,   3,    0,   -7 },
  {   446,  10,   5,  10,    0,   -5 },
  {   453,   7,   5,   7,    0,   -5 },
  {   458,   7,   5,   7,    0,   -5 },
  {   463,   7,   7,   7,    0,   -5 },
  {   470,   7,   7,   7,    0,   -5 },
  {   477,   5,   5,   5,    0,   -5 },
  {   481,   7,   5,   7,    0,   -5 },
  {   486,   6,   7,   6,    0,   -7 },
  {   492,   7,   5,   7,    0,   -5 },
  {   497,   6,   5,   6,    0,   -5 },
  {   501,   9,   5,   8,    0,   -5 },
  {   507,   6,   5,   6,    0,   -5 },
  {   511,   6,   7,   6,    0,   -5 },
  {   517,   7,   5,   7,    0,   -5 },
  {   522,   5,   9,   5,    0,   -7 },
  {   528,   3,  10,   3,    0,   -8 },
  {   532,   5,  10,   5,    0,   -8 },
  {   539,   6,   3,   6,    0,   -3 },
};

const GFXfont RubikBold10 PROGMEM = {
  (uint8_t *)RubikBold10Bitmaps,
  (GFXglyph *)RubikBold10Glyphs,
  32, 126, 13
};

const uint8_t RubikBold12Bitmaps[] PROGMEM = {
  0x66, 0x66, 0x60, 0x06, 0xDE, 0xD6, 0x00, 0x00, 0x00, 0x12, 0x0B, 0x1F,
  0xC7, 0xC3, 0x63, 0xF9, 0xF8, 0x48, 0x18, 0x3C, 0x7E, 0xE6, 0x7C, 0x1E,
  0xE7, 0xFE, 0x3C, 0x18, 0x71, 0x9E, 0xC5, 0xE1, 0xF0, 0x1F, 0x86, 0xA3,
  0x39, 0x8E, 0x1C, 0x0F, 0x82, 0xE0, 0xF0, 0x3D, 0x9B, 0xE7, 0xF0, 0xFE,
  0xD9, 0x00, 0x00, 0x00, 0xE3, 0x1C, 0x61, 0x86, 0x18, 0x60, 0xC3, 0x80,
  0x01, 0xC3, 0x06, 0x18, 0x61, 0x86, 0x18, 0xE7, 0x00, 0x37, 0xDC, 0xE0,
  0x00, 0x00, 0x18, 0x18, 0x7E, 0x18, 0x18, 0x18, 0x7F, 0x00, 0x01, 0xE0,
  0x00, 0x00, 0x66, 0x0C, 0x18, 0x60, 0xC3, 0x06, 0x0C, 0x30, 0x61, 0x80,
  0x3E, 0x3F, 0x98, 0xCC, 0x66, 0x33, 0x19, 0xFC, 0x7C, 0x39, 0xEF, 0x86,
  0x18, 0x61, 0x86, 0x3C, 0x7E, 0x66, 0x0E, 0x1C, 0x38, 0x7C, 0x7E, 0x7E,
  0x3E, 0x1C, 0x3C, 0x1E, 0x06, 0xFE, 0x7C, 0x0E, 0x07, 0x07, 0x86, 0xC7,
  0x63, 0xF9, 0xFC, 0x0C, 0x7E, 0x7C, 0x60, 0xFC, 0x6E, 0x46, 0xFE, 0x7C,
  0x0C, 0x0E, 0x0F, 0x0F, 0xC7, 0x73, 0x19, 0xFC, 0x7C, 0x7E, 0x3E, 0x0E,
  0x0C, 0x1C, 0x18, 0x38, 0x30, 0x3E, 0x3F, 0x99, 0xC7, 0xC7, 0x73, 0x19,
  0xFC, 0x7C, 0x3E, 0x3F, 0x98, 0xCE, 0xE3, 0xE0, 0xF0, 0x70, 0x70, 0x60,
  0x00, 0x06, 0x60, 0x06, 0x64, 0x04, 0x38, 0xE3, 0x83, 0x83, 0x81, 0x00,
  0x00, 0xF8, 0x00, 0x07, 0xC0, 0x00, 0x00, 0x40, 0xE0, 0xE0, 0xE3, 0x8E,
  0x10, 0x00, 0x3E, 0x7E, 0x67, 0x0E, 0x1C, 0x1C, 0x00, 0x18, 0x00, 0x03,
  0xE0, 0xEE, 0x3F, 0x65, 0xE4, 0xA4, 0x94, 0xB3, 0xFE, 0x7D, 0x87, 0xF0,
  0x00, 0x00, 0x1C, 0x1E, 0x0F, 0x86, 0xC6, 0x63, 0xFB, 0xFD, 0x86, 0x7E,
  0x3F, 0x98, 0xCF, 0xC6, 0x73, 0x19, 0xFC, 0xFC, 0x3E, 0x3F, 0x98, 0xCC,
  0x06, 0x03, 0x19, 0xFC, 0x7C, 0x7E, 0x3F, 0x98, 0xCC, 0x66, 0x33, 0x19,
  0xFC, 0xFC, 0x7E, 0x7E, 0x60, 0x7E, 0x60, 0x60, 0x7E, 0x7E, 0x7E, 0x7C,
  0x60, 0x60, 0x7E, 0x60, 0x60, 0x60, 0x3E, 0x3F, 0x98, 0x0D, 0xE6, 0x33,
  0x19, 0xFC, 0x7C, 0x63, 0x31, 0x98, 0xCF, 0xE6, 0x33, 0x19, 0x8C, 0xC6,
  0x66, 0x66, 0x66, 0x66, 0x7E, 0x3E, 0x06, 0x06, 0x06, 0xC6, 0xFE, 0x7C,
  0x67, 0x6E, 0x7C, 0x78, 0x7C, 0x7C, 0x6E, 0x67, 0x60, 0x60, 0x60, 0x60,
  0x60, 0x60, 0x7E, 0x7E, 0x61, 0x9C, 0xE7, 0x39, 0xFE, 0x7F, 0x9B, 0x66,
  0x19, 0x86, 0x63, 0x39, 0x9E, 0xCF, 0x66, 0xF3, 0x79, 0x9C, 0xC6, 0x3E,
  0x3F, 0x98, 0xCC, 0x66, 0x33, 0x19, 0xFC, 0x7C, 0x7E, 0x3F, 0x98, 0xCC,
  0xE7, 0xE3, 0x01, 0x80, 0xC0, 0x3E, 0x3F, 0x98, 0xCC, 0x66, 0x33, 0x19,
  0xFC, 0x7E, 0x03, 0x00, 0x7E, 0x3F, 0x98, 0xCC, 0xE7, 0xE3, 0x71, 0x9C,
  0xC6, 0x3E, 0x3F, 0x9C, 0x0F, 0xC3, 0xF0, 0x39, 0xFC, 0x7C, 0x7F, 0x1F,
  0x03, 0x01, 0x80, 0xC0, 0x60, 0x30, 0x18, 0x63, 0x31, 0x98, 0xCC, 0x66,
  0x33, 0x19, 0xFC, 0x7C, 0xE3, 0x33, 0x99, 0x8E, 0xC3, 0xE1, 0xE0, 0xF0,
  0x38, 0xC1, 0xB0, 0x6F, 0xDB, 0xFE, 0x7F, 0x9D, 0xC7, 0x71, 0xCC, 0xE7,
  0x3B, 0x0F, 0x87, 0x83, 0xC1, 0xF1, 0xD9, 0xCE, 0xE7, 0x66, 0x7E, 0x3C,
  0x3C, 0x18, 0x18, 0x18, 0x7F, 0x1F, 0x83, 0x83, 0xC3, 0xC1, 0xC1, 0xF8,
  0xFE, 0x03, 0xD8, 0xC6, 0x31, 0x8C, 0x63, 0x1E, 0x00, 0xC0, 0xC1, 0x81,
  0x83, 0x06, 0x06, 0x0C, 0x0C, 0x18, 0x07, 0x8C, 0x63, 0x18, 0xC6, 0x31,
  0xBC, 0x00, 0x31, 0xE0, 0x00, 0x00, 0x00, 0x00, 0x00, 0x00, 0x1F, 0xE0,
  0x00, 0x61, 0x80, 0x00, 0x00, 0x00, 0x00, 0x3C, 0x7E, 0x1E, 0x7E, 0x7E,
  0x3E, 0x60, 0x60, 0x7C, 0x7E, 0x66, 0x66, 0x7E, 0x7C, 0x3C, 0x7E, 0x60,
  0x60, 0x7E, 0x3C, 0x06, 0x06, 0x7E, 0x7E, 0xE6, 0xE6, 0x7E, 0x7E, 0x3C,
  0x7E, 0x7E, 0x60, 0x7E, 0x3C, 0x00, 0x78, 0xE3, 0xE3, 0x86, 0x0C, 0x18,
  0x30, 0x3E, 0x7E, 0x66, 0x66, 0x7E, 0x3E, 0x66, 0x3E, 0x00, 0x60, 0x60,
  0x7C, 0x7E, 0x66, 0x66, 0x66, 0x66, 0x06, 0x06, 0x66, 0x66, 0x60, 0x01,
  0x80, 0x63, 0x18, 0xC6, 0x33, 0xB8, 0x60, 0x60, 0x6E, 0x7C, 0x78, 0x7C,
  0x6C, 0x66, 0x66, 0x66, 0x66, 0x66, 0x7F, 0xC7, 0xFE, 0x66, 0x66, 0x66,
  0x66, 0x66, 0x66, 0x7C, 0x7E, 0x66, 0x66, 0x66, 0x66, 0x3C, 0x7E, 0x66,
  0x66, 0x7E, 0x3C, 0x7C, 0x7E, 0x66, 0x66, 0x7E, 0x7C, 0x60, 0x60, 0x3E,
  0x7E, 0x66, 0x66, 0x7E, 0x3E, 0x06, 0x06, 0x7D, 0xE6, 0x18, 0x61, 0x80,
  0x3C, 0x7E, 0x78, 0x1E, 0x7E, 0x3C, 0x30, 0x61, 0xF1, 0xC3, 0x06, 0x0F,
  0x0E, 0x66, 0x66, 0x66, 0x66, 0x7E, 0x3E, 0xC6, 0xDD, 0xB3, 0xE3, 0x87,
  0x00, 0xCC, 0xDB, 0x67, 0xF9, 0xFE, 0x33, 0x8C, 0xC0, 0xEE, 0xF8, 0xE1,
  0xC7, 0xDD, 0xC0, 0xC6, 0xDD, 0xB1, 0xE3, 0x87, 0x0C, 0x18, 0x7E, 0x3E,
  0x1C, 0x38, 0x7C, 0x7E, 0x00, 0x73, 0x8C, 0x31, 0xC7, 0x0C, 0x30, 0xE1,
  0xC0, 0x66, 0x66, 0x66, 0x66, 0x66, 0x66, 0x43, 0x87, 0x0C, 0x30, 0xE3,
  0x8C, 0x31, 0xCE, 0x00, 0x00, 0xE9, 0x70, 0x00, 0x00, 0x00,
};

const GFXglyph RubikBold12Glyphs[] PROGMEM = {
  {     0,   0,   0,   3,    0,    0 },
  {     0,   4,   8,   4,    0,   -8 },
  {     4,   5,   8,   5,    0,   -8 },
  {     9,   9,   8,   9,    0,   -8 },
  {    18,   8,  10,   8,    0,   -9 },
  {    28,  10,   8,  10,    0,   -8 },
  {    38,  10,   8,  10,    0,   -8 },
  {    48,   3,   8,   3,    0,   -8 },
  {    51,   6,  12,   6,    0,  -10 },
  {    60,   6,  12,   6,    0,  -10 },
  {    69,   5,   8,   5,    0,   -8 },
  {    74,   8,   6,   8,    0,   -6 },
  {    80,   3,   3,   3,    0,   -2 },
  {    82,   6,   5,   6,    0,   -5 },
  {    86,   4,   2,   4,    0,   -2 },
  {    87,   7,  10,   6,    0,   -9 },
  {    96,   9,   8,   9,    0,   -8 },
  {   105,   6,   8,   6,    0,   -8 },
  {   111,   8,   8,   8,    0,   -8 },
  {   119,   8,   8,   8,    0,   -8 },
  {   127,   9,   8,   9,    0,   -8 },
  {   136,   8,   8,   8,    0,   -8 },
  {   144,   9,   8,   9,    0,   -8 },
  {   153,   8,   8,   8,    0,   -8 },
  {   161,   9,   8,   9,    0,   -8 },
  {   170,   9,   8,   9,    0,   -8 },
  {   179,   4,   6,   4,    0,   -6 },
  {   182,   4,   6,   4,    0,   -6 },
  {   185,   7,   7,   6,   -1,   -7 },
  {   192,   7,   7,   7,    0,   -7 },
  {   199,   7,   7,   6,    0,   -7 },
  {   206,   8,   8,   8,    0,   -8 },
  {   214,  11,  11,  11,    0,   -9 },
  {   230,   9,   8,   9,    0,   -8 },
  {   239,   9,   8,   9,    0,   -8 },
  {   248,   9,   8,   9,    0,   -8 },
  {   257,   9,   8,   9,    0,   -8 },
  {   266,   8,   8,   8,    0,   -8 },
  {   274,   8,   8,   8,    0,   -8 },
  {   282,   9,   8,   9,    0,   -8 },
  {   291,   9,   8,   9,    0,   -8 },
  {   300,   4,   8,   4,    0,   -8 },
  {   304,   8,   8,   8,    0,   -8 },
  {   312,   8,   8,   8,    0,   -8 },
  {   320,   8,   8,   8,    0,   -8 },
  {   328,  10,   8,  10,    0,   -8 },
  {   338,   9,   8,   9,    0,   -8 },
  {   347,   9,   8,   9,    0,   -8 },
  {   356,   9,   8,   9,    0,   -8 },
  {   365,   9,   9,   9,    0,   -8 },
  {   376,   9,   8,   9,    0,   -8 },
  {   385,   9,   8,   9,    0,   -8 },
  {   394,   9,   8,   9,    0,   -8 },
  {   403,   9,   8,   9,    0,   -8 },
  {   412,   9,   8,   8,    0,   -8 },
  {   421,  10,   8,  10,    0,   -8 },
  {   431,   9,   8,   8,    0,   -8 },
  {   440,   8,   8,   8,    0,   -8 },
  {   448,   9,   8,   9,    0,   -8 },
  {   457,   5,  12,   5,    0,  -10 },
  {   465,   7,  10,   6,    0,   -9 },
  {   474,   5,  12,   5,    0,  -10 },
  {   482,   6,   9,   6,    0,   -9 },
  {   489,  10,   3,  10,    0,   -2 },
  {   493,   5,   9,   5,    0,   -9 },
  {   499,   8,   6,   8,    0,   -6 },
  {   505,   8,   8,   8,    0,   -8 },
  {   513,   8,   6,   8,    0,   -6 },
  {   519,   8,   8,   8,    0,   -8 },
  {   527,   8,   6,   8,    0,   -6 },
  {   533,   7,   9,   7,    0,   -9 },
  {   541,   8,   9,   8,    0,   -6 },
  {   550,   8,   8,   8,    0,   -8 },
  {   558,   4,   9,   4,    0,   -9 },
  {   563,   5,  11,   4,   -1,   -9 },
  {   570,   8,   8,   7,    0,   -8 },
  {   578,   4,   8,   4,    0,   -8 },
  {   582,  12,   6,  12,    0,   -6 },
  {   591,   8,   6,   8,    0,   -6 },
  {   597,   8,   6,   8,    0,   -6 },
  {   603,   8,   8,   8,    0,   -6 },
  {   611,   8,   8,   8,    0,   -6 },
  {   619,   6,   6,   6,    0,   -6 },
  {   624,   8,   6,   8,    0,   -6 },
  {   630,   7,   8,   7,    0,   -8 },
  {   637,   8,   6,   8,    0,   -6 },
  {   643,   7,   6,   7,    0,   -6 },
  {   649,  10,   6,  10,    0,   -6 },
  {   657,   7,   6,   7,    0,   -6 },
  {   663,   7,   8,   7,    0,   -6 },
  {   670,   8,   6,   8,    0,   -6 },
  {   676,   6,  12,   6,    0,  -10 },
  {   685,   4,  12,   4,    0,  -10 },
  {   691,   6,  11,   6,    0,   -9 },
  {   700,   7,   6,   7,    0,   -6 },
};

const GFXfont RubikBold12 PROGMEM = {
  (uint8_t *)RubikBold12Bitmaps,
  (GFXglyph *)RubikBold12Glyphs,
  32, 126, 15
};

const uint8_t RubikBold15Bitmaps[] PROGMEM = {
  0x73, 0x9C, 0xE7, 0x39, 0xC0, 0x73, 0x9C, 0x6C, 0xD9, 0xB3, 0x60, 0x00,
  0x00, 0x00, 0x00, 0x00, 0x00, 0x19, 0x83, 0x31, 0xFF, 0x3F, 0xE1, 0xB8,
  0x76, 0x1F, 0xF3, 0xFE, 0x33, 0x00, 0x00, 0x0C, 0x03, 0x03, 0xF1, 0xFE,
  0x73, 0x9C, 0x03, 0xF0, 0x7E, 0x01, 0xDC, 0x77, 0xF8, 0xFE, 0x0C, 0x03,
  0x00, 0x38, 0x63, 0xE7, 0x1B, 0x30, 0xDB, 0x07, 0xF0, 0x1F, 0x80, 0x1F,
  0xC1, 0xB6, 0x1D, 0xB1, 0xCF, 0x8C, 0x38, 0x1F, 0x03, 0xF0, 0x3B, 0x83,
  0xB0, 0x1E, 0x03, 0xE6, 0x7F, 0xE7, 0x7E, 0x73, 0xC7, 0xFE, 0x3E, 0xE0,
  0x66, 0x66, 0x00, 0x00, 0x00, 0x00, 0x1C, 0x78, 0xE3, 0x87, 0x0E, 0x1C,
  0x38, 0x70, 0xE1, 0xC1, 0xC3, 0xC3, 0x80, 0xE3, 0xC3, 0x86, 0x1C, 0x71,
  0xC7, 0x1C, 0x71, 0x8E, 0xF3, 0x80, 0x30, 0xF9, 0xF3, 0xC7, 0x80, 0x00,
  0x00, 0x00, 0x00, 0x00, 0x0C, 0x03, 0x00, 0xC1, 0xFE, 0x7F, 0x83, 0x00,
  0xC0, 0x30, 0x00, 0x00, 0x76, 0x6E, 0x7C, 0xF8, 0x00, 0x00, 0x00, 0x77,
  0x70, 0x07, 0x06, 0x0E, 0x0C, 0x0C, 0x1C, 0x18, 0x38, 0x30, 0x30, 0x70,
  0x60, 0xE0, 0x1F, 0x0F, 0xE7, 0x39, 0xC7, 0x71, 0xDC, 0x77, 0x1D, 0xC7,
  0x73, 0x8F, 0xE1, 0xF0, 0x1E, 0x3E, 0x7E, 0xFE, 0x4E, 0x0E, 0x0E, 0x0E,
  0x0E, 0x0E, 0x0E, 0x1E, 0x0F, 0xE7, 0x39, 0xCE, 0x03, 0x81, 0xE0, 0xF0,
  0x78, 0x3C, 0x1F, 0xE7, 0xF8, 0x7F, 0x9F, 0xE0, 0x70, 0x38, 0x1E, 0x07,
  0xE0, 0x38, 0x0E, 0xE3, 0x9F, 0xC3, 0xE0, 0x07, 0x80, 0xF0, 0x3E, 0x0F,
  0xC3, 0xB8, 0x77, 0x1C, 0xE3, 0xFE, 0x7F, 0xC0, 0x70, 0x0E, 0x00, 0x3F,
  0x8F, 0xE3, 0x00, 0xC0, 0x3F, 0x1F, 0xE3, 0x1C, 0x07, 0x73, 0xDF, 0xE1,
  0xF0, 0x07, 0x03, 0x81, 0xC0, 0xFC, 0x3F, 0x9C, 0xE7, 0x1D, 0xC7, 0x7B,
  0x8F, 0xE1, 0xF0, 0x7F, 0x9F, 0xE0, 0x38, 0x1E, 0x07, 0x03, 0xC0, 0xE0,
  0x38, 0x1C, 0x07, 0x03, 0x80, 0x1F, 0x0F, 0xE7, 0x1D, 0xC7, 0x3F, 0x8F,
  0xE7, 0xBD, 0xC7, 0x71, 0xCF, 0xE1, 0xF0, 0x1F, 0x0F, 0xE7, 0x3D, 0xC7,
  0x71, 0xDC, 0xE3, 0xF8, 0x7C, 0x0E, 0x03, 0x81, 0xC0, 0x77, 0x70, 0x07,
  0x77, 0x77, 0x70, 0x07, 0x66, 0xC0, 0x03, 0x07, 0x1E, 0x3C, 0x70, 0x7C,
  0x1E, 0x07, 0x03, 0x7F, 0x3F, 0x80, 0x00, 0x07, 0xF3, 0xF8, 0x00, 0x00,
  0x40, 0x70, 0x78, 0x1E, 0x0F, 0x1E, 0x78, 0x70, 0x40, 0x3E, 0x3F, 0xB9,
  0xFC, 0xF0, 0x70, 0x70, 0x78, 0x38, 0x00, 0x0E, 0x07, 0x00, 0x0F, 0xC0,
  0xFF, 0xC3, 0x83, 0x1D, 0xE6, 0x6F, 0x99, 0xB6, 0x66, 0xD9, 0x9B, 0xFE,
  0x67, 0xF0, 0xC0, 0x03, 0xFF, 0x07, 0xF8, 0x00, 0x00, 0x0E, 0x03, 0xE0,
  0x7C, 0x1F, 0x83, 0xB8, 0x77, 0x1C, 0xE3, 0xFE, 0x7F, 0xDC, 0x3B, 0x83,
  0x80, 0x7F, 0x1F, 0xE7, 0x1D, 0xC7, 0x73, 0xDF, 0xE7, 0xF9, 0xC7, 0x71,
  0xDF, 0xE7, 0xF0, 0x1F, 0x87, 0xF9, 0xC7, 0x38, 0xF7, 0x00, 0xE0, 0x1C,
  0x03, 0x8F, 0x71, 0xC7, 0xF8, 0x7E, 0x00, 0x7F, 0x0F, 0xF1, 0xC7, 0x38,
  0xE7, 0x1C, 0xE3, 0x9C, 0x73, 0x8E, 0x71, 0xCF, 0xF1, 0xFC, 0x00, 0x7F,
  0x9F, 0xE7, 0x01, 0xC0, 0x70, 0x1F, 0xE7, 0xF9, 0xC0, 0x70, 0x1F, 0xE7,
  0xF8, 0x7F, 0xBF, 0xDC, 0x0E, 0x07, 0x03, 0xFD, 0xFE, 0xE0, 0x70, 0x38,
  0x1C, 0x00, 0x1F, 0x07, 0xF9, 0xC7, 0x38, 0x67, 0x00, 0xE7, 0xDC, 0xFB,
  0x87, 0x71, 0xC7, 0xF8, 0x7E, 0x00, 0x71, 0xCE, 0x39, 0xC7, 0x38, 0xE7,
  0x1C, 0xFF, 0x9F, 0xF3, 0x8E, 0x71, 0xCE, 0x39, 0xC7, 0x00, 0x73, 0x9C,
  0xE7, 0x39, 0xCE, 0x73, 0x9C, 0x3F, 0xC7, 0xF8, 0x07, 0x00, 0xE0, 0x1C,
  0x03, 0x80, 0x73, 0x8E, 0x73, 0x87, 0xF0, 0x7C, 0x00, 0x73, 0x9D, 0xE7,
  0x71, 0xF8, 0x7E, 0x1F, 0x07, 0xE1, 0xFC, 0x77, 0x1C, 0xE7, 0x3C, 0x70,
  0x38, 0x1C, 0x0E, 0x07, 0x03, 0x81, 0xC0, 0xE0, 0x70, 0x3F, 0xDF, 0xE0,
  0x70, 0x73, 0x87, 0x9E, 0x3C, 0xF3, 0xE7, 0xDF, 0x3F, 0xF9, 0xFD, 0xCE,
  0xEE, 0x70, 0x73, 0x83, 0x9C, 0x1C, 0x71, 0xCE, 0x39, 0xE7, 0x3C, 0xE7,
  0xDC, 0xFF, 0x9F, 0xF3, 0xBE, 0x73, 0xCE, 0x79, 0xC7, 0x00, 0x1F, 0x07,
  0xF1, 0xC7, 0x38, 0xE7, 0x1C, 0xE3, 0x9C, 0x73, 0x8E, 0x71, 0xC7, 0xF0,
  0x7C, 0x00, 0x7F, 0x1F, 0xE7, 0x1D, 0xC7, 0x71, 0xDF, 0xE7, 0xF1, 0xC0,
  0x70, 0x1C, 0x07, 0x00, 0x1F, 0x07, 0xF1, 0xC7, 0x38, 0xE7, 0x1C, 0xE3,
  0x9C, 0x73, 0x8E, 0x71, 0xC7, 0xF0, 0x7E, 0x00, 0xE0, 0x7F, 0x1F, 0xE7,
  0x1D, 0xC7, 0x71, 0xDF, 0xE7, 0xF1, 0xDC, 0x73, 0x9C, 0xF7, 0x1C, 0x1F,
  0x0F, 0xE7, 0x39, 0xC0, 0x7E, 0x0F, 0xE1, 0xFC, 0x0F, 0x71, 0xDF, 0xE3,
  0xF0, 0x7F, 0xCF, 0xF8, 0x38, 0x07, 0x00, 0xE0, 0x1C, 0x03, 0x80, 0x70,
  0x0E, 0x01, 0xC0, 0x38, 0x00, 0x71, 0xCE, 0x39, 0xC7, 0x38, 0xE7, 0x1C,
  0xE3, 0x9C, 0x73, 0x8E, 0x71, 0xC7, 0xF0, 0x7C, 0x00, 0xE1, 0xCE, 0x39,
  0xC7, 0x39, 0xC7, 0x38, 0x77, 0x0F, 0xC1, 0xF8, 0x1F, 0x03, 0xC0, 0x78,
  0x00, 0x70, 0x3B, 0x81, 0x9C, 0xDC, 0xEE, 0xE3, 0x77, 0x1F, 0xF8, 0xFF,
  0xC7, 0xBC, 0x3D, 0xE1, 0xE7, 0x06, 0x38, 0xF1, 0xCE, 0x70, 0xEE, 0x1F,
  0x81, 0xF0, 0x3C, 0x07, 0xC1, 0xF8, 0x7B, 0x8E, 0x7B, 0x87, 0x00, 0xE1,
  0xCE, 0x39, 0xCE, 0x1D, 0xC3, 0xF0, 0x3E, 0x07, 0x80, 0x70, 0x0E, 0x01,
  0xC0, 0x38, 0x00, 0x7F, 0x9F, 0xE0, 0x78, 0x3C, 0x0F, 0x07, 0x83, 0xC0,
  0xF0, 0x78, 0x1F, 0xE7, 0xF8, 0x7D, 0xF7, 0x1C, 0x71, 0xC7, 0x1C, 0x71,
  0xC7, 0x1C, 0x7D, 0xF0, 0xE0, 0x60, 0x70, 0x30, 0x30, 0x38, 0x18, 0x1C,
  0x0C, 0x0C, 0x0E, 0x06, 0x07, 0x7C, 0xF8, 0x70, 0xE1, 0xC3, 0x87, 0x0E,
  0x1C, 0x38, 0x70, 0xE7, 0xCF, 0x80, 0x10, 0x71, 0xB0, 0x00, 0x00, 0x00,
  0x00, 0x00, 0x00, 0x00, 0x00, 0x7F, 0xE7, 0xFE, 0x61, 0xC3, 0x80, 0x00,
  0x00, 0x00, 0x00, 0x00, 0x00, 0x1E, 0x1F, 0x8C, 0xE3, 0xF7, 0xFB, 0x9D,
  0xFE, 0x7F, 0x70, 0x1C, 0x07, 0x01, 0xFC, 0x7F, 0x9C, 0xE7, 0x39, 0xCE,
  0x73, 0x9F, 0xE7, 0xF0, 0x3E, 0x3F, 0x9C, 0xEE, 0x07, 0x03, 0x9D, 0xFC,
  0x7C, 0x03, 0x80, 0xE0, 0x38, 0xFE, 0x7F, 0x9C, 0xE7, 0x39, 0xCE, 0x73,
  0x9F, 0xE3, 0xF8, 0x1E, 0x0F, 0xC7, 0x39, 0xFE, 0x7F, 0x9C, 0xC7, 0xF8,
  0x78, 0x1E, 0x3E, 0x38, 0x7E, 0x7E, 0x38, 0x38, 0x38, 0x38, 0x38, 0x38,
  0x3F, 0x9F, 0xE7, 0x39, 0xCE, 0x73, 0x9C, 0xE7, 0xF8, 0xFE, 0x03, 0x9C,
  0xE3, 0xF0, 0x78, 0x70, 0x1C, 0x07, 0x01, 0xFC, 0x7F, 0x9C, 0xE7, 0x39,
  0xCE, 0x73, 0x9C, 0xE7, 0x38, 0x73, 0x80, 0xE7, 0x39, 0xCE, 0x73, 0x9C,
  0x38, 0xE0, 0x0E, 0x38, 0xE3, 0x8E, 0x38, 0xE3, 0x8E, 0xF3, 0xC0, 0x70,
  0x38, 0x1C, 0x0E, 0xF7, 0xF3, 0xF1, 0xF0, 0xFC, 0x7E, 0x3B, 0x9C, 0xE0,
  0x73, 0x9C, 0xE7, 0x39, 0xCE, 0x73, 0x9C, 0x7F, 0x79, 0xFF, 0xE7, 0x39,
  0xDC, 0xE7, 0x73, 0x9D, 0xCE, 0x77, 0x39, 0xDC, 0xE7, 0x7F, 0x1F, 0xE7,
  0x39, 0xCE, 0x73, 0x9C, 0xE7, 0x39, 0xCE, 0x3F, 0x1F, 0xE7, 0x39, 0xCE,
  0x73, 0x9C, 0xE7, 0xF8, 0xFC, 0x7F, 0x1F, 0xE7, 0x39, 0xCE, 0x73, 0x9C,
  0xE7, 0xF9, 0xFC, 0x70, 0x1C, 0x07, 0x00, 0x3F, 0x9F, 0xE7, 0x39, 0xCE,
  0x73, 0x9C, 0xE7, 0xF8, 0xFE, 0x03, 0x80, 0xE0, 0x38, 0x7E, 0xFD, 0xC3,
  0x87, 0x0E, 0x1C, 0x38, 0x3E, 0x3F, 0x9C, 0x8F, 0x81, 0xF3, 0x39, 0xFC,
  0x7C, 0x38, 0x38, 0x38, 0x7E, 0x7E, 0x38, 0x38, 0x38, 0x38, 0x1E, 0x1E,
  0x73, 0x9C, 0xE7, 0x39, 0xCE, 0x73, 0x9C, 0xE7, 0xF8, 0xFE, 0xE3, 0xB1,
  0x9D, 0xCE, 0xE3, 0xE1, 0xF0, 0x70, 0x38, 0xE6, 0x33, 0x3B, 0x99, 0xDC,
  0xFE, 0xC7, 0xDE, 0x1E, 0xF0, 0xE7, 0x07, 0x18, 0xE3, 0x3B, 0x8F, 0x87,
  0x83, 0xE1, 0xF1, 0xDD, 0xC7, 0xE3, 0xB1, 0x9D, 0xCE, 0xE3, 0xE1, 0xF0,
  0x70, 0x38, 0x18, 0x1C, 0x0E, 0x00, 0x7F, 0x3F, 0x83, 0xC3, 0xC3, 0xC3,
  0xC1, 0xFC, 0xFE, 0x0E, 0x3C, 0xE1, 0xC3, 0x87, 0x1C, 0x78, 0x78, 0x70,
  0xE1, 0xC1, 0xE1, 0xC0, 0x73, 0x9C, 0xE7, 0x39, 0xCE, 0x73, 0x9C, 0xE7,
  0x39, 0xCE, 0x70, 0x70, 0xF0, 0xE0, 0xE1, 0xC3, 0x87, 0x87, 0x1C, 0x38,
  0x71, 0xC7, 0x8E, 0x00, 0x71, 0x3F, 0x93, 0xC0, 0x00, 0x00, 0x00,
};

const GFXglyph RubikBold15Glyphs[] PROGMEM = {
  {     0,   0,   0,   3,    0,    0 },
  {     0,   5,  11,   5,    0,  -11 },
  {     7,   7,  11,   7,    0,  -11 },
  {    17,  11,  10,  11,    0,  -10 },
  {    31,  10,  14,  10,    0,  -12 },
  {    49,  13,  11,  13,    0,  -11 },
  {    67,  12,  11,  12,    0,  -11 },
  {    84,   4,  11,   4,    0,  -11 },
  {    90,   7,  14,   7,    0,  -12 },
  {   103,   6,  14,   6,    0,  -12 },
  {   114,   7,  11,   7,    0,  -11 },
  {   124,  10,   9,  10,    0,   -9 },
  {   136,   4,   4,   4,    0,   -3 },
  {   138,   7,   5,   7,    0,   -5 },
  {   143,   4,   3,   4,    0,   -3 },
  {   145,   8,  13,   8,    0,  -12 },
  {   158,  10,  11,  10,    0,  -11 },
  {   172,   8,  11,   8,    0,  -11 },
  {   183,  10,  11,  10,    0,  -11 },
  {   197,  10,  11,  10,    0,  -11 },
  {   211,  11,  11,  11,    0,  -11 },
  {   227,  10,  11,  10,    0,  -11 },
  {   241,  10,  11,  10,    0,  -11 },
  {   255,  10,  11,  10,    0,  -11 },
  {   269,  10,  11,  10,    0,  -11 },
  {   283,  10,  11,  10,    0,  -11 },
  {   297,   4,   8,   4,    0,   -8 },
  {   301,   4,   9,   4,    0,   -8 },
  {   306,   8,   9,   8,    0,   -9 },
  {   315,   9,   8,   9,    0,   -8 },
  {   324,   8,   9,   8,    0,   -9 },
  {   333,   9,  11,   9,    0,  -11 },
  {   346,  14,  13,  14,    0,  -10 },
  {   369,  11,  11,  11,    0,  -11 },
  {   385,  10,  11,  10,    0,  -11 },
  {   399,  11,  11,  11,    0,  -11 },
  {   415,  11,  11,  11,    0,  -11 },
  {   431,  10,  11,  10,    0,  -11 },
  {   445,   9,  11,   9,    0,  -11 },
  {   458,  11,  11,  11,    0,  -11 },
  {   474,  11,  11,  11,    0,  -11 },
  {   490,   5,  11,   5,    0,  -11 },
  {   497,  11,  11,  11,    0,  -11 },
  {   513,  10,  11,  10,    0,  -11 },
  {   527,   9,  11,   9,    0,  -11 },
  {   540,  13,  11,  13,    0,  -11 },
  {   558,  11,  11,  11,    0,  -11 },
  {   574,  11,  11,  11,    0,  -11 },
  {   590,  10,  11,  10,    0,  -11 },
  {   604,  11,  12,  11,    0,  -11 },
  {   621,  10,  11,  10,    0,  -11 },
  {   635,  10,  11,  10,    0,  -11 },
  {   649,  11,  11,  11,    0,  -11 },
  {   665,  11,  11,  11,    0,  -11 },
  {   681,  11,  11,  10,    0,  -11 },
  {   697,  13,  11,  12,    0,  -11 },
  {   715,  11,  11,  10,    0,  -11 },
  {   731,  11,  11,  10,    0,  -11 },
  {   747,  10,  11,  10,    0,  -11 },
  {   761,   6,  14,   6,    0,  -12 },
  {   772,   8,  13,   8,    0,  -12 },
  {   785,   7,  14,   7,    0,  -12 },
  {   798,   7,  12,   7,    0,  -12 },
  {   809,  12,   2,  12,    0,   -1 },
  {   812,   6,  12,   6,    0,  -12 },
  {   821,   9,   8,   9,    0,   -8 },
  {   830,  10,  11,  10,    0,  -11 },
  {   844,   9,   8,   9,    0,   -8 },
  {   853,  10,  11,  10,    0,  -11 },
  {   867,  10,   8,  10,    0,   -8 },
  {   877,   8,  11,   8,    0,  -11 },
  {   888,  10,  12,  10,    0,   -8 },
  {   903,  10,  11,  10,    0,  -11 },
  {   917,   5,  11,   5,    0,  -11 },
  {   924,   6,  14,   5,   -1,  -11 },
  {   935,   9,  11,   9,    0,  -11 },
  {   948,   5,  11,   5,    0,  -11 },
  {   955,  14,   8,  14,    0,   -8 },
  {   969,  10,   8,  10,    0,   -8 },
  {   979,  10,   8,  10,    0,   -8 },
  {   989,  10,  11,  10,    0,   -8 },
  {  1003,  10,  11,  10,    0,   -8 },
  {  1017,   7,   8,   7,    0,   -8 },
  {  1024,   9,   8,   9,    0,   -8 },
  {  1033,   8,  11,   8,    0,  -11 },
  {  1044,  10,   8,  10,    0,   -8 },
  {  1054,   9,   8,   9,    0,   -8 },
  {  1063,  13,   8,  13,    0,   -8 },
  {  1076,   9,   8,   9,    0,   -8 },
  {  1085,   9,  11,   9,    0,   -8 },
  {  1098,   9,   8,   9,    0,   -8 },
  {  1107,   7,  14,   7,    0,  -12 },
  {  1120,   5,  17,   5,    0,  -14 },
  {  1131,   7,  14,   7,    0,  -12 },
  {  1144,   9,   6,   9,    0,   -6 },
};

const GFXfont RubikBold15 PROGMEM = {
  (uint8_t *)RubikBold15Bitmaps,
  (GFXglyph *)RubikBold15Glyphs,
  32, 126, 19
};

const uint8_t RubikBold18Bitmaps[] PROGMEM = {
  0x73, 0x9C, 0xE7, 0x39, 0xCE, 0x70, 0x1C, 0xE7, 0x00, 0x7E, 0x7E, 0x76,
  0x66, 0x66, 0x00, 0x00, 0x00, 0x00, 0x00, 0x00, 0x00, 0x00, 0x00, 0x00,
  0x66, 0x03, 0x30, 0x7F, 0xE3, 0xFF, 0x0E, 0xE0, 0x77, 0x03, 0xB8, 0x7F,
  0xE3, 0xFF, 0x06, 0x60, 0x33, 0x00, 0x00, 0x00, 0x06, 0x00, 0x60, 0x1F,
  0x83, 0xFC, 0x79, 0xE7, 0x0C, 0x7C, 0x07, 0xF8, 0x3F, 0xC1, 0xFE, 0x01,
  0xE7, 0x0E, 0xF9, 0xE7, 0xFE, 0x3F, 0xC0, 0x70, 0x06, 0x00, 0x3C, 0x18,
  0xFC, 0x71, 0x99, 0xC3, 0x37, 0x06, 0x6C, 0x0F, 0xF8, 0x0F, 0xEE, 0x03,
  0xBE, 0x06, 0x6C, 0x1C, 0xD8, 0x71, 0xB1, 0xC3, 0xE3, 0x03, 0x80, 0x0F,
  0x80, 0xFF, 0x03, 0xFC, 0x0E, 0x70, 0x3F, 0xC0, 0x7C, 0x03, 0xE3, 0x9F,
  0xEE, 0x73, 0xF1, 0xC7, 0xC7, 0xBF, 0x0F, 0xFE, 0x1F, 0x38, 0x77, 0x76,
  0x60, 0x00, 0x00, 0x00, 0x00, 0x00, 0x0E, 0x1E, 0x3C, 0x78, 0x78, 0x70,
  0x70, 0x70, 0x70, 0x70, 0x70, 0x70, 0x78, 0x38, 0x3C, 0x1E, 0x0E, 0x00,
  0x78, 0x7C, 0x1C, 0x1E, 0x0E, 0x0E, 0x0E, 0x0E, 0x0E, 0x0E, 0x0E, 0x0E,
  0x1E, 0x1E, 0x3C, 0x78, 0x70, 0x18, 0x5A, 0x7E, 0x7E, 0x3C, 0x7E, 0x00,
  0x00, 0x00, 0x00, 0x00, 0x00, 0x00, 0x06, 0x00, 0x60, 0x06, 0x00, 0xE0,
  0x7F, 0xE7, 0xFE, 0x06, 0x00, 0x60, 0x06, 0x00, 0x60, 0x00, 0x00, 0x73,
  0x9C, 0xC6, 0x00, 0x00, 0x3F, 0x9F, 0xC0, 0x00, 0x00, 0x00, 0x00, 0x73,
  0x9C, 0x01, 0x80, 0xE0, 0x38, 0x1C, 0x07, 0x01, 0xC0, 0xE0, 0x38, 0x1C,
  0x07, 0x01, 0xC0, 0xE0, 0x38, 0x1C, 0x07, 0x01, 0xC0, 0xE0, 0x00, 0x1F,
  0x83, 0xFC, 0x7D, 0xE7, 0x0E, 0x70, 0xE7, 0x0E, 0x70, 0xE7, 0x0E, 0x70,
  0xE7, 0x0E, 0x7D, 0xE3, 0xFC, 0x1F, 0x80, 0x07, 0x0F, 0x8F, 0xCF, 0xE7,
  0x71, 0x38, 0x1C, 0x0E, 0x07, 0x03, 0x81, 0xC0, 0xE0, 0x70, 0x1F, 0x83,
  0xFC, 0x7D, 0xE7, 0x8E, 0x70, 0xE0, 0x1E, 0x03, 0xC0, 0x7C, 0x1F, 0x83,
  0xF0, 0x7E, 0x07, 0xFE, 0x7F, 0xE0, 0x7F, 0xC7, 0xFC, 0x03, 0xC0, 0x78,
  0x0F, 0x01, 0xF8, 0x1F, 0xC0, 0x3E, 0x00, 0xE7, 0x0E, 0x7B, 0xE7, 0xFC,
  0x1F, 0x80, 0x03, 0xC0, 0x3E, 0x01, 0xF0, 0x1F, 0x81, 0xDC, 0x1C, 0xE0,
  0xE7, 0x0F, 0xFE, 0x7F, 0xF3, 0xFF, 0x80, 0x70, 0x03, 0x80, 0x1C, 0x00,
  0x3F, 0xC3, 0xFE, 0x38, 0x03, 0x80, 0x3F, 0x83, 0xFC, 0x3D, 0xE0, 0x0E,
  0x00, 0xE7, 0x8E, 0x7D, 0xE3, 0xFC, 0x1F, 0x80, 0x07, 0x80, 0x70, 0x0F,
  0x01, 0xE0, 0x3F, 0x03, 0xFC, 0x7F, 0xE7, 0x9E, 0x70, 0xE7, 0x8E, 0x7F,
  0xE3, 0xFC, 0x1F, 0x80, 0x7F, 0xCF, 0xF8, 0x0F, 0x01, 0xE0, 0x38, 0x0F,
  0x01, 0xC0, 0x78, 0x0F, 0x01, 0xC0, 0x78, 0x0E, 0x01, 0xC0, 0x1F, 0x83,
  0xFE, 0x79, 0xE7, 0x0E, 0x79, 0xE3, 0xFC, 0x3F, 0xE7, 0x9E, 0x70, 0xE7,
  0x0E, 0x7D, 0xE3, 0xFC, 0x1F, 0x80, 0x1F, 0x83, 0xFC, 0x7D, 0xE7, 0x0E,
  0x70, 0xE7, 0x9E, 0x7F, 0xE3, 0xFC, 0x0F, 0xC0, 0x78, 0x0F, 0x00, 0xE0,
  0x1E, 0x00, 0x73, 0x9C, 0x00, 0x00, 0x0E, 0x73, 0x80, 0x73, 0x9C, 0x00,
  0x01, 0xCE, 0x67, 0x38, 0x01, 0x80, 0xE0, 0xF8, 0x7C, 0x3C, 0x1E, 0x07,
  0x80, 0xF0, 0x1F, 0x03, 0xE0, 0x38, 0x06, 0x7F, 0x9F, 0xE0, 0x00, 0x00,
  0x00, 0x1F, 0xE7, 0xF8, 0x00, 0x00, 0x00, 0x40, 0x38, 0x1E, 0x07, 0x81,
  0xF0, 0x7C, 0x3E, 0x3E, 0x3C, 0x3C, 0x1C, 0x08, 0x00, 0x1F, 0x8F, 0xF9,
  0xEF, 0x78, 0xF0, 0x3C, 0x07, 0x81, 0xE0, 0x78, 0x0F, 0x00, 0x00, 0x38,
  0x07, 0x00, 0xE0, 0x00, 0x00, 0x0F, 0xF0, 0x1F, 0xF8, 0x3C, 0x3C, 0x77,
  0xEE, 0x6F, 0xE6, 0x6E, 0xE6, 0x6C, 0x66, 0x6C, 0x66, 0x6E, 0xE6, 0x67,
  0xFE, 0x77, 0xFC, 0x30, 0x00, 0x3E, 0x7C, 0x1F, 0xF8, 0x07, 0xE0, 0x0F,
  0x80, 0x7C, 0x03, 0xE0, 0x3F, 0x81, 0xDC, 0x0E, 0xE0, 0xE7, 0x87, 0x1C,
  0x7F, 0xE3, 0xFF, 0x9F, 0xFD, 0xE0, 0xEE, 0x07, 0x80, 0x7F, 0xC7, 0xFE,
  0x79, 0xE7, 0x0E, 0x70, 0xE7, 0xFC, 0x7F, 0xC7, 0x9E, 0x70, 0xE7, 0x0E,
  0x79, 0xE7, 0xFC, 0x7F, 0x80, 0x1F, 0xC1, 0xFF, 0x1F, 0x7C, 0xF1, 0xE7,
  0x07, 0x38, 0x01, 0xC0, 0x0E, 0x00, 0x70, 0x73, 0xC7, 0x9F, 0x7C, 0x7F,
  0xC1, 0xFC, 0x00, 0x7F, 0x83, 0xFF, 0x1E, 0x7C, 0xE1, 0xE7, 0x07, 0x38,
  0x39, 0xC1, 0xCE, 0x0E, 0x70, 0x73, 0x87, 0x9E, 0x7C, 0xFF, 0xC7, 0xFC,
  0x00, 0x7F, 0xEF, 0xFD, 0xE0, 0x38, 0x07, 0x00, 0xFF, 0x9F, 0xF3, 0xC0,
  0x70, 0x0E, 0x01, 0xE0, 0x3F, 0xF7, 0xFE, 0x7F, 0xCF, 0xF9, 0xE0, 0x38,
  0x07, 0x00, 0xF0, 0x1F, 0xF3, 0xFE, 0x70, 0x0E, 0x01, 0xC0, 0x38, 0x07,
  0x00, 0x0F, 0xC1, 0xFF, 0x1F, 0x7C, 0xF0, 0xE7, 0x00, 0x38, 0xF9, 0xC7,
  0xCE, 0x0E, 0x70, 0x73, 0xC7, 0x9F, 0x7C, 0x7F, 0xC1, 0xF8, 0x00, 0x70,
  0x73, 0x83, 0x9C, 0x1C, 0xE0, 0xE7, 0x07, 0x3F, 0xF9, 0xFF, 0xCF, 0xFE,
  0x70, 0x73, 0x83, 0x9C, 0x1C, 0xE0, 0xE7, 0x07, 0x00, 0x73, 0x9C, 0xE7,
  0x39, 0xCE, 0x73, 0x9C, 0xE7, 0x00, 0x3F, 0xE3, 0xFE, 0x00, 0xE0, 0x0E,
  0x00, 0xE0, 0x0E, 0x00, 0xE0, 0x0E, 0x70, 0xE7, 0x8E, 0x7D, 0xE3, 0xFC,
  0x1F, 0x80, 0x71, 0xE7, 0x3E, 0x73, 0xC7, 0x78, 0x7F, 0x07, 0xE0, 0x7E,
  0x07, 0xF0, 0x7F, 0x87, 0x78, 0x73, 0xC7, 0x1E, 0x70, 0xF0, 0x70, 0x0E,
  0x01, 0xC0, 0x38, 0x07, 0x00, 0xE0, 0x1C, 0x03, 0x80, 0x70, 0x0E, 0x01,
  0xFF, 0x3F, 0xE7, 0xFC, 0x70, 0x39, 0xE1, 0xE7, 0x87, 0x9F, 0x3E, 0x7C,
  0xF9, 0xFF, 0xE7, 0xFF, 0x9D, 0xEE, 0x77, 0xB9, 0xCC, 0xE7, 0x03, 0x9C,
  0x0E, 0x70, 0x38, 0x70, 0xE7, 0x8E, 0x78, 0xE7, 0xCE, 0x7C, 0xE7, 0xEE,
  0x7F, 0xE7, 0x7E, 0x73, 0xE7, 0x3E, 0x71, 0xE7, 0x0E, 0x70, 0xE0, 0x0F,
  0x81, 0xFF, 0x1F, 0x7C, 0xF1, 0xE7, 0x07, 0x38, 0x39, 0xC1, 0xCE, 0x0E,
  0x70, 0x73, 0xC7, 0x9F, 0x7C, 0x7F, 0xC1, 0xFC, 0x00, 0x7F, 0x87, 0xFC,
  0x79, 0xE7, 0x0E, 0x70, 0xE7, 0x1E, 0x7F, 0xE7, 0xFC, 0x78, 0x07, 0x00,
  0x70, 0x07, 0x00, 0x70, 0x00, 0x0F, 0x81, 0xFF, 0x1F, 0x7C, 0xF1, 0xE7,
  0x07, 0x38, 0x39, 0xC1, 0xCE, 0x0E, 0x70, 0x73, 0xC7, 0x9F, 0x7C, 0x7F,
  0xC1, 0xFF, 0x00, 0x38, 0x7F, 0x87, 0xFC, 0x79, 0xE7, 0x0E, 0x70, 0xE7,
  0x1E, 0x7F, 0xE7, 0xFC, 0x7B, 0xC7, 0x3C, 0x71, 0xE7, 0x1E, 0x70, 0xF0,
  0x1F, 0x83, 0xFC, 0x7B, 0xE7, 0x0E, 0x78, 0x07, 0xF8, 0x3F, 0xC0, 0xFE,
  0x01, 0xE7, 0x0E, 0x79, 0xE7, 0xFC, 0x1F, 0x80, 0x7F, 0xF3, 0xFF, 0x9F,
  0xFC, 0x0E, 0x00, 0x70, 0x03, 0x80, 0x1C, 0x00, 0xE0, 0x07, 0x00, 0x38,
  0x01, 0xC0, 0x0E, 0x00, 0x70, 0x00, 0x70, 0x73, 0x83, 0x9C, 0x1C, 0xE0,
  0xE7, 0x07, 0x38, 0x39, 0xC1, 0xCE, 0x0E, 0x70, 0x73, 0xC7, 0x9F, 0x7C,
  0x7F, 0xC1, 0xFC, 0x00, 0xF0, 0x73, 0x87, 0x9C, 0x3C, 0xF1, 0xC3, 0x9E,
  0x1C, 0xF0, 0xF7, 0x07, 0xB8, 0x1F, 0xC0, 0xFC, 0x07, 0xE0, 0x1F, 0x00,
  0xF0, 0x00, 0x70, 0x1E, 0xE0, 0x3D, 0xE0, 0x7B, 0xDC, 0xE3, 0xBD, 0xC7,
  0x7B, 0x8F, 0xFF, 0x1F, 0xFE, 0x3F, 0xFC, 0x7C, 0xF0, 0x79, 0xE0, 0xF3,
  0xC1, 0xC3, 0x80, 0xF0, 0xF3, 0xC7, 0x0F, 0x78, 0x7F, 0x81, 0xFC, 0x07,
  0xC0, 0x3E, 0x03, 0xF0, 0x1F, 0xC1, 0xFE, 0x1E, 0x78, 0xF1, 0xEF, 0x0F,
  0x00, 0x70, 0x73, 0xC7, 0x8E, 0x38, 0x7B, 0xC1, 0xDC, 0x0F, 0xE0, 0x3E,
  0x01, 0xF0, 0x07, 0x00, 0x38, 0x01, 0xC0, 0x0E, 0x00, 0x70, 0x00, 0x7F,
  0xE7, 0xFE, 0x03, 0xE0, 0x3E, 0x07, 0xC0, 0xF8, 0x0F, 0x01, 0xF0, 0x3E,
  0x07, 0xC0, 0x7C, 0x07, 0xFE, 0x7F, 0xE0, 0x00, 0xFD, 0xFB, 0x87, 0x0E,
  0x1C, 0x38, 0x70, 0xE1, 0xC3, 0x87, 0x0E, 0x1C, 0x3C, 0x7E, 0xFC, 0x60,
  0x38, 0x07, 0x01, 0xC0, 0x38, 0x0E, 0x03, 0x80, 0x70, 0x1C, 0x03, 0x80,
  0xE0, 0x38, 0x07, 0x01, 0xC0, 0x38, 0x0E, 0x03, 0x80, 0x01, 0xFB, 0xF0,
  0xE1, 0xC3, 0x87, 0x0E, 0x1C, 0x38, 0x70, 0xE1, 0xC3, 0x87, 0x0E, 0xFD,
  0xF8, 0x1C, 0x3E, 0x66, 0x00, 0x00, 0x00, 0x00, 0x00, 0x00, 0x00, 0x00,
  0x00, 0x00, 0x00, 0x00, 0x01, 0xFF, 0xE7, 0xFF, 0x80, 0x78, 0x70, 0x70,
  0x00, 0x00, 0x00, 0x00, 0x00, 0x00, 0x00, 0x00, 0x00, 0x00, 0x1F, 0x87,
  0xF8, 0xEF, 0x00, 0xE1, 0xFC, 0x7F, 0x9C, 0x73, 0xDE, 0x7F, 0xC7, 0xB8,
  0x70, 0x0E, 0x01, 0xC0, 0x3F, 0xC7, 0xFC, 0xF7, 0x9C, 0x73, 0x8E, 0x71,
  0xCE, 0x39, 0xEF, 0x3F, 0xE7, 0x78, 0x1F, 0x07, 0xF9, 0xEF, 0x38, 0xE7,
  0x00, 0xE0, 0x1C, 0x73, 0xDE, 0x3F, 0xC3, 0xE0, 0x00, 0xE0, 0x0E, 0x00,
  0xE1, 0xFE, 0x3F, 0xE7, 0xBE, 0x70, 0xE7, 0x0E, 0x70, 0xE7, 0x0E, 0x7B,
  0xE3, 0xFE, 0x1E, 0xE0, 0x1F, 0x07, 0xF1, 0xEF, 0x3C, 0xE7, 0xFC, 0xFF,
  0x9C, 0x03, 0xDE, 0x3F, 0x83, 0xE0, 0x0F, 0x87, 0xE1, 0xE0, 0x70, 0x7F,
  0x9F, 0xE3, 0xC0, 0x70, 0x1C, 0x07, 0x01, 0xC0, 0x70, 0x1C, 0x07, 0x00,
  0x1E, 0xE3, 0xFE, 0x7B, 0xE7, 0x0E, 0x70, 0xE7, 0x0E, 0x70, 0xE7, 0xBE,
  0x3F, 0xE1, 0xFE, 0x00, 0xE7, 0x9E, 0x3F, 0xC1, 0xF8, 0x00, 0x00, 0x70,
  0x07, 0x00, 0x70, 0x07, 0x78, 0x7F, 0xC7, 0xDE, 0x70, 0xE7, 0x0E, 0x70,
  0xE7, 0x0E, 0x70, 0xE7, 0x0E, 0x70, 0xE0, 0x73, 0x80, 0x07, 0x39, 0xCE,
  0x73, 0x9C, 0xE7, 0x38, 0x00, 0xE3, 0x80, 0x38, 0xE3, 0x8E, 0x38, 0xE3,
  0x8E, 0x38, 0xE3, 0xBE, 0xFB, 0xC0, 0x70, 0x0E, 0x01, 0xC0, 0x39, 0xE7,
  0x38, 0xFF, 0x1F, 0xC3, 0xF0, 0x7F, 0x0F, 0xE1, 0xDE, 0x39, 0xE7, 0x1E,
  0x73, 0x9C, 0xE7, 0x39, 0xCE, 0x73, 0x9C, 0xE7, 0x00, 0x77, 0xBC, 0x3F,
  0xFF, 0x1E, 0xFB, 0xCE, 0x39, 0xE7, 0x1C, 0x73, 0x8E, 0x39, 0xC7, 0x1C,
  0xE3, 0x8E, 0x71, 0xC7, 0x38, 0xE3, 0x80, 0x77, 0x8F, 0xF9, 0xEF, 0x38,
  0xE7, 0x1C, 0xE3, 0x9C, 0x73, 0x8E, 0x71, 0xCE, 0x38, 0x1F, 0x07, 0xF1,
  0xEF, 0x38, 0xE7, 0x1C, 0xE3, 0x9C, 0x73, 0xDE, 0x3F, 0x83, 0xE0, 0x77,
  0x8F, 0xF9, 0xEF, 0x38, 0xE7, 0x1C, 0xE3, 0x9C, 0x73, 0xDE, 0x7F, 0xCF,
  0xF1, 0xC0, 0x38, 0x07, 0x00, 0xE0, 0x00, 0x1E, 0xE3, 0xFE, 0x7B, 0xE7,
  0x0E, 0x70, 0xE7, 0x0E, 0x70, 0xE7, 0xBE, 0x3F, 0xE1, 0xFE, 0x00, 0xE0,
  0x0E, 0x00, 0xE0, 0x0E, 0x7F, 0x3F, 0x9E, 0x0E, 0x07, 0x03, 0x81, 0xC0,
  0xE0, 0x70, 0x38, 0x00, 0x1F, 0x0F, 0xF1, 0xEF, 0x3C, 0x03, 0xF0, 0x3F,
  0x80, 0xF3, 0xDE, 0x7F, 0xC7, 0xE0, 0x1C, 0x07, 0x01, 0xC1, 0xFE, 0x7F,
  0x8F, 0x01, 0xC0, 0x70, 0x1C, 0x07, 0x01, 0xF8, 0x7E, 0x0F, 0x80, 0x71,
  0xCE, 0x39, 0xC7, 0x38, 0xE7, 0x1C, 0xE3, 0x9C, 0x73, 0xFE, 0x3F, 0xC7,
  0xB8, 0xE1, 0xCE, 0x39, 0xC7, 0x3D, 0xC3, 0xB8, 0x7F, 0x07, 0xC0, 0xF8,
  0x1E, 0x01, 0xC0, 0xE3, 0x8E, 0xE7, 0x39, 0xCE, 0x73, 0xBE, 0xE7, 0xFD,
  0xC7, 0xDF, 0x0F, 0xBE, 0x1F, 0x7C, 0x1C, 0x70, 0x38, 0xE0, 0x71, 0xCF,
  0x78, 0xFE, 0x1F, 0x81, 0xF0, 0x3E, 0x0F, 0xC3, 0xFC, 0x73, 0xDE, 0x38,
  0xE1, 0xEE, 0x39, 0xC7, 0x3D, 0xC3, 0xB8, 0x7F, 0x07, 0xC0, 0xF8, 0x1E,
  0x01, 0xC0, 0x78, 0x0E, 0x01, 0xC0, 0x70, 0x00, 0x7F, 0x8F, 0xF0, 0x1E,
  0x07, 0x81, 0xE0, 0x3C, 0x0F, 0x03, 0xE0, 0x7F, 0xCF, 0xF8, 0x00, 0x0F,
  0x1F, 0x3C, 0x38, 0x38, 0x38, 0x38, 0x78, 0xF0, 0x78, 0x38, 0x38, 0x38,
  0x3C, 0x3E, 0x1F, 0x0F, 0x73, 0x9C, 0xE7, 0x39, 0xCE, 0x73, 0x9C, 0xE7,
  0x39, 0xCE, 0x73, 0x9C, 0xE7, 0x00, 0x40, 0xF0, 0xF8, 0x3C, 0x1C, 0x1C,
  0x1C, 0x1E, 0x1E, 0x0F, 0x1E, 0x1C, 0x1C, 0x1C, 0x1C, 0x7C, 0xF8, 0xF0,
  0x7D, 0x9F, 0xE6, 0xF8, 0x00, 0x00, 0x00, 0x00, 0x00,
};

const GFXglyph RubikBold18Glyphs[] PROGMEM = {
  {     0,   0,   0,   4,    0,    0 },
  {     0,   5,  13,   5,    0,  -13 },
  {     9,   8,  13,   8,    0,  -13 },
  {    22,  13,  13,  13,    0,  -13 },
  {    44,  12,  17,  12,    0,  -15 },
  {    70,  15,  13,  15,    0,  -13 },
  {    95,  14,  13,  14,    0,  -13 },
  {   118,   4,  13,   4,    0,  -13 },
  {   125,   8,  18,   8,    0,  -15 },
  {   143,   8,  18,   8,    0,  -15 },
  {   161,   8,  13,   8,    0,  -13 },
  {   174,  12,  11,  12,    0,  -11 },
  {   191,   5,   5,   5,    0,   -4 },
  {   195,   9,   7,   9,    0,   -7 },
  {   203,   5,   3,   5,    0,   -3 },
  {   205,  10,  17,  10,    0,  -15 },
  {   227,  12,  13,  12,    0,  -13 },
  {   247,   9,  13,   9,    0,  -13 },
  {   262,  12,  13,  12,    0,  -13 },
  {   282,  12,  13,  12,    0,  -13 },
  {   302,  13,  13,  13,    0,  -13 },
  {   324,  12,  13,  12,    0,  -13 },
  {   344,  12,  13,  12,    0,  -13 },
  {   364,  11,  13,  11,    0,  -13 },
  {   382,  12,  13,  12,    0,  -13 },
  {   402,  12,  13,  12,    0,  -13 },
  {   422,   5,  10,   5,    0,  -10 },
  {   429,   5,  11,   5,    0,  -10 },
  {   436,  10,  12,  10,    0,  -12 },
  {   451,  10,   9,  10,    0,   -9 },
  {   463,   9,  12,   9,    0,  -12 },
  {   477,  11,  13,  11,    0,  -13 },
  {   495,  16,  16,  16,    0,  -14 },
  {   527,  13,  13,  13,    0,  -13 },
  {   549,  12,  13,  12,    0,  -13 },
  {   569,  13,  13,  13,    0,  -13 },
  {   591,  13,  13,  13,    0,  -13 },
  {   613,  11,  13,  11,    0,  -13 },
  {   631,  11,  13,  11,    0,  -13 },
  {   649,  13,  13,  13,    0,  -13 },
  {   671,  13,  13,  13,    0,  -13 },
  {   693,   5,  13,   5,    0,  -13 },
  {   702,  12,  13,  12,    0,  -13 },
  {   722,  12,  13,  12,    0,  -13 },
  {   742,  11,  13,  11,    0,  -13 },
  {   760,  14,  13,  14,    0,  -13 },
  {   783,  12,  13,  12,    0,  -13 },
  {   803,  13,  13,  13,    0,  -13 },
  {   825,  12,  13,  12,    0,  -13 },
  {   845,  13,  14,  13,    0,  -13 },
  {   868,  12,  13,  12,    0,  -13 },
  {   888,  12,  13,  12,    0,  -13 },
  {   908,  13,  13,  13,    0,  -13 },
  {   930,  13,  13,  13,    0,  -13 },
  {   952,  13,  13,  12,    0,  -13 },
  {   974,  15,  13,  15,    0,  -13 },
  {   999,  13,  13,  12,    0,  -13 },
  {  1021,  13,  13,  12,   -1,  -13 },
  {  1043,  12,  13,  12,    0,  -13 },
  {  1063,   7,  18,   7,    0,  -15 },
  {  1079,  10,  17,  10,    0,  -15 },
  {  1101,   7,  18,   7,    0,  -15 },
  {  1117,   8,  14,   8,    0,  -14 },
  {  1131,  14,   3,  14,    0,   -2 },
  {  1137,   7,  14,   7,    0,  -14 },
  {  1150,  11,  10,  11,    0,  -10 },
  {  1164,  11,  13,  11,    0,  -13 },
  {  1182,  11,  10,  11,    0,  -10 },
  {  1196,  12,  13,  12,    0,  -13 },
  {  1216,  11,  10,  11,    0,  -10 },
  {  1230,  10,  14,  10,    0,  -14 },
  {  1248,  12,  15,  12,    0,  -10 },
  {  1271,  12,  13,  12,    0,  -13 },
  {  1291,   5,  14,   5,    0,  -14 },
  {  1300,   6,  18,   5,   -1,  -14 },
  {  1314,  11,  13,  11,    0,  -13 },
  {  1332,   5,  13,   5,    0,  -13 },
  {  1341,  17,  10,  17,    0,  -10 },
  {  1363,  11,  10,  11,    0,  -10 },
  {  1377,  11,  10,  11,    0,  -10 },
  {  1391,  11,  14,  11,    0,  -10 },
  {  1411,  12,  14,  12,    0,  -10 },
  {  1432,   9,  10,   9,    0,  -10 },
  {  1444,  11,  10,  11,    0,  -10 },
  {  1458,  10,  13,  10,    0,  -13 },
  {  1475,  11,  10,  11,    0,  -10 },
  {  1489,  11,  10,  11,    0,  -10 },
  {  1503,  15,  10,  15,    0,  -10 },
  {  1522,  11,  10,  11,    0,  -10 },
  {  1536,  11,  14,  11,    0,  -10 },
  {  1556,  11,  10,  11,    0,  -10 },
  {  1570,   8,  18,   8,    0,  -15 },
  {  1588,   5,  21,   5,    0,  -17 },
  {  1602,   8,  18,   8,    0,  -15 },
  {  1620,  10,   7,  10,    0,   -7 },
};

const GFXfont RubikBold18 PROGMEM = {
  (uint8_t *)RubikBold18Bitmaps,
  (GFXglyph *)RubikBold18Glyphs,
  32, 126, 22
};

const uint8_t RubikBold20Bitmaps[] PROGMEM = {
  0x79, 0xE7, 0x9E, 0x79, 0xE7, 0x9E, 0x79, 0xE0, 0x1E, 0x79, 0xE7, 0x80,
  0x77, 0x3B, 0x9D, 0xCE, 0xE7, 0x70, 0x00, 0x00, 0x00, 0x00, 0x00, 0x00,
  0x00, 0x00, 0x00, 0x00, 0x00, 0x04, 0x60, 0x39, 0x80, 0xEE, 0x0F, 0xFE,
  0x3F, 0xF8, 0xFF, 0xE0, 0xCC, 0x03, 0x30, 0x7F, 0xF1, 0xFF, 0xC7, 0xFF,
  0x07, 0x70, 0x19, 0xC0, 0x00, 0x00, 0x07, 0x00, 0x38, 0x07, 0xF0, 0x7F,
  0xC7, 0xFF, 0x3C, 0x79, 0xE1, 0xCF, 0x80, 0x7F, 0x81, 0xFF, 0x03, 0xFC,
  0x01, 0xF7, 0x07, 0xFC, 0x7D, 0xFF, 0xC7, 0xFC, 0x1F, 0xC0, 0x38, 0x01,
  0xC0, 0x3C, 0x0E, 0x3F, 0x0E, 0x19, 0x87, 0x0C, 0xC7, 0x06, 0x67, 0x03,
  0x37, 0x01, 0xFB, 0x80, 0x7B, 0x80, 0x03, 0x9E, 0x03, 0xDF, 0x81, 0xCC,
  0xC1, 0xC6, 0x61, 0xC3, 0x30, 0xE1, 0xF8, 0xE0, 0x78, 0x0F, 0x80, 0x3F,
  0x80, 0xFF, 0x81, 0xE7, 0x03, 0xCE, 0x03, 0xF8, 0x07, 0xE0, 0x1F, 0xCE,
  0x3F, 0x9C, 0xF7, 0xF9, 0xE7, 0xE3, 0xC7, 0xC7, 0xFF, 0x87, 0xFF, 0x87,
  0xE7, 0x80, 0x73, 0x9C, 0xE7, 0x00, 0x00, 0x00, 0x00, 0x00, 0x00, 0x00,
  0x0F, 0x1F, 0x3E, 0x3C, 0x78, 0x78, 0x78, 0x78, 0x78, 0x78, 0x78, 0x78,
  0x78, 0x78, 0x78, 0x3C, 0x3E, 0x1F, 0x0F, 0xF0, 0xF8, 0x7C, 0x1E, 0x1E,
  0x0E, 0x0E, 0x0F, 0x0F, 0x0F, 0x0F, 0x0F, 0x0E, 0x0E, 0x1E, 0x1E, 0x7C,
  0xF8, 0xF0, 0x1C, 0x2F, 0x1F, 0xCF, 0xE3, 0xE3, 0xF0, 0xD8, 0x00, 0x00,
  0x00, 0x00, 0x00, 0x00, 0x00, 0x00, 0x00, 0x07, 0x00, 0x38, 0x01, 0xC0,
  0x0E, 0x07, 0xFF, 0x3F, 0xF9, 0xFF, 0xC0, 0xE0, 0x07, 0x00, 0x38, 0x01,
  0xC0, 0x00, 0x00, 0x79, 0xC7, 0x1C, 0x60, 0x7F, 0x3F, 0x9F, 0xC0, 0x00,
  0x00, 0x00, 0x00, 0x00, 0x79, 0xE7, 0x9E, 0x01, 0xC0, 0x38, 0x0F, 0x01,
  0xC0, 0x38, 0x0E, 0x01, 0xC0, 0x78, 0x0E, 0x01, 0xC0, 0x70, 0x0E, 0x03,
  0xC0, 0x70, 0x0E, 0x03, 0x80, 0x70, 0x1C, 0x00, 0x0F, 0xC0, 0xFF, 0x83,
  0xFF, 0x1E, 0x3C, 0x78, 0x79, 0xE1, 0xE7, 0x87, 0x9E, 0x1E, 0x78, 0x79,
  0xE1, 0xE7, 0x87, 0x9E, 0x3C, 0x3F, 0xF0, 0xFF, 0x80, 0xFC, 0x00, 0x07,
  0x87, 0xE3, 0xF9, 0xFE, 0xFF, 0x9D, 0xE0, 0x78, 0x1E, 0x07, 0x81, 0xE0,
  0x78, 0x1E, 0x07, 0x81, 0xE0, 0x78, 0x0F, 0xC1, 0xFF, 0x0F, 0xFC, 0xF1,
  0xE7, 0x8F, 0x00, 0x78, 0x07, 0xC0, 0x7C, 0x07, 0xE0, 0x7E, 0x07, 0xE0,
  0x7E, 0x07, 0xFF, 0x3F, 0xF9, 0xFF, 0xC0, 0x3F, 0xF0, 0xFF, 0xC3, 0xFF,
  0x00, 0x78, 0x03, 0xC0, 0x1F, 0x00, 0xFE, 0x03, 0xFC, 0x07, 0xF8, 0x01,
  0xE0, 0x07, 0x9E, 0x1E, 0x7F, 0xF0, 0xFF, 0xC0, 0xFC, 0x00, 0x01, 0xE0,
  0x0F, 0x80, 0x7E, 0x01, 0xF8, 0x0F, 0xE0, 0x7F, 0x81, 0xDE, 0x0F, 0x78,
  0x79, 0xE1, 0xFF, 0xE7, 0xFF, 0x9F, 0xFE, 0x01, 0xE0, 0x07, 0x80, 0x1E,
  0x00, 0x3F, 0xF1, 0xFF, 0x8F, 0xF8, 0x70, 0x03, 0x80, 0x1F, 0xE0, 0xFF,
  0x87, 0xFE, 0x38, 0xF0, 0x03, 0xDE, 0x1E, 0xF1, 0xE7, 0xFF, 0x1F, 0xF0,
  0x3F, 0x00, 0x03, 0xC0, 0x3C, 0x01, 0xE0, 0x1E, 0x01, 0xF8, 0x1F, 0xF0,
  0xFF, 0xCF, 0x9E, 0x78, 0x7B, 0xC3, 0xDE, 0x1E, 0xF9, 0xE3, 0xFF, 0x1F,
  0xF0, 0x3F, 0x00, 0x7F, 0xE7, 0xFE, 0x7F, 0xE0, 0x1E, 0x03, 0xC0, 0x3C,
  0x03, 0xC0, 0x78, 0x07, 0x80, 0xF0, 0x0F, 0x00, 0xF0, 0x1E, 0x01, 0xE0,
  0x1C, 0x00, 0x0F, 0xC1, 0xFF, 0x8F, 0xFC, 0xF0, 0xF7, 0x87, 0x9E, 0x78,
  0xFF, 0xC7, 0xFE, 0x7F, 0xF3, 0xC3, 0xDE, 0x1E, 0xF0, 0xE7, 0xFF, 0x1F,
  0xF0, 0x3F, 0x00, 0x0F, 0xC0, 0xFF, 0x0F, 0xFC, 0xF1, 0xE7, 0x87, 0xBC,
  0x3D, 0xE1, 0xCF, 0x9E, 0x3F, 0xE0, 0xFF, 0x01, 0xF0, 0x0F, 0x00, 0x78,
  0x07, 0x80, 0x78, 0x00, 0x79, 0xE7, 0x9E, 0x00, 0x00, 0x1E, 0x79, 0xE7,
  0x80, 0x79, 0xE7, 0x9E, 0x00, 0x00, 0x00, 0x71, 0xC7, 0x38, 0xE0, 0x00,
  0xC0, 0x38, 0x1F, 0x07, 0xC3, 0xF0, 0xF8, 0x1E, 0x03, 0xE0, 0x3F, 0x01,
  0xF0, 0x1F, 0x00, 0xE0, 0x0C, 0x7F, 0xCF, 0xF9, 0xFF, 0x00, 0x00, 0x00,
  0xFF, 0x9F, 0xF3, 0xFE, 0x00, 0x00, 0x00, 0x40, 0x1C, 0x07, 0x81, 0xF8,
  0x1F, 0x03, 0xE0, 0x7C, 0x3E, 0x1F, 0x1F, 0x87, 0x81, 0xC0, 0x40, 0x00,
  0x1F, 0x83, 0xFC, 0x7F, 0xEF, 0x1E, 0x71, 0xE0, 0x1E, 0x03, 0xC0, 0x7C,
  0x0F, 0x80, 0xF0, 0x0F, 0x00, 0x00, 0x0F, 0x00, 0xF0, 0x0F, 0x00, 0x07,
  0xF0, 0x07, 0xFE, 0x07, 0xFF, 0x87, 0x01, 0xC7, 0x3F, 0x73, 0x9F, 0x99,
  0x9F, 0xCC, 0xCC, 0x66, 0x66, 0x33, 0x33, 0x19, 0x99, 0xFF, 0xCE, 0x7F,
  0xE7, 0x3D, 0xE1, 0xC0, 0x30, 0xFF, 0xF8, 0x3F, 0xF8, 0x07, 0xF0, 0x00,
  0x07, 0x80, 0x1F, 0x80, 0x3F, 0x00, 0x7F, 0x01, 0xFE, 0x03, 0xDC, 0x07,
  0x3C, 0x1E, 0x78, 0x3C, 0x70, 0x7F, 0xF1, 0xFF, 0xE3, 0xFF, 0xC7, 0x03,
  0xDE, 0x07, 0xBC, 0x07, 0x00, 0x7F, 0xC3, 0xFF, 0x9F, 0xFC, 0xF0, 0xF7,
  0x87, 0xBC, 0x39, 0xFF, 0xCF, 0xFC, 0x7F, 0xF3, 0xC7, 0x9E, 0x1E, 0xF0,
  0xF7, 0xFF, 0x3F, 0xF9, 0xFF, 0x00, 0x0F, 0xE0, 0x7F, 0xC3, 0xFF, 0x9E,
  0x1E, 0x78, 0x7D, 0xE0, 0x07, 0x80, 0x1E, 0x00, 0x78, 0x01, 0xE0, 0x07,
  0x87, 0xDE, 0x1E, 0x3F, 0xF8, 0x7F, 0xC0, 0xFE, 0x00, 0x7F, 0xC1, 0xFF,
  0x87, 0xFF, 0x1E, 0x1E, 0x78, 0x79, 0xE1, 0xE7, 0x87, 0x9E, 0x1E, 0x78,
  0x79, 0xE1, 0xE7, 0x87, 0x9E, 0x1E, 0x7F, 0xF1, 0xFF, 0xC7, 0xFC, 0x00,
  0x7F, 0xF3, 0xFF, 0x9F, 0xF8, 0xF0, 0x07, 0x80, 0x3C, 0x01, 0xFF, 0x8F,
  0xFC, 0x7F, 0xE3, 0xC0, 0x1E, 0x00, 0xF0, 0x07, 0xFE, 0x3F, 0xF9, 0xFF,
  0xC0, 0x7F, 0xE7, 0xFE, 0x7F, 0xE7, 0x80, 0x78, 0x07, 0x80, 0x78, 0x07,
  0xFE, 0x7F, 0xE7, 0xFE, 0x78, 0x07, 0x80, 0x78, 0x07, 0x80, 0x78, 0x00,
  0x0F, 0xE0, 0x7F, 0xC3, 0xFF, 0x9E, 0x1F, 0x78, 0x39, 0xE0, 0x07, 0x8F,
  0x9E, 0x7F, 0x79, 0xFD, 0xE0, 0xF7, 0x83, 0xDE, 0x1E, 0x3F, 0xF8, 0xFF,
  0xC0, 0xFC, 0x00, 0x78, 0x79, 0xE1, 0xE7, 0x87, 0x9E, 0x1E, 0x78, 0x79,
  0xE1, 0xE7, 0xFF, 0x9F, 0xFE, 0x7F, 0xF9, 0xE1, 0xE7, 0x87, 0x9E, 0x1E,
  0x78, 0x79, 0xE1, 0xE7, 0x87, 0x80, 0x79, 0xE7, 0x9E, 0x79, 0xE7, 0x9E,
  0x79, 0xE7, 0x9E, 0x79, 0xE7, 0x80, 0x3F, 0xF8, 0xFF, 0xE3, 0xFF, 0x80,
  0x1E, 0x00, 0x78, 0x01, 0xE0, 0x07, 0x80, 0x1E, 0x00, 0x78, 0x01, 0xE7,
  0x87, 0x9E, 0x3C, 0x7F, 0xF0, 0xFF, 0x80, 0xFC, 0x00, 0x78, 0xF3, 0xCF,
  0x9E, 0xF8, 0xF7, 0x87, 0xFC, 0x3F, 0xC1, 0xFC, 0x0F, 0xE0, 0x7F, 0x83,
  0xFC, 0x1F, 0xF0, 0xF7, 0xC7, 0x9E, 0x3C, 0x79, 0xE3, 0xE0, 0x78, 0x07,
  0x80, 0x78, 0x07, 0x80, 0x78, 0x07, 0x80, 0x78, 0x07, 0x80, 0x78, 0x07,
  0x80, 0x78, 0x07, 0x80, 0x7F, 0xE7, 0xFE, 0x7F, 0xE0, 0x78, 0x1E, 0x78,
  0x1E, 0x7C, 0x3E, 0x7C, 0x3E, 0x7E, 0x7E, 0x7E, 0x7E, 0x7F, 0xFE, 0x7F,
  0xFE, 0x7F, 0xFE, 0x7B, 0xDE, 0x7B, 0xDE, 0x79, 0x9E, 0x78, 0x1E, 0x78,
  0x1E, 0x78, 0x1E, 0x70, 0x79, 0xE1, 0xE7, 0xC7, 0x9F, 0x1E, 0x7E, 0x79,
  0xF9, 0xE7, 0xF7, 0x9F, 0xDE, 0x7F, 0xF9, 0xEF, 0xE7, 0x9F, 0x9E, 0x7E,
  0x78, 0xF9, 0xE3, 0xE7, 0x87, 0x80, 0x0F, 0xC0, 0x7F, 0x83, 0xFF, 0x1E,
  0x1E, 0x78, 0x79, 0xE1, 0xE7, 0x87, 0x9E, 0x1E, 0x78, 0x79, 0xE1, 0xE7,
  0x87, 0x9E, 0x1E, 0x3F, 0xF0, 0xFF, 0xC0, 0xFC, 0x00, 0x7F, 0xC3, 0xFF,
  0x1F, 0xFC, 0xF0, 0xE7, 0x87, 0xBC, 0x3D, 0xE3, 0xCF, 0xFE, 0x7F, 0xE3,
  0xFC, 0x1E, 0x00, 0xF0, 0x07, 0x80, 0x3C, 0x01, 0xE0, 0x00, 0x0F, 0xC0,
  0x7F, 0x83, 0xFF, 0x1E, 0x1E, 0x78, 0x79, 0xE1, 0xE7, 0x87, 0x9E, 0x1E,
  0x78, 0x79, 0xE1, 0xE7, 0x87, 0x9E, 0x1E, 0x3F, 0xF8, 0xFF, 0xC0, 0xFF,
  0x80, 0x1E, 0x7F, 0xC3, 0xFF, 0x1F, 0xFC, 0xF0, 0xE7, 0x87, 0xBC, 0x3D,
  0xE3, 0xCF, 0xFE, 0x7F, 0xE3, 0xFF, 0x1E, 0x78, 0xF1, 0xE7, 0x8F, 0x3C,
  0x7D, 0xE1, 0xE0, 0x0F, 0xC1, 0xFF, 0x1F, 0xFC, 0xF1, 0xE7, 0x80, 0x3F,
  0x01, 0xFF, 0x07, 0xFE, 0x1F, 0xF0, 0x0F, 0xC0, 0x1F, 0xF0, 0xE7, 0xFF,
  0x3F, 0xF0, 0x7F, 0x00, 0x7F, 0xF9, 0xFF, 0xE7, 0xFF, 0x81, 0xE0, 0x07,
  0x80, 0x1E, 0x00, 0x78, 0x01, 0xE0, 0x07, 0x80, 0x1E, 0x00, 0x78, 0x01,
  0xE0, 0x07, 0x80, 0x1E, 0x00, 0x78, 0x00, 0x78, 0x79, 0xE1, 0xE7, 0x87,
  0x9E, 0x1E, 0x78, 0x79, 0xE1, 0xE7, 0x87, 0x9E, 0x1E, 0x78, 0x79, 0xE1,
  0xE7, 0x87, 0x9E, 0x1E, 0x3F, 0xF0, 0xFF, 0xC0, 0xFC, 0x00, 0xF0, 0x39,
  0xC1, 0xE7, 0x87, 0x9E, 0x1E, 0x38, 0x70, 0xF3, 0xC3, 0xCF, 0x0F, 0x38,
  0x1F, 0xE0, 0x7F, 0x81, 0xFE, 0x03, 0xF0, 0x0F, 0xC0, 0x3F, 0x00, 0x78,
  0x00, 0x78, 0x07, 0x3C, 0x07, 0x9E, 0x03, 0xCF, 0x39, 0xE7, 0x9C, 0xF1,
  0xCF, 0x78, 0xFF, 0xB8, 0x7F, 0xFC, 0x3F, 0xFE, 0x1F, 0xBF, 0x0F, 0xDF,
  0x83, 0xE7, 0xC1, 0xE3, 0xE0, 0xF1, 0xE0, 0x78, 0x70, 0x78, 0x79, 0xE1,
  0xE3, 0xCF, 0x0F, 0xFC, 0x1F, 0xE0, 0x7F, 0x00, 0xFC, 0x03, 0xE0, 0x0F,
  0xC0, 0x7F, 0x81, 0xFE, 0x0F, 0x7C, 0x7C, 0xF9, 0xE1, 0xEF, 0x07, 0xC0,
  0xF0, 0x79, 0xE1, 0xE7, 0x8F, 0x0F, 0x3C, 0x3D, 0xE0, 0x7F, 0x81, 0xFC,
  0x03, 0xF0, 0x0F, 0x80, 0x1E, 0x00, 0x78, 0x01, 0xE0, 0x07, 0x80, 0x1E,
  0x00, 0x78, 0x00, 0x7F, 0xF3, 0xFF, 0x9F, 0xFC, 0x03, 0xE0, 0x3E, 0x03,
  0xF0, 0x1F, 0x01, 0xF0, 0x1F, 0x00, 0xF8, 0x0F, 0x80, 0xF8, 0x07, 0xFF,
  0x3F, 0xF9, 0xFF, 0xC0, 0x7E, 0x7E, 0x7E, 0x78, 0x78, 0x78, 0x78, 0x78,
  0x78, 0x78, 0x78, 0x78, 0x78, 0x78, 0x78, 0x78, 0x7E, 0x7E, 0x7E, 0xE0,
  0x0E, 0x01, 0xC0, 0x1C, 0x03, 0x80, 0x78, 0x07, 0x00, 0xE0, 0x0E, 0x01,
  0xC0, 0x3C, 0x03, 0x80, 0x70, 0x07, 0x00, 0xE0, 0x1E, 0x01, 0xC0, 0x38,
  0x7F, 0x3F, 0x9F, 0xC1, 0xE0, 0xF0, 0x78, 0x3C, 0x1E, 0x0F, 0x07, 0x83,
  0xC1, 0xE0, 0xF0, 0x78, 0x3C, 0x1E, 0x7F, 0x3F, 0x9F, 0xC0, 0x1C, 0x1F,
  0x1D, 0xC0, 0x00, 0x00, 0x00, 0x00, 0x00, 0x00, 0x00, 0x00, 0x00, 0x00,
  0x00, 0x00, 0x00, 0x7F, 0xFC, 0xFF, 0xF9, 0xFF, 0xF0, 0x78, 0x3C, 0x1E,
  0x00, 0x00, 0x00, 0x00, 0x00, 0x00, 0x00, 0x00, 0x00, 0x00, 0x00, 0x00,
  0x0F, 0x83, 0xFC, 0x3F, 0xE3, 0x9E, 0x07, 0xE3, 0xFE, 0x7D, 0xE7, 0x9E,
  0x7F, 0xE7, 0xFE, 0x3E, 0xE0, 0x78, 0x07, 0x80, 0x78, 0x07, 0x80, 0x7F,
  0xC7, 0xFE, 0x7F, 0xE7, 0x8F, 0x78, 0xF7, 0x8F, 0x78, 0xF7, 0x8F, 0x7F,
  0xE7, 0xFE, 0x77, 0xC0, 0x1F, 0x83, 0xFC, 0x7F, 0xE7, 0x9E, 0x78, 0x07,
  0x80, 0x78, 0x07, 0x9E, 0x7F, 0xE3, 0xFC, 0x1F, 0x80, 0x00, 0xF0, 0x07,
  0x80, 0x3C, 0x01, 0xE1, 0xEF, 0x1F, 0xF9, 0xFF, 0xCF, 0x1E, 0x78, 0xF3,
  0xC7, 0x9E, 0x3C, 0xF1, 0xE7, 0xFF, 0x1F, 0xF8, 0x7B, 0xC0, 0x1F, 0x83,
  0xFC, 0x7F, 0xE7, 0x8E, 0x7F, 0xF7, 0xFF, 0x7F, 0xE7, 0x8E, 0x7F, 0xE3,
  0xFC, 0x1F, 0x80, 0x0F, 0x87, 0xE1, 0xF8, 0x78, 0x7F, 0x9F, 0xE7, 0xF8,
  0x78, 0x1E, 0x07, 0x81, 0xE0, 0x78, 0x1E, 0x07, 0x81, 0xE0, 0x1E, 0xF1,
  0xFF, 0x9F, 0xFC, 0xF1, 0xE7, 0x8F, 0x3C, 0x79, 0xE3, 0xCF, 0x1E, 0x7F,
  0xF1, 0xFF, 0x87, 0xBC, 0x01, 0xE7, 0x8E, 0x3F, 0xF0, 0xFF, 0x03, 0xF0,
  0x78, 0x03, 0xC0, 0x1E, 0x00, 0xF0, 0x07, 0xFC, 0x3F, 0xF1, 0xFF, 0x8F,
  0x1E, 0x78, 0xF3, 0xC7, 0x9E, 0x3C, 0xF1, 0xE7, 0x8F, 0x3C, 0x79, 0xE3,
  0xC0, 0x79, 0xE7, 0x00, 0x79, 0xE7, 0x9E, 0x79, 0xE7, 0x9E, 0x79, 0xE7,
  0x80, 0x1E, 0x1E, 0x1C, 0x00, 0x1E, 0x1E, 0x1E, 0x1E, 0x1E, 0x1E, 0x1E,
  0x1E, 0x1E, 0x1E, 0x1E, 0x1E, 0x7C, 0xFC, 0xF8, 0x78, 0x07, 0x80, 0x78,
  0x07, 0x80, 0x79, 0xE7, 0xBC, 0x7F, 0xC7, 0xF8, 0x7F, 0x07, 0xF0, 0x7F,
  0x87, 0xF8, 0x7B, 0xC7, 0x9E, 0x79, 0xF0, 0x79, 0xE7, 0x9E, 0x79, 0xE7,
  0x9E, 0x79, 0xE7, 0x9E, 0x79, 0xE7, 0x80, 0x77, 0xDF, 0x0F, 0xFF, 0xF1,
  0xFF, 0xFE, 0x3C, 0xF1, 0xE7, 0x9E, 0x3C, 0xF3, 0xC7, 0x9E, 0x78, 0xF3,
  0xCF, 0x1E, 0x79, 0xE3, 0xCF, 0x3C, 0x79, 0xE7, 0x8F, 0x00, 0x77, 0xC3,
  0xFF, 0x1F, 0xF8, 0xF1, 0xE7, 0x8F, 0x3C, 0x79, 0xE3, 0xCF, 0x1E, 0x78,
  0xF3, 0xC7, 0x9E, 0x3C, 0x1F, 0x83, 0xFC, 0x7F, 0xE7, 0x8F, 0x78, 0xF7,
  0x8F, 0x78, 0xF7, 0x8F, 0x7F, 0xE3, 0xFE, 0x1F, 0x80, 0x77, 0xC7, 0xFE,
  0x7F, 0xE7, 0x8F, 0x78, 0xF7, 0x8F, 0x78, 0xF7, 0x8F, 0x7F, 0xE7, 0xFE,
  0x7F, 0xC7, 0x80, 0x78, 0x07, 0x80, 0x78, 0x00, 0x1E, 0xF1, 0xFF, 0x9F,
  0xFC, 0xF1, 0xE7, 0x8F, 0x3C, 0x79, 0xE3, 0xCF, 0x1E, 0x7F, 0xF1, 0xFF,
  0x87, 0xBC, 0x01, 0xE0, 0x0F, 0x00, 0x78, 0x03, 0xC0, 0x77, 0xBF, 0xDF,
  0xEF, 0x07, 0x83, 0xC1, 0xE0, 0xF0, 0x78, 0x3C, 0x1E, 0x00, 0x1F, 0x07,
  0xF1, 0xFF, 0x3C, 0x67, 0xE0, 0x7F, 0x01, 0xF3, 0x8F, 0x7F, 0xEF, 0xF8,
  0x7E, 0x00, 0x1E, 0x07, 0x81, 0xE0, 0x78, 0x7F, 0x9F, 0xE7, 0xF8, 0x78,
  0x1E, 0x07, 0x81, 0xE0, 0x78, 0x1F, 0x83, 0xE0, 0x78, 0x78, 0xF3, 0xC7,
  0x9E, 0x3C, 0xF1, 0xE7, 0x8F, 0x3C, 0x79, 0xE3, 0xCF, 0x3E, 0x7F, 0xF1,
  0xFF, 0x87, 0xBC, 0xF0, 0xF7, 0x0E, 0x79, 0xE7, 0x9E, 0x39, 0xC3, 0xFC,
  0x1F, 0x81, 0xF8, 0x1F, 0x80, 0xF0, 0x0F, 0x00, 0xF1, 0xC7, 0x38, 0xE3,
  0x9C, 0xF3, 0xCF, 0x7D, 0xE3, 0xBE, 0xE1, 0xFF, 0xF0, 0xFD, 0xF8, 0x7E,
  0xF8, 0x1E, 0x7C, 0x0F, 0x1E, 0x07, 0x8E, 0x00, 0x70, 0xE7, 0x9E, 0x3F,
  0xC3, 0xF8, 0x1F, 0x81, 0xF0, 0x1F, 0x83, 0xFC, 0x7B, 0xC7, 0x9E, 0xF0,
  0xE0, 0xF0, 0xF7, 0x0E, 0x79, 0xE7, 0x9E, 0x39, 0xC3, 0xFC, 0x1F, 0x81,
  0xF8, 0x1F, 0x80, 0xF0, 0x0F, 0x00, 0xE0, 0x1E, 0x01, 0xC0, 0x1C, 0x00,
  0x7F, 0xC7, 0xFC, 0x7F, 0xC0, 0x78, 0x0F, 0x81, 0xF0, 0x3E, 0x03, 0xC0,
  0x7F, 0xE7, 0xFE, 0x7F, 0xE0, 0x01, 0x81, 0xE0, 0xF8, 0x78, 0x1E, 0x07,
  0x81, 0xE0, 0x78, 0x3C, 0x1E, 0x07, 0xC0, 0xF0, 0x1E, 0x07, 0x81, 0xE0,
  0x78, 0x1F, 0x03, 0xE0, 0x78, 0x06, 0x73, 0x9C, 0xE7, 0x39, 0xCE, 0x73,
  0x9C, 0xE7, 0x39, 0xCE, 0x73, 0x9C, 0xE7, 0x39, 0xC0, 0x60, 0x1E, 0x07,
  0xC0, 0xF8, 0x1E, 0x03, 0xC0, 0xF0, 0x3C, 0x0F, 0x01, 0xE0, 0x78, 0x3E,
  0x0F, 0x03, 0xC0, 0xF0, 0x38, 0x1E, 0x1F, 0x87, 0xC1, 0xE0, 0x30, 0x4F,
  0xF9, 0xFF, 0x23, 0xE0, 0x00, 0x00, 0x00, 0x00, 0x00,
};

const GFXglyph RubikBold20Glyphs[] PROGMEM = {
  {     0,   0,   0,   4,    0,    0 },
  {     0,   6,  15,   6,    0,  -15 },
  {    12,   9,  15,   9,    0,  -15 },
  {    29,  14,  14,  14,    0,  -14 },
  {    54,  13,  19,  13,    0,  -17 },
  {    85,  17,  15,  17,    0,  -15 },
  {   117,  15,  15,  15,    0,  -15 },
  {   146,   5,  15,   5,    0,  -15 },
  {   156,   8,  19,   8,    0,  -16 },
  {   175,   8,  19,   8,    0,  -16 },
  {   194,   9,  15,   9,    0,  -15 },
  {   211,  13,  12,  13,    0,  -12 },
  {   231,   6,   5,   6,    0,   -3 },
  {   235,   9,   8,   9,    0,   -8 },
  {   244,   6,   4,   6,    0,   -4 },
  {   247,  11,  18,  11,    0,  -16 },
  {   272,  14,  15,  14,    0,  -15 },
  {   299,  10,  15,  10,    0,  -15 },
  {   318,  13,  15,  13,    0,  -15 },
  {   343,  14,  15,  14,    0,  -15 },
  {   370,  14,  15,  14,    0,  -15 },
  {   397,  13,  15,  13,    0,  -15 },
  {   422,  13,  15,  13,    0,  -15 },
  {   447,  12,  15,  12,    0,  -15 },
  {   470,  13,  15,  13,    0,  -15 },
  {   495,  13,  15,  13,    0,  -15 },
  {   520,   6,  11,   6,    0,  -11 },
  {   529,   6,  13,   6,    0,  -11 },
  {   539,  11,  13,  11,    0,  -13 },
  {   557,  11,  10,  11,    0,  -10 },
  {   571,  10,  13,  10,    0,  -13 },
  {   588,  12,  15,  12,    0,  -15 },
  {   611,  17,  17,  17,    0,  -14 },
  {   648,  15,  15,  14,    0,  -15 },
  {   677,  13,  15,  13,    0,  -15 },
  {   702,  14,  15,  14,    0,  -15 },
  {   729,  14,  15,  14,    0,  -15 },
  {   756,  13,  15,  13,    0,  -15 },
  {   781,  12,  15,  12,    0,  -15 },
  {   804,  14,  15,  14,    0,  -15 },
  {   831,  14,  15,  14,    0,  -15 },
  {   858,   6,  15,   6,    0,  -15 },
  {   870,  14,  15,  14,    0,  -15 },
  {   897,  13,  15,  13,    0,  -15 },
  {   922,  12,  15,  12,    0,  -15 },
  {   945,  16,  15,  16,    0,  -15 },
  {   975,  14,  15,  14,    0,  -15 },
  {  1002,  14,  15,  14,    0,  -15 },
  {  1029,  13,  15,  13,    0,  -15 },
  {  1054,  14,  16,  14,    0,  -15 },
  {  1082,  13,  15,  13,    0,  -15 },
  {  1107,  13,  15,  13,    0,  -15 },
  {  1132,  14,  15,  14,    0,  -15 },
  {  1159,  14,  15,  14,    0,  -15 },
  {  1186,  14,  15,  14,    0,  -15 },
  {  1213,  17,  15,  17,    0,  -15 },
  {  1245,  14,  15,  14,    0,  -15 },
  {  1272,  14,  15,  14,    0,  -15 },
  {  1299,  13,  15,  13,    0,  -15 },
  {  1324,   8,  19,   8,    0,  -16 },
  {  1343,  11,  18,  11,    0,  -16 },
  {  1368,   9,  19,   9,    0,  -16 },
  {  1390,   9,  15,   9,    0,  -15 },
  {  1407,  15,   3,  15,    0,   -2 },
  {  1413,   8,  15,   8,    0,  -15 },
  {  1428,  12,  11,  12,    0,  -11 },
  {  1445,  12,  15,  12,    0,  -15 },
  {  1468,  12,  11,  12,    0,  -11 },
  {  1485,  13,  15,  13,    0,  -15 },
  {  1510,  12,  11,  12,    0,  -11 },
  {  1527,  10,  15,  10,    0,  -15 },
  {  1546,  13,  16,  13,    0,  -11 },
  {  1572,  13,  15,  13,    0,  -15 },
  {  1597,   6,  15,   6,    0,  -15 },
  {  1609,   8,  19,   7,   -1,  -15 },
  {  1628,  12,  15,  12,    0,  -15 },
  {  1651,   6,  15,   6,    0,  -15 },
  {  1663,  19,  11,  19,    0,  -11 },
  {  1690,  13,  11,  13,    0,  -11 },
  {  1708,  12,  11,  12,    0,  -11 },
  {  1725,  12,  15,  12,    0,  -11 },
  {  1748,  13,  15,  13,    0,  -11 },
  {  1773,   9,  11,   9,    0,  -11 },
  {  1786,  11,  11,  11,    0,  -11 },
  {  1802,  10,  15,  10,    0,  -15 },
  {  1821,  13,  11,  13,    0,  -11 },
  {  1839,  12,  11,  12,    0,  -11 },
  {  1856,  17,  11,  17,    0,  -11 },
  {  1880,  12,  11,  12,    0,  -11 },
  {  1897,  12,  15,  12,    0,  -11 },
  {  1920,  12,  11,  12,    0,  -11 },
  {  1937,  10,  20,  10,    0,  -16 },
  {  1962,   5,  23,   5,    0,  -19 },
  {  1977,  10,  20,  10,    0,  -17 },
  {  2002,  11,   8,  11,    0,   -8 },
};

const GFXfont RubikBold20 PROGMEM = {
  (uint8_t *)RubikBold20Bitmaps,
  (GFXglyph *)RubikBold20Glyphs,
  32, 126, 24
};

const uint8_t RubikBold24Bitmaps[] PROGMEM = {
  0x3C, 0x3C, 0x3C, 0x3C, 0x3C, 0x3C, 0x3C, 0x3C, 0x3C, 0x3C, 0x3C, 0x3C,
  0x00, 0x3C, 0x3C, 0x3C, 0x3C, 0x7B, 0xCF, 0x79, 0xEF, 0x3D, 0xE7, 0xBC,
  0xE3, 0x00, 0x00, 0x00, 0x00, 0x00, 0x00, 0x00, 0x00, 0x00, 0x00, 0x00,
  0x00, 0x00, 0x00, 0x00, 0x00, 0x07, 0x3C, 0x0F, 0x3C, 0x0F, 0x38, 0x7F,
  0xFE, 0x7F, 0xFE, 0x7F, 0xFE, 0x0E, 0x78, 0x1E, 0x78, 0x1E, 0x70, 0x7F,
  0xFE, 0x7F, 0xFE, 0x7F, 0xFE, 0x1C, 0xF0, 0x3C, 0xF0, 0x3C, 0xF0, 0x00,
  0x00, 0x03, 0x80, 0x03, 0x80, 0x07, 0xC0, 0x1F, 0xF0, 0x3F, 0xF8, 0x7F,
  0xFC, 0x7C, 0x7C, 0x78, 0x3C, 0x7C, 0x00, 0x7F, 0x80, 0x3F, 0xF8, 0x0F,
  0xFC, 0x01, 0xFE, 0x00, 0x3E, 0x78, 0x1E, 0xFC, 0x3E, 0x7F, 0xFE, 0x7F,
  0xFC, 0x1F, 0xF8, 0x07, 0xC0, 0x03, 0x80, 0x03, 0x80, 0x3E, 0x03, 0x8F,
  0xE0, 0xF1, 0xCC, 0x3C, 0x39, 0x87, 0x07, 0x31, 0xC0, 0xE6, 0x78, 0x1F,
  0xDE, 0x01, 0xF3, 0x80, 0x00, 0xEF, 0x80, 0x3F, 0xF8, 0x07, 0x77, 0x01,
  0xCE, 0x60, 0x71, 0xCC, 0x1E, 0x39, 0x83, 0x87, 0x70, 0xE0, 0xFE, 0x3C,
  0x0F, 0x80, 0x0F, 0xE0, 0x07, 0xFC, 0x03, 0xFF, 0x80, 0xF9, 0xE0, 0x3C,
  0x38, 0x0F, 0x9E, 0x01, 0xFF, 0x00, 0x3F, 0x80, 0x1F, 0xE3, 0x8F, 0xF9,
  0xE7, 0xDF, 0x79, 0xE3, 0xFC, 0x78, 0x7E, 0x1F, 0x1F, 0x83, 0xFF, 0xF0,
  0xFF, 0xFE, 0x0F, 0xE7, 0xC0, 0x79, 0xE7, 0x9E, 0x79, 0xC0, 0x00, 0x00,
  0x00, 0x00, 0x00, 0x00, 0x00, 0x00, 0x07, 0x87, 0xC7, 0xE7, 0xC3, 0xC1,
  0xE1, 0xF0, 0xF8, 0x78, 0x3C, 0x1E, 0x0F, 0x07, 0x83, 0xC1, 0xE0, 0xF8,
  0x7C, 0x1E, 0x0F, 0x07, 0xC1, 0xF8, 0x7C, 0x1E, 0x78, 0x1F, 0x07, 0xE0,
  0x7C, 0x0F, 0x03, 0xE0, 0xF8, 0x1E, 0x07, 0x81, 0xE0, 0x78, 0x1E, 0x07,
  0x81, 0xE0, 0x78, 0x1E, 0x0F, 0x83, 0xE0, 0xF0, 0x7C, 0x7E, 0x1F, 0x07,
  0x80, 0x0E, 0x01, 0xC1, 0xFE, 0x3F, 0xE7, 0xFC, 0x3E, 0x0F, 0xE1, 0xD8,
  0x02, 0x00, 0x00, 0x00, 0x00, 0x00, 0x00, 0x00, 0x00, 0x00, 0x00, 0x00,
  0x00, 0x03, 0x80, 0x07, 0x00, 0x0E, 0x00, 0x1C, 0x00, 0x38, 0x0F, 0xFF,
  0x9F, 0xFF, 0x3F, 0xFE, 0x03, 0x80, 0x07, 0x00, 0x0E, 0x00, 0x1C, 0x00,
  0x38, 0x00, 0x00, 0x00, 0x3C, 0xF1, 0xE3, 0xC7, 0x0E, 0x00, 0x7F, 0xCF,
  0xF9, 0xFF, 0x00, 0x00, 0x00, 0x00, 0x00, 0x00, 0x00, 0x00, 0x00, 0x79,
  0xE7, 0x9E, 0x00, 0x70, 0x07, 0x80, 0x3C, 0x01, 0xC0, 0x1E, 0x00, 0xF0,
  0x0F, 0x00, 0x78, 0x03, 0x80, 0x3C, 0x01, 0xE0, 0x1E, 0x00, 0xF0, 0x07,
  0x00, 0x78, 0x03, 0xC0, 0x3C, 0x01, 0xE0, 0x0E, 0x00, 0xF0, 0x07, 0x80,
  0x38, 0x00, 0x07, 0xE0, 0x1F, 0xF8, 0x3F, 0xFC, 0x7C, 0x3E, 0x7C, 0x3E,
  0x78, 0x1E, 0x78, 0x1E, 0x78, 0x1E, 0x78, 0x1E, 0x78, 0x1E, 0x78, 0x1E,
  0x78, 0x1E, 0x7C, 0x3E, 0x7C, 0x3E, 0x3F, 0xFC, 0x1F, 0xF8, 0x07, 0xE0,
  0x03, 0xC0, 0xFC, 0x1F, 0xC3, 0xFC, 0x7F, 0xCF, 0xBC, 0x73, 0xC2, 0x3C,
  0x03, 0xC0, 0x3C, 0x03, 0xC0, 0x3C, 0x03, 0xC0, 0x3C, 0x03, 0xC0, 0x3C,
  0x03, 0xC0, 0x07, 0xE0, 0x1F, 0xF8, 0x3F, 0xF8, 0x7E, 0x7C, 0x7C, 0x3C,
  0x78, 0x3C, 0x00, 0x7C, 0x00, 0xF8, 0x01, 0xF8, 0x03, 0xF0, 0x0F, 0xE0,
  0x1F, 0x80, 0x3F, 0x00, 0x7F, 0xFE, 0x7F, 0xFE, 0x7F, 0xFE, 0x7F, 0xFE,
  0x3F, 0xFC, 0x3F, 0xFC, 0x3F, 0xFC, 0x00, 0x7C, 0x00, 0xF8, 0x03, 0xF0,
  0x07, 0xE0, 0x07, 0xF8, 0x07, 0xFC, 0x07, 0xFE, 0x00, 0x3E, 0x00, 0x1E,
  0x78, 0x1E, 0x7C, 0x3E, 0x3F, 0xFC, 0x1F, 0xF8, 0x0F, 0xE0, 0x00, 0xF8,
  0x00, 0xFC, 0x00, 0x7E, 0x00, 0x7F, 0x00, 0x7F, 0x80, 0x3B, 0xC0, 0x3D,
  0xE0, 0x3C, 0xF0, 0x3C, 0x78, 0x1E, 0x3C, 0x1F, 0xFF, 0xCF, 0xFF, 0xE7,
  0xFF, 0xF3, 0xFF, 0xF8, 0x01, 0xE0, 0x00, 0xF0, 0x00, 0x78, 0x00, 0x3F,
  0xF8, 0x7F, 0xF0, 0xFF, 0xE1, 0xE0, 0x03, 0xC0, 0x07, 0xFC, 0x1F, 0xFC,
  0x3F, 0xFC, 0x7C, 0x7C, 0x00, 0x78, 0x00, 0xF3, 0xC1, 0xEF, 0x83, 0xCF,
  0x8F, 0x9F, 0xFE, 0x1F, 0xF8, 0x0F, 0xE0, 0x01, 0xF0, 0x03, 0xE0, 0x03,
  0xE0, 0x07, 0xC0, 0x0F, 0x80, 0x1F, 0xC0, 0x1F, 0xF0, 0x3F, 0xFC, 0x3F,
  0xFC, 0x7C, 0x3E, 0x7C, 0x3E, 0x78, 0x1E, 0x7C, 0x3E, 0x7E, 0x7E, 0x3F,
  0xFC, 0x1F, 0xF8, 0x07, 0xE0, 0x7F, 0xF9, 0xFF, 0xE7, 0xFF, 0x9F, 0xFE,
  0x00, 0xF8, 0x03, 0xC0, 0x1F, 0x00, 0x78, 0x03, 0xE0, 0x0F, 0x00, 0x3C,
  0x01, 0xF0, 0x07, 0x80, 0x3E, 0x00, 0xF0, 0x07, 0xC0, 0x1E, 0x00, 0x0F,
  0xF0, 0x1F, 0xF8, 0x3F, 0xFC, 0x3E, 0x7C, 0x3C, 0x3C, 0x3E, 0x7C, 0x3F,
  0xFC, 0x1F, 0xF8, 0x3F, 0xFC, 0x7C, 0x3E, 0x7C, 0x3E, 0x78, 0x1E, 0x7C,
  0x3E, 0x7C, 0x3E, 0x3F, 0xFC, 0x1F, 0xF8, 0x0F, 0xF0, 0x07, 0xE0, 0x1F,
  0xF8, 0x3F, 0xFC, 0x7E, 0x7E, 0x7C, 0x3E, 0x78, 0x1E, 0x7C, 0x3E, 0x7E,
  0x7E, 0x3F, 0xFC, 0x3F, 0xFC, 0x0F, 0xF8, 0x01, 0xF0, 0x03, 0xF0, 0x03,
  0xE0, 0x07, 0xC0, 0x0F, 0x80, 0x0F, 0x80, 0x78, 0xF1, 0xE3, 0xC0, 0x00,
  0x00, 0x00, 0x00, 0xF1, 0xE3, 0xC7, 0x80, 0x3C, 0x78, 0xF1, 0xE0, 0x00,
  0x00, 0x00, 0x3C, 0x78, 0xE3, 0xC7, 0x8E, 0x00, 0x00, 0x30, 0x07, 0x80,
  0x7C, 0x0F, 0xC0, 0xFC, 0x1F, 0xC1, 0xF8, 0x0F, 0x80, 0x7E, 0x01, 0xFC,
  0x03, 0xF0, 0x0F, 0xC0, 0x1F, 0x00, 0x78, 0x00, 0xC0, 0x7F, 0xF3, 0xFF,
  0x9F, 0xFC, 0x00, 0x00, 0x00, 0x00, 0x01, 0xFF, 0xCF, 0xFE, 0x7F, 0xF0,
  0x00, 0x00, 0x00, 0x00, 0x00, 0x60, 0x07, 0x00, 0x7C, 0x07, 0xE0, 0x3F,
  0x80, 0xFC, 0x07, 0xE0, 0x1F, 0x07, 0xE0, 0xFC, 0x3F, 0x87, 0xE0, 0x7C,
  0x07, 0x00, 0x60, 0x00, 0x0F, 0xE0, 0xFF, 0xC7, 0xFF, 0x9F, 0x3E, 0xF8,
  0x79, 0xC1, 0xE0, 0x0F, 0x80, 0x7C, 0x03, 0xE0, 0x1F, 0x00, 0x7C, 0x01,
  0xE0, 0x00, 0x00, 0x1E, 0x00, 0x78, 0x01, 0xE0, 0x07, 0x80, 0x03, 0xFC,
  0x00, 0xFF, 0xF0, 0x1F, 0xFF, 0x83, 0xE0, 0x7C, 0x38, 0x01, 0xC7, 0x0F,
  0xCE, 0x71, 0xFC, 0xE7, 0x39, 0xC6, 0x63, 0x0C, 0x66, 0x30, 0xC6, 0x63,
  0x0C, 0x66, 0x39, 0xC6, 0x63, 0xFE, 0xE7, 0x1F, 0xFC, 0x70, 0xF3, 0x83,
  0x00, 0x00, 0x38, 0x03, 0xC1, 0xF0, 0xF8, 0x0F, 0xFF, 0x00, 0x3F, 0xC0,
  0x03, 0xE0, 0x03, 0xF8, 0x01, 0xFC, 0x00, 0xFE, 0x00, 0xFF, 0x80, 0x7B,
  0xC0, 0x3D, 0xF0, 0x3E, 0x78, 0x1E, 0x3C, 0x0F, 0x1F, 0x0F, 0x87, 0x87,
  0xFF, 0xC7, 0xFF, 0xF3, 0xFF, 0xF9, 0xE0, 0x3D, 0xF0, 0x1F, 0xF8, 0x07,
  0x80, 0x3F, 0xF8, 0x1F, 0xFF, 0x0F, 0xFF, 0xC7, 0x83, 0xE3, 0xC0, 0xF1,
  0xE0, 0x78, 0xF0, 0x7C, 0x7F, 0xFC, 0x3F, 0xFE, 0x1F, 0xFF, 0x0F, 0x07,
  0xC7, 0x81, 0xE3, 0xC0, 0xF1, 0xE0, 0xF8, 0xFF, 0xFC, 0x7F, 0xFC, 0x3F,
  0xF8, 0x00, 0x07, 0xF0, 0x0F, 0xFE, 0x0F, 0xFF, 0x8F, 0xC7, 0xE7, 0xC1,
  0xF3, 0xC0, 0xF9, 0xE0, 0x00, 0xF0, 0x00, 0x78, 0x00, 0x3C, 0x00, 0x1E,
  0x00, 0x0F, 0x03, 0xE7, 0xC1, 0xF3, 0xF1, 0xF8, 0xFF, 0xF8, 0x3F, 0xF8,
  0x07, 0xF0, 0x00, 0x3F, 0xF0, 0x1F, 0xFE, 0x0F, 0xFF, 0x87, 0x87, 0xE3,
  0xC1, 0xF1, 0xE0, 0x78, 0xF0, 0x3C, 0x78, 0x1E, 0x3C, 0x0F, 0x1E, 0x07,
  0x8F, 0x03, 0xC7, 0x81, 0xE3, 0xC1, 0xF1, 0xE0, 0xF8, 0xFF, 0xF8, 0x7F,
  0xF8, 0x3F, 0xF8, 0x00, 0x3F, 0xFE, 0x3F, 0xFE, 0x3F, 0xFE, 0x3C, 0x00,
  0x3C, 0x00, 0x3C, 0x00, 0x3C, 0x00, 0x3F, 0xFC, 0x3F, 0xFC, 0x3F, 0xFC,
  0x3C, 0x00, 0x3C, 0x00, 0x3C, 0x00, 0x3C, 0x00, 0x3F, 0xFE, 0x3F, 0xFE,
  0x3F, 0xFE, 0x3F, 0xFC, 0x7F, 0xF8, 0xFF, 0xF1, 0xFF, 0xE3, 0xC0, 0x07,
  0x80, 0x0F, 0x00, 0x1F, 0xFE, 0x3F, 0xFC, 0x7F, 0xF8, 0xFF, 0xF1, 0xE0,
  0x03, 0xC0, 0x07, 0x80, 0x0F, 0x00, 0x1E, 0x00, 0x3C, 0x00, 0x07, 0xF0,
  0x0F, 0xFE, 0x0F, 0xFF, 0x8F, 0xC7, 0xE7, 0xC1, 0xF3, 0xC0, 0x01, 0xE0,
  0x00, 0xF0, 0xFE, 0x78, 0x7F, 0x3C, 0x3F, 0x9E, 0x03, 0xCF, 0x01, 0xE7,
  0xC1, 0xF3, 0xF1, 0xF0, 0xFF, 0xF8, 0x3F, 0xF8, 0x07, 0xF0, 0x00, 0x3C,
  0x0F, 0x0F, 0x03, 0xC3, 0xC0, 0xF0, 0xF0, 0x3C, 0x3C, 0x0F, 0x0F, 0x03,
  0xC3, 0xFF, 0xF0, 0xFF, 0xFC, 0x3F, 0xFF, 0x0F, 0xFF, 0xC3, 0xC0, 0xF0,
  0xF0, 0x3C, 0x3C, 0x0F, 0x0F, 0x03, 0xC3, 0xC0, 0xF0, 0xF0, 0x3C, 0x3C,
  0x0F, 0x00, 0x3C, 0x3C, 0x3C, 0x3C, 0x3C, 0x3C, 0x3C, 0x3C, 0x3C, 0x3C,
  0x3C, 0x3C, 0x3C, 0x3C, 0x3C, 0x3C, 0x3C, 0x3F, 0xFC, 0x3F, 0xFC, 0x3F,
  0xFC, 0x3F, 0xFC, 0x00, 0x3C, 0x00, 0x3C, 0x00, 0x3C, 0x00, 0x3C, 0x00,
  0x3C, 0x00, 0x3C, 0x00, 0x3C, 0x78, 0x3C, 0xF8, 0x3C, 0x7C, 0x7C, 0x7F,
  0xF8, 0x3F, 0xF0, 0x0F, 0xE0, 0x3C, 0x1F, 0x3C, 0x3E, 0x3C, 0x7C, 0x3C,
  0xF8, 0x3D, 0xF8, 0x3F, 0xF0, 0x3F, 0xE0, 0x3F, 0xC0, 0x3F, 0xC0, 0x3F,
  0xE0, 0x3F, 0xF0, 0x3D, 0xF0, 0x3C, 0xF8, 0x3C, 0xFC, 0x3C, 0x7E, 0x3C,
  0x3E, 0x3C, 0x1F, 0x3C, 0x00, 0x78, 0x00, 0xF0, 0x01, 0xE0, 0x03, 0xC0,
  0x07, 0x80, 0x0F, 0x00, 0x1E, 0x00, 0x3C, 0x00, 0x78, 0x00, 0xF0, 0x01,
  0xE0, 0x03, 0xC0, 0x07, 0xFF, 0x8F, 0xFF, 0x1F, 0xFE, 0x3F, 0xFC, 0x3C,
  0x03, 0xC3, 0xE0, 0x3C, 0x3E, 0x07, 0xC3, 0xF0, 0x7C, 0x3F, 0x0F, 0xC3,
  0xF9, 0xFC, 0x3F, 0x9F, 0xC3, 0xFF, 0xFC, 0x3F, 0xFF, 0xC3, 0xDF, 0xBC,
  0x3C, 0xFB, 0xC3, 0xCF, 0x3C, 0x3C, 0x63, 0xC3, 0xC0, 0x3C, 0x3C, 0x03,
  0xC3, 0xC0, 0x3C, 0x3C, 0x03, 0xC0, 0x3C, 0x0F, 0x0F, 0x83, 0xC3, 0xE0,
  0xF0, 0xFC, 0x3C, 0x3F, 0x8F, 0x0F, 0xE3, 0xC3, 0xFC, 0xF0, 0xFF, 0x3C,
  0x3F, 0xEF, 0x0F, 0x7F, 0xC3, 0xCF, 0xF0, 0xF1, 0xFC, 0x3C, 0x7F, 0x0F,
  0x0F, 0xC3, 0xC1, 0xF0, 0xF0, 0x7C, 0x3C, 0x0F, 0x00, 0x07, 0xF0, 0x0F,
  0xFE, 0x0F, 0xFF, 0x87, 0xC7, 0xC7, 0xC1, 0xF3, 0xC0, 0x79, 0xE0, 0x3C,
  0xF0, 0x1E, 0x78, 0x0F, 0x3C, 0x07, 0x9E, 0x03, 0xCF, 0x01, 0xE7, 0xC1,
  0xF3, 0xF1, 0xF8, 0xFF, 0xF8, 0x3F, 0xF8, 0x07, 0xF0, 0x00, 0x3F, 0xF8,
  0x1F, 0xFE, 0x0F, 0xFF, 0x87, 0x83, 0xE3, 0xC1, 0xF1, 0xE0, 0x78, 0xF0,
  0x3C, 0x78, 0x3E, 0x3F, 0xFE, 0x1F, 0xFE, 0x0F, 0xFE, 0x07, 0x80, 0x03,
  0xC0, 0x01, 0xE0, 0x00, 0xF0, 0x00, 0x78, 0x00, 0x3C, 0x00, 0x00, 0x07,
  0xE0, 0x1F, 0xF8, 0x3F, 0xFC, 0x7E, 0x3E, 0x7C, 0x3E, 0x78, 0x1E, 0x78,
  0x1E, 0x78, 0x1E, 0x78, 0x1E, 0x78, 0x1E, 0x78, 0x1E, 0x78, 0x1E, 0x7C,
  0x3E, 0x7E, 0x3E, 0x3F, 0xFC, 0x1F, 0xFC, 0x07, 0xFE, 0x00, 0x1E, 0x00,
  0x0E, 0x3F, 0xF8, 0x1F, 0xFE, 0x0F, 0xFF, 0x87, 0x83, 0xE3, 0xC1, 0xF1,
  0xE0, 0x78, 0xF0, 0x3C, 0x78, 0x3E, 0x3F, 0xFE, 0x1F, 0xFF, 0x0F, 0xFF,
  0x07, 0x8F, 0x83, 0xC3, 0xE1, 0xE1, 0xF0, 0xF0, 0x7C, 0x78, 0x3E, 0x3C,
  0x0F, 0x80, 0x0F, 0xE0, 0x1F, 0xF8, 0x3F, 0xFC, 0x7C, 0x7C, 0x78, 0x3C,
  0x7C, 0x00, 0x7F, 0x80, 0x3F, 0xF0, 0x3F, 0xFC, 0x0F, 0xFE, 0x01, 0xFE,
  0x00, 0x3E, 0xF8, 0x1E, 0x7C, 0x3E, 0x7F, 0xFC, 0x3F, 0xF8, 0x0F, 0xE0,
  0x7F, 0xFE, 0x7F, 0xFE, 0x7F, 0xFE, 0x7F, 0xFE, 0x03, 0xC0, 0x03, 0xC0,
  0x03, 0xC0, 0x03, 0xC0, 0x03, 0xC0, 0x03, 0xC0, 0x03, 0xC0, 0x03, 0xC0,
  0x03, 0xC0, 0x03, 0xC0, 0x03, 0xC0, 0x03, 0xC0, 0x03, 0xC0, 0x3C, 0x0F,
  0x0F, 0x03, 0xC3, 0xC0, 0xF0, 0xF0, 0x3C, 0x3C, 0x0F, 0x0F, 0x03, 0xC3,
  0xC0, 0xF0, 0xF0, 0x3C, 0x3C, 0x0F, 0x0F, 0x03, 0xC3, 0xC0, 0xF0, 0xF8,
  0x3C, 0x3F, 0x1F, 0x0F, 0xFF, 0xC1, 0xFF, 0xE0, 0x3F, 0xF0, 0x03, 0xF8,
  0x00, 0x78, 0x0F, 0x3C, 0x0F, 0x9F, 0x07, 0xCF, 0x83, 0xC3, 0xC3, 0xE1,
  0xF1, 0xF0, 0xF8, 0xF0, 0x3C, 0x78, 0x1E, 0x7C, 0x0F, 0xBC, 0x03, 0xDE,
  0x01, 0xFF, 0x00, 0xFF, 0x00, 0x3F, 0x80, 0x1F, 0xC0, 0x0F, 0xE0, 0x03,
  0xE0, 0x00, 0x78, 0x01, 0xE7, 0xC0, 0x1E, 0x7C, 0x01, 0xE7, 0xC0, 0x3E,
  0x3C, 0xF3, 0xE3, 0xCF, 0x3E, 0x3C, 0xFB, 0xC3, 0xDF, 0xBC, 0x3F, 0xFB,
  0xC3, 0xFF, 0xFC, 0x1F, 0xFF, 0xC1, 0xFD, 0xFC, 0x1F, 0x9F, 0x81, 0xF9,
  0xF8, 0x1F, 0x8F, 0x81, 0xF0, 0xF8, 0x0F, 0x07, 0x80, 0x7C, 0x1F, 0x3E,
  0x1F, 0x0F, 0x8F, 0x87, 0xEF, 0x81, 0xFF, 0xC0, 0x7F, 0xC0, 0x3F, 0xC0,
  0x0F, 0xE0, 0x07, 0xE0, 0x03, 0xF8, 0x03, 0xFE, 0x03, 0xFF, 0x01, 0xF7,
  0xC1, 0xF3, 0xF1, 0xF8, 0xF8, 0xF8, 0x3E, 0xF8, 0x1F, 0x00, 0xF8, 0x1F,
  0x78, 0x1F, 0x7C, 0x3E, 0x3C, 0x3C, 0x3E, 0x7C, 0x1F, 0x78, 0x1F, 0xF8,
  0x0F, 0xF0, 0x0F, 0xF0, 0x07, 0xE0, 0x03, 0xE0, 0x03, 0xC0, 0x03, 0xC0,
  0x03, 0xC0, 0x03, 0xC0, 0x03, 0xC0, 0x03, 0xC0, 0x7F, 0xFE, 0x7F, 0xFE,
  0x7F, 0xFE, 0x7F, 0xFE, 0x00, 0x7C, 0x00, 0xF8, 0x01, 0xF0, 0x03, 0xF0,
  0x07, 0xE0, 0x0F, 0xC0, 0x0F, 0x80, 0x1F, 0x00, 0x3E, 0x00, 0x7F, 0xFE,
  0x7F, 0xFE, 0x7F, 0xFE, 0x7F, 0xFE, 0x7F, 0x3F, 0x9F, 0xCF, 0x07, 0x83,
  0xC1, 0xE0, 0xF0, 0x78, 0x3C, 0x1E, 0x0F, 0x07, 0x83, 0xC1, 0xE0, 0xF0,
  0x78, 0x3C, 0x1E, 0x0F, 0x07, 0xF3, 0xF9, 0xFC, 0x70, 0x03, 0x80, 0x1E,
  0x00, 0xF0, 0x03, 0xC0, 0x1E, 0x00, 0x70, 0x03, 0xC0, 0x1E, 0x00, 0x78,
  0x03, 0xC0, 0x0E, 0x00, 0x78, 0x03, 0xC0, 0x0F, 0x00, 0x78, 0x01, 0xC0,
  0x0F, 0x00, 0x78, 0x01, 0xE0, 0x0F, 0x00, 0x38, 0xFF, 0x3F, 0xCF, 0xF0,
  0x3C, 0x0F, 0x03, 0xC0, 0xF0, 0x3C, 0x0F, 0x03, 0xC0, 0xF0, 0x3C, 0x0F,
  0x03, 0xC0, 0xF0, 0x3C, 0x0F, 0x03, 0xC0, 0xF0, 0x3C, 0xFF, 0x3F, 0xCF,
  0xF0, 0x0F, 0x03, 0xE0, 0xFE, 0x38, 0xE0, 0x00, 0x00, 0x00, 0x00, 0x00,
  0x00, 0x00, 0x00, 0x00, 0x00, 0x00, 0x00, 0x00, 0x00, 0x00, 0x00, 0x00,
  0x00, 0x00, 0x7F, 0xFF, 0x3F, 0xFF, 0x9F, 0xFF, 0xC0, 0x7C, 0x0F, 0x81,
  0xF0, 0x3C, 0x00, 0x00, 0x00, 0x00, 0x00, 0x00, 0x00, 0x00, 0x00, 0x00,
  0x00, 0x00, 0x00, 0x00, 0x00, 0x00, 0x00, 0x00, 0x00, 0x0F, 0xE0, 0x3F,
  0xE0, 0xFF, 0xE1, 0xE7, 0xC0, 0x07, 0x80, 0xFF, 0x07, 0xFE, 0x3F, 0x3C,
  0x78, 0x78, 0xF9, 0xF1, 0xFF, 0xE1, 0xFF, 0xC1, 0xF7, 0x80, 0x78, 0x00,
  0xF0, 0x01, 0xE0, 0x03, 0xC0, 0x07, 0xBE, 0x0F, 0xFF, 0x1F, 0xFE, 0x3E,
  0x3E, 0x7C, 0x7C, 0xF0, 0x79, 0xE0, 0xF3, 0xC1, 0xE7, 0xC7, 0xCF, 0x8F,
  0x9F, 0xFE, 0x3F, 0xFC, 0x7B, 0xE0, 0x0F, 0xC0, 0x7F, 0xC3, 0xFF, 0x9F,
  0x3E, 0x78, 0x79, 0xE0, 0x07, 0x80, 0x1E, 0x00, 0x78, 0x79, 0xF3, 0xE3,
  0xFF, 0x87, 0xFC, 0x0F, 0xC0, 0x00, 0x3C, 0x00, 0x78, 0x00, 0xF0, 0x01,
  0xE0, 0xFB, 0xC7, 0xFF, 0x8F, 0xFF, 0x3E, 0x3E, 0x7C, 0x7C, 0xF0, 0x79,
  0xE0, 0xF3, 0xC1, 0xE7, 0xC7, 0xCF, 0x8F, 0x8F, 0xFF, 0x1F, 0xFE, 0x0F,
  0xBC, 0x0F, 0xC0, 0x7F, 0x83, 0xFF, 0x1F, 0x3E, 0x78, 0x79, 0xFF, 0xE7,
  0xFF, 0x9F, 0xFE, 0x78, 0x01, 0xF3, 0xE3, 0xFF, 0x87, 0xFC, 0x0F, 0xC0,
  0x07, 0xE0, 0xFE, 0x1F, 0xE1, 0xF0, 0x1E, 0x07, 0xFE, 0x7F, 0xE7, 0xFE,
  0x1E, 0x01, 0xE0, 0x1E, 0x01, 0xE0, 0x1E, 0x01, 0xE0, 0x1E, 0x01, 0xE0,
  0x1E, 0x01, 0xE0, 0x0F, 0xBC, 0x7F, 0xF8, 0xFF, 0xF3, 0xE3, 0xE7, 0xC7,
  0xCF, 0x07, 0x9E, 0x0F, 0x3C, 0x1E, 0x7C, 0x7C, 0xF8, 0xF8, 0xFF, 0xF1,
  0xFF, 0xE1, 0xFB, 0xC0, 0x07, 0x9F, 0x0F, 0x3E, 0x3E, 0x3F, 0xF8, 0x3F,
  0xE0, 0x3F, 0x80, 0x78, 0x00, 0xF0, 0x01, 0xE0, 0x03, 0xC0, 0x07, 0xBF,
  0x0F, 0xFF, 0x1F, 0xFE, 0x3E, 0x3E, 0x78, 0x3C, 0xF0, 0x79, 0xE0, 0xF3,
  0xC1, 0xE7, 0x83, 0xCF, 0x07, 0x9E, 0x0F, 0x3C, 0x1E, 0x78, 0x3C, 0x78,
  0xF1, 0xE0, 0x00, 0x0F, 0x1E, 0x3C, 0x78, 0xF1, 0xE3, 0xC7, 0x8F, 0x1E,
  0x3C, 0x78, 0xF0, 0x1E, 0x0F, 0x07, 0x80, 0x01, 0xE0, 0xF0, 0x78, 0x3C,
  0x1E, 0x0F, 0x07, 0x83, 0xC1, 0xE0, 0xF0, 0x78, 0x3C, 0x1E, 0x0F, 0x0F,
  0x9F, 0xCF, 0xC7, 0xC0, 0x78, 0x01, 0xE0, 0x07, 0x80, 0x1E, 0x00, 0x78,
  0xF9, 0xE7, 0xE7, 0x9F, 0x1F, 0xF8, 0x7F, 0xC1, 0xFE, 0x07, 0xF8, 0x1F,
  0xF0, 0x7F, 0xE1, 0xEF, 0xC7, 0x9F, 0x1E, 0x3E, 0x78, 0x7C, 0x78, 0xF1,
  0xE3, 0xC7, 0x8F, 0x1E, 0x3C, 0x78, 0xF1, 0xE3, 0xC7, 0x8F, 0x1E, 0x3C,
  0x78, 0x7B, 0xE3, 0xE1, 0xFF, 0xFF, 0xC7, 0xFF, 0xFF, 0x1F, 0x3F, 0x3E,
  0x78, 0x78, 0xF9, 0xE1, 0xE3, 0xE7, 0x87, 0x8F, 0x9E, 0x1E, 0x3E, 0x78,
  0x78, 0xF9, 0xE1, 0xE3, 0xE7, 0x87, 0x8F, 0x9E, 0x1E, 0x3E, 0x78, 0x78,
  0x78, 0x7B, 0xF0, 0xFF, 0xF1, 0xFF, 0xE3, 0xE3, 0xE7, 0x83, 0xCF, 0x07,
  0x9E, 0x0F, 0x3C, 0x1E, 0x78, 0x3C, 0xF0, 0x79, 0xE0, 0xF3, 0xC1, 0xE7,
  0x83, 0xC0, 0x0F, 0xE0, 0x3F, 0xE0, 0xFF, 0xE3, 0xE3, 0xE7, 0x83, 0xCF,
  0x07, 0x9E, 0x0F, 0x3C, 0x1E, 0x78, 0x3C, 0xF8, 0xF8, 0xFF, 0xE0, 0xFF,
  0x80, 0xFE, 0x00, 0x7B, 0xE0, 0xFF, 0xF1, 0xFF, 0xE3, 0xE3, 0xE7, 0xC7,
  0xCF, 0x07, 0x9E, 0x0F, 0x3C, 0x1E, 0x7C, 0x7C, 0xF8, 0xF9, 0xFF, 0xE3,
  0xFF, 0xC7, 0xBE, 0x0F, 0x00, 0x1E, 0x00, 0x3C, 0x00, 0x78, 0x00, 0xF0,
  0x00, 0x0F, 0xBC, 0x7F, 0xF8, 0xFF, 0xF3, 0xE3, 0xE7, 0xC7, 0xCF, 0x07,
  0x9E, 0x0F, 0x3C, 0x1E, 0x7C, 0x7C, 0xF8, 0xF8, 0xFF, 0xF1, 0xFF, 0xE0,
  0xFB, 0xC0, 0x07, 0x80, 0x0F, 0x00, 0x1E, 0x00, 0x3C, 0x00, 0x78, 0x7B,
  0xCF, 0xF9, 0xFF, 0x3F, 0xE7, 0xC0, 0xF0, 0x1E, 0x03, 0xC0, 0x78, 0x0F,
  0x01, 0xE0, 0x3C, 0x07, 0x80, 0x1F, 0x81, 0xFF, 0x1F, 0xF8, 0xF9, 0xE7,
  0xC0, 0x3F, 0xC0, 0xFF, 0x80, 0xFE, 0x00, 0xF3, 0xC7, 0x9F, 0xFC, 0x7F,
  0xC1, 0xFC, 0x00, 0x1E, 0x01, 0xE0, 0x1E, 0x01, 0xE0, 0x7F, 0xE7, 0xFE,
  0x7F, 0xE1, 0xE0, 0x1E, 0x01, 0xE0, 0x1E, 0x01, 0xE0, 0x1E, 0x01, 0xF0,
  0x1F, 0xE0, 0xFE, 0x07, 0xE0, 0x78, 0x3C, 0xF0, 0x79, 0xE0, 0xF3, 0xC1,
  0xE7, 0x83, 0xCF, 0x07, 0x9E, 0x0F, 0x3C, 0x1E, 0x78, 0x3C, 0xF8, 0xF8,
  0xFF, 0xF1, 0xFF, 0xE1, 0xFB, 0xC0, 0xF0, 0x3D, 0xE1, 0xF7, 0x87, 0x9F,
  0x1E, 0x3C, 0xF0, 0xF3, 0xC1, 0xEF, 0x07, 0xF8, 0x1F, 0xE0, 0x3F, 0x00,
  0xFC, 0x01, 0xF0, 0x07, 0x80, 0x70, 0xF0, 0xF7, 0x8F, 0x1E, 0x78, 0xF1,
  0xE7, 0x9F, 0x9E, 0x3D, 0xF9, 0xC3, 0xDF, 0xBC, 0x3D, 0xFF, 0xC1, 0xFD,
  0xFC, 0x1F, 0x9F, 0x81, 0xF9, 0xF8, 0x1F, 0x8F, 0x80, 0xF0, 0xF0, 0x0F,
  0x0F, 0x00, 0x78, 0x79, 0xF3, 0xE3, 0xCF, 0x0F, 0xFC, 0x1F, 0xE0, 0x3F,
  0x00, 0xFC, 0x03, 0xF0, 0x1F, 0xE0, 0xFF, 0xC7, 0xCF, 0x9E, 0x1E, 0xF8,
  0x7C, 0xF8, 0x3D, 0xE0, 0xF7, 0x87, 0x8F, 0x1E, 0x3C, 0xF8, 0xF3, 0xC1,
  0xEF, 0x07, 0xF8, 0x0F, 0xE0, 0x3F, 0x00, 0xFC, 0x01, 0xF0, 0x07, 0x80,
  0x1E, 0x00, 0xF0, 0x03, 0xC0, 0x1F, 0x00, 0x78, 0x00, 0x7F, 0xF1, 0xFF,
  0xC7, 0xFF, 0x00, 0xFC, 0x03, 0xE0, 0x1F, 0x00, 0xF8, 0x07, 0xC0, 0x3F,
  0x01, 0xF8, 0x07, 0xFF, 0x9F, 0xFE, 0x7F, 0xF8, 0x03, 0xC0, 0xF8, 0x3F,
  0x07, 0x81, 0xF0, 0x3C, 0x07, 0x80, 0xF0, 0x1E, 0x07, 0xC3, 0xF0, 0x7E,
  0x07, 0xE0, 0x7C, 0x07, 0x80, 0xF0, 0x1E, 0x03, 0xE0, 0x7C, 0x07, 0xE0,
  0xFC, 0x07, 0x80, 0x30, 0x73, 0x9C, 0xE7, 0x39, 0xCE, 0x73, 0x9C, 0xE7,
  0x39, 0xCE, 0x73, 0x9C, 0xE7, 0x39, 0xCE, 0x73, 0x9C, 0xF0, 0x1F, 0x83,
  0xF8, 0x3F, 0x81, 0xF0, 0x1E, 0x03, 0xC0, 0x78, 0x0F, 0x01, 0xF0, 0x1F,
  0x03, 0xE0, 0x7C, 0x1F, 0x03, 0xC0, 0x78, 0x0F, 0x01, 0xE0, 0x7C, 0x0F,
  0x8F, 0xE1, 0xF8, 0x3C, 0x00, 0x3C, 0x27, 0xFE, 0x7F, 0xE4, 0x3C, 0x00,
  0x00, 0x00, 0x00, 0x00, 0x00, 0x00, 0x00,
};

const GFXglyph RubikBold24Glyphs[] PROGMEM = {
  {     0,   0,   0,   5,    0,    0 },
  {     0,   8,  17,   8,    0,  -17 },
  {    17,  11,  17,  11,    0,  -17 },
  {    41,  16,  16,  16,    0,  -16 },
  {    73,  16,  22,  16,    0,  -20 },
  {   117,  19,  17,  19,    0,  -17 },
  {   158,  18,  17,  18,    0,  -17 },
  {   197,   6,  17,   6,    0,  -17 },
  {   210,   9,  23,   9,    0,  -19 },
  {   236,  10,  23,  10,    0,  -19 },
  {   265,  11,  17,  11,    0,  -17 },
  {   289,  15,  14,  15,    0,  -14 },
  {   316,   7,   6,   7,    0,   -4 },
  {   322,  11,   9,  11,    0,   -9 },
  {   335,   6,   4,   6,    0,   -4 },
  {   338,  13,  22,  13,    0,  -20 },
  {   374,  16,  17,  16,    0,  -17 },
  {   408,  12,  17,  12,    0,  -17 },
  {   434,  16,  17,  16,    0,  -17 },
  {   468,  16,  17,  16,    0,  -17 },
  {   502,  17,  17,  17,    0,  -17 },
  {   539,  15,  17,  15,    0,  -17 },
  {   571,  16,  17,  16,    0,  -17 },
  {   605,  14,  17,  14,    0,  -17 },
  {   635,  16,  17,  16,    0,  -17 },
  {   669,  16,  17,  16,    0,  -17 },
  {   703,   7,  13,   7,    0,  -13 },
  {   715,   7,  14,   7,    0,  -13 },
  {   728,  13,  15,  13,    0,  -15 },
  {   753,  13,  12,  13,    0,  -12 },
  {   773,  12,  15,  12,    0,  -15 },
  {   796,  14,  17,  14,    0,  -17 },
  {   826,  20,  20,  20,    0,  -17 },
  {   876,  17,  17,  17,    0,  -17 },
  {   913,  17,  17,  17,    0,  -17 },
  {   950,  17,  17,  17,    0,  -17 },
  {   987,  17,  17,  17,    0,  -17 },
  {  1024,  16,  17,  16,    0,  -17 },
  {  1058,  15,  17,  15,    0,  -17 },
  {  1090,  17,  17,  17,    0,  -17 },
  {  1127,  18,  17,  18,    0,  -17 },
  {  1166,   8,  17,   8,    0,  -17 },
  {  1183,  16,  17,  16,    0,  -17 },
  {  1217,  16,  17,  16,    0,  -17 },
  {  1251,  15,  17,  15,    0,  -17 },
  {  1283,  20,  17,  20,    0,  -17 },
  {  1326,  18,  17,  18,    0,  -17 },
  {  1365,  17,  17,  17,    0,  -17 },
  {  1402,  17,  17,  17,    0,  -17 },
  {  1439,  16,  19,  16,    0,  -17 },
  {  1477,  17,  17,  17,    0,  -17 },
  {  1514,  16,  17,  16,    0,  -17 },
  {  1548,  16,  17,  16,    0,  -17 },
  {  1582,  18,  17,  18,    0,  -17 },
  {  1621,  17,  17,  17,    0,  -17 },
  {  1658,  20,  17,  20,    0,  -17 },
  {  1701,  17,  17,  17,    0,  -17 },
  {  1738,  16,  17,  16,    0,  -17 },
  {  1772,  16,  17,  16,    0,  -17 },
  {  1806,   9,  23,   9,    0,  -19 },
  {  1832,  13,  22,  13,    0,  -20 },
  {  1868,  10,  23,  10,    0,  -19 },
  {  1897,  11,  18,  11,    0,  -18 },
  {  1922,  17,   3,  17,    0,   -1 },
  {  1929,  10,  19,  10,    0,  -19 },
  {  1953,  15,  13,  15,    0,  -13 },
  {  1978,  15,  17,  15,    0,  -17 },
  {  2010,  14,  13,  14,    0,  -13 },
  {  2033,  15,  17,  15,    0,  -17 },
  {  2065,  14,  13,  14,    0,  -13 },
  {  2088,  12,  18,  12,    0,  -18 },
  {  2115,  15,  19,  15,    0,  -13 },
  {  2151,  15,  17,  15,    0,  -17 },
  {  2183,   7,  18,   7,    0,  -18 },
  {  2199,   9,  22,   8,   -1,  -17 },
  {  2224,  14,  17,  14,    0,  -17 },
  {  2254,   7,  17,   7,    0,  -17 },
  {  2269,  22,  13,  22,    0,  -13 },
  {  2305,  15,  13,  15,    0,  -13 },
  {  2330,  15,  13,  15,    0,  -13 },
  {  2355,  15,  18,  15,    0,  -13 },
  {  2389,  15,  18,  15,    0,  -13 },
  {  2423,  11,  13,  11,    0,  -13 },
  {  2441,  13,  13,  13,    0,  -13 },
  {  2463,  12,  17,  12,    0,  -17 },
  {  2489,  15,  13,  15,    0,  -13 },
  {  2514,  14,  13,  14,    0,  -13 },
  {  2537,  20,  13,  20,    0,  -13 },
  {  2570,  14,  13,  14,    0,  -13 },
  {  2593,  14,  18,  14,    0,  -13 },
  {  2625,  14,  13,  14,    0,  -13 },
  {  2648,  11,  23,  11,    0,  -19 },
  {  2680,   5,  27,   5,    0,  -22 },
  {  2697,  11,  23,  11,    0,  -19 },
  {  2729,  12,   9,  12,    0,   -9 },
};

const GFXfont RubikBold24 PROGMEM = {
  (uint8_t *)RubikBold24Bitmaps,
  (GFXglyph *)RubikBold24Glyphs,
  32, 126, 29
};

const uint8_t RubikBold32Bitmaps[] PROGMEM = {
  0x3F, 0x0F, 0xC3, 0xF0, 0xFC, 0x3F, 0x0F, 0xC3, 0xF0, 0xFC, 0x3F, 0x0F,
  0xC3, 0xF0, 0xFC, 0x3F, 0x0F, 0xC3, 0xF0, 0x00, 0x3F, 0x0F, 0xC3, 0xF0,
  0xFC, 0x3F, 0x0F, 0xC0, 0x7C, 0xF9, 0xFB, 0xE7, 0xCF, 0x9F, 0x3E, 0x3C,
  0xF8, 0xF3, 0xE3, 0xC7, 0x8F, 0x1C, 0x00, 0x00, 0x00, 0x00, 0x00, 0x00,
  0x00, 0x00, 0x00, 0x00, 0x00, 0x00, 0x00, 0x00, 0x00, 0x00, 0x00, 0x00,
  0x00, 0x00, 0x00, 0x00, 0x00, 0x00, 0x00, 0x00, 0x00, 0x03, 0xC7, 0x80,
  0x1E, 0x3C, 0x00, 0xF1, 0xE0, 0x07, 0x8F, 0x03, 0xFF, 0xFF, 0x1F, 0xFF,
  0xF8, 0xFF, 0xFF, 0xC7, 0xFF, 0xFE, 0x07, 0x8F, 0x00, 0x3C, 0x78, 0x01,
  0xE3, 0xC0, 0x0F, 0x1E, 0x07, 0xFF, 0xFE, 0x3F, 0xFF, 0xF1, 0xFF, 0xFF,
  0x8F, 0xFF, 0xFC, 0x0F, 0x1E, 0x00, 0x78, 0xF0, 0x03, 0xC7, 0x80, 0x1E,
  0x3C, 0x00, 0x00, 0x00, 0x00, 0x00, 0x78, 0x00, 0x01, 0xE0, 0x00, 0x07,
  0x80, 0x00, 0x7F, 0x00, 0x07, 0xFF, 0x80, 0x3F, 0xFF, 0x01, 0xFF, 0xFE,
  0x0F, 0xFF, 0xF8, 0x3F, 0x8F, 0xF0, 0xFC, 0x0F, 0xC3, 0xF0, 0x00, 0x0F,
  0xE0, 0x00, 0x1F, 0xF8, 0x00, 0x7F, 0xFC, 0x00, 0x7F, 0xFC, 0x00, 0x7F,
  0xFC, 0x00, 0x3F, 0xF0, 0x00, 0x0F, 0xE0, 0x00, 0x1F, 0x9F, 0xC0, 0x7E,
  0x3F, 0x83, 0xF8, 0xFF, 0xFF, 0xC3, 0xFF, 0xFF, 0x07, 0xFF, 0xF8, 0x07,
  0xFF, 0x80, 0x07, 0xF8, 0x00, 0x07, 0x80, 0x00, 0x1E, 0x00, 0x00, 0x78,
  0x00, 0x1F, 0x80, 0x3E, 0x1F, 0xE0, 0x1E, 0x1F, 0xF8, 0x1E, 0x0F, 0x1C,
  0x1F, 0x07, 0x0E, 0x1F, 0x03, 0x87, 0x1F, 0x01, 0xC3, 0x8F, 0x00, 0xF3,
  0xCF, 0x00, 0x7F, 0xEF, 0x80, 0x1F, 0xEF, 0x80, 0x07, 0xE7, 0x80, 0x00,
  0x07, 0x8F, 0x80, 0x07, 0xCF, 0xE0, 0x07, 0xCF, 0xF8, 0x07, 0xC7, 0x1C,
  0x03, 0xC3, 0x8E, 0x03, 0xC1, 0xC7, 0x03, 0xE0, 0xE3, 0x83, 0xE0, 0x71,
  0xC1, 0xE0, 0x3F, 0xE1, 0xE0, 0x0F, 0xE1, 0xF0, 0x03, 0xE0, 0x03, 0xFC,
  0x00, 0x0F, 0xFC, 0x00, 0x3F, 0xFC, 0x00, 0xFF, 0xFC, 0x01, 0xF9, 0xF8,
  0x03, 0xE1, 0xF0, 0x07, 0xC3, 0xE0, 0x07, 0xCF, 0x80, 0x0F, 0xFE, 0x00,
  0x0F, 0xF8, 0x00, 0x3F, 0xE0, 0xF0, 0xFF, 0xE3, 0xE3, 0xFF, 0xE7, 0xCF,
  0xCF, 0xEF, 0x1F, 0x8F, 0xFE, 0x3F, 0x0F, 0xF8, 0x7E, 0x0F, 0xF0, 0xFE,
  0x3F, 0xE0, 0xFF, 0xFF, 0xC1, 0xFF, 0xFF, 0xC1, 0xFF, 0xFF, 0xC0, 0xFF,
  0x0F, 0xC0, 0x7C, 0x7E, 0x7C, 0x7C, 0x3C, 0x3C, 0x3C, 0x3C, 0x00, 0x00,
  0x00, 0x00, 0x00, 0x00, 0x00, 0x00, 0x00, 0x00, 0x00, 0x00, 0x00, 0x00,
  0x00, 0x01, 0xE0, 0x7E, 0x0F, 0xE1, 0xFE, 0x1F, 0x83, 0xF0, 0x3E, 0x03,
  0xE0, 0x7E, 0x07, 0xC0, 0x7C, 0x07, 0xC0, 0x7C, 0x07, 0xC0, 0x7C, 0x07,
  0xC0, 0x7C, 0x07, 0xC0, 0x7C, 0x07, 0xC0, 0x7C, 0x07, 0xE0, 0x3E, 0x03,
  0xE0, 0x3F, 0x01, 0xF8, 0x1F, 0xE0, 0xFE, 0x07, 0xE0, 0x1E, 0x78, 0x0F,
  0xE0, 0xFF, 0x07, 0xF8, 0x1F, 0x80, 0xFC, 0x07, 0xC0, 0x7C, 0x07, 0xE0,
  0x3E, 0x03, 0xE0, 0x3E, 0x03, 0xE0, 0x3E, 0x03, 0xE0, 0x3E, 0x03, 0xE0,
  0x3E, 0x03, 0xE0, 0x3E, 0x03, 0xE0, 0x7E, 0x07, 0xC0, 0x7C, 0x0F, 0xC1,
  0xF8, 0x7F, 0x8F, 0xF0, 0xFE, 0x07, 0x80, 0x07, 0x80, 0x1E, 0x03, 0x7B,
  0x0F, 0xFC, 0x7F, 0xF9, 0xFF, 0xE0, 0xFC, 0x07, 0xF8, 0x3F, 0xF0, 0x7B,
  0x80, 0xCC, 0x00, 0x00, 0x00, 0x00, 0x00, 0x00, 0x00, 0x00, 0x00, 0x00,
  0x00, 0x00, 0x00, 0x00, 0x00, 0x00, 0x00, 0x00, 0x00, 0x00, 0x00, 0x00,
  0x00, 0xF0, 0x00, 0x1E, 0x00, 0x03, 0xC0, 0x00, 0x78, 0x00, 0x0F, 0x00,
  0x01, 0xE0, 0x1F, 0xFF, 0xF3, 0xFF, 0xFE, 0x7F, 0xFF, 0xCF, 0xFF, 0xF8,
  0x03, 0xC0, 0x00, 0x78, 0x00, 0x0F, 0x00, 0x01, 0xE0, 0x00, 0x3C, 0x00,
  0x07, 0x80, 0x00, 0xF0, 0x00, 0x00, 0x00, 0x3F, 0x1F, 0x0F, 0x87, 0xC7,
  0xC3, 0xE1, 0xE0, 0xF0, 0x3F, 0xFC, 0x3F, 0xFC, 0x3F, 0xFC, 0x3F, 0xFC,
  0x3F, 0xFC, 0x00, 0x00, 0x00, 0x00, 0x00, 0x00, 0x00, 0x00, 0x00, 0x00,
  0x00, 0x00, 0x00, 0x00, 0x3F, 0x1F, 0x8F, 0xC7, 0xE3, 0xF1, 0xF8, 0x00,
  0x0F, 0x00, 0x0F, 0x80, 0x07, 0xC0, 0x07, 0xC0, 0x03, 0xE0, 0x01, 0xF0,
  0x01, 0xF0, 0x00, 0xF8, 0x00, 0xF8, 0x00, 0x7C, 0x00, 0x7C, 0x00, 0x3E,
  0x00, 0x1F, 0x00, 0x1F, 0x00, 0x0F, 0x80, 0x0F, 0x80, 0x07, 0xC0, 0x03,
  0xE0, 0x03, 0xE0, 0x01, 0xF0, 0x01, 0xF0, 0x00, 0xF8, 0x00, 0x78, 0x00,
  0x7C, 0x00, 0x3E, 0x00, 0x3E, 0x00, 0x1F, 0x00, 0x0F, 0x00, 0x00, 0x01,
  0xFE, 0x00, 0x1F, 0xFE, 0x00, 0xFF, 0xFC, 0x07, 0xFF, 0xF8, 0x1F, 0xFF,
  0xE0, 0xFE, 0x1F, 0xC3, 0xF0, 0x3F, 0x0F, 0xC0, 0xFC, 0x3F, 0x03, 0xF0,
  0xFC, 0x0F, 0xC3, 0xF0, 0x3F, 0x0F, 0xC0, 0xFC, 0x3F, 0x03, 0xF0, 0xFC,
  0x0F, 0xC3, 0xF0, 0x3F, 0x0F, 0xC0, 0xFC, 0x3F, 0x87, 0xF0, 0x7F, 0xFF,
  0x81, 0xFF, 0xFE, 0x03, 0xFF, 0xF0, 0x07, 0xFF, 0x80, 0x07, 0xF8, 0x00,
  0x00, 0xFC, 0x03, 0xFC, 0x07, 0xFC, 0x0F, 0xFC, 0x3F, 0xFC, 0x7F, 0xFC,
  0xFF, 0xFC, 0x7E, 0xFC, 0x38, 0xFC, 0x30, 0xFC, 0x00, 0xFC, 0x00, 0xFC,
  0x00, 0xFC, 0x00, 0xFC, 0x00, 0xFC, 0x00, 0xFC, 0x00, 0xFC, 0x00, 0xFC,
  0x00, 0xFC, 0x00, 0xFC, 0x00, 0xFC, 0x00, 0xFC, 0x03, 0xFC, 0x00, 0x7F,
  0xF0, 0x1F, 0xFF, 0x81, 0xFF, 0xFC, 0x3F, 0xFF, 0xC3, 0xF8, 0xFE, 0x7F,
  0x07, 0xE7, 0xE0, 0x7E, 0x00, 0x0F, 0xC0, 0x00, 0xFC, 0x00, 0x1F, 0x80,
  0x07, 0xF0, 0x00, 0xFE, 0x00, 0x3F, 0xC0, 0x07, 0xF8, 0x00, 0xFF, 0x00,
  0x1F, 0xE0, 0x03, 0xFF, 0xFE, 0x7F, 0xFF, 0xE7, 0xFF, 0xFE, 0x7F, 0xFF,
  0xE7, 0xFF, 0xFE, 0x3F, 0xFF, 0xC1, 0xFF, 0xFE, 0x0F, 0xFF, 0xF0, 0x7F,
  0xFF, 0x83, 0xFF, 0xFC, 0x00, 0x0F, 0xC0, 0x00, 0xFC, 0x00, 0x1F, 0xC0,
  0x01, 0xFC, 0x00, 0x1F, 0xF8, 0x00, 0xFF, 0xF0, 0x07, 0xFF, 0xC0, 0x00,
  0xFE, 0x00, 0x01, 0xF8, 0x00, 0x0F, 0xCF, 0xC0, 0x7E, 0x7F, 0x0F, 0xF3,
  0xFF, 0xFF, 0x0F, 0xFF, 0xF8, 0x3F, 0xFF, 0x80, 0xFF, 0xF8, 0x01, 0xFE,
  0x00, 0x00, 0x1F, 0xC0, 0x00, 0xFF, 0x00, 0x07, 0xFC, 0x00, 0x3F, 0xF0,
  0x00, 0xFF, 0xC0, 0x07, 0xFF, 0x00, 0x3F, 0xFC, 0x01, 0xFB, 0xF0, 0x07,
  0xCF, 0xC0, 0x3E, 0x3F, 0x01, 0xF8, 0xFC, 0x0F, 0xC3, 0xF0, 0x3E, 0x0F,
  0xC1, 0xFF, 0xFF, 0xE7, 0xFF, 0xFF, 0x9F, 0xFF, 0xFE, 0x7F, 0xFF, 0xF9,
  0xFF, 0xFF, 0xE0, 0x00, 0xFC, 0x00, 0x03, 0xF0, 0x00, 0x0F, 0xC0, 0x00,
  0x3F, 0x00, 0x0F, 0xFF, 0xC0, 0x7F, 0xFE, 0x07, 0xFF, 0xF0, 0x3F, 0xFF,
  0x81, 0xFF, 0xFC, 0x0F, 0x80, 0x00, 0x7C, 0x00, 0x03, 0xEF, 0xC0, 0x1F,
  0xFF, 0x80, 0xFF, 0xFE, 0x07, 0xFF, 0xF8, 0x3F, 0x1F, 0xC0, 0x00, 0x3F,
  0x00, 0x01, 0xF8, 0xF8, 0x0F, 0xCF, 0xE0, 0xFE, 0x3F, 0x8F, 0xE1, 0xFF,
  0xFF, 0x0F, 0xFF, 0xF0, 0x3F, 0xFF, 0x80, 0xFF, 0xF0, 0x01, 0xFE, 0x00,
  0x00, 0x7E, 0x00, 0x07, 0xF0, 0x00, 0x3F, 0x00, 0x03, 0xF0, 0x00, 0x3F,
  0x80, 0x03, 0xF8, 0x00, 0x1F, 0x80, 0x01, 0xFF, 0xC0, 0x1F, 0xFF, 0x80,
  0xFF, 0xFE, 0x0F, 0xFF, 0xF8, 0xFE, 0x1F, 0xC7, 0xE0, 0x7F, 0x3F, 0x01,
  0xF9, 0xF8, 0x0F, 0xCF, 0xC0, 0xFE, 0x7F, 0x0F, 0xE1, 0xFF, 0xFF, 0x0F,
  0xFF, 0xF0, 0x3F, 0xFF, 0x00, 0xFF, 0xF0, 0x01, 0xFE, 0x00, 0x7F, 0xFF,
  0xCF, 0xFF, 0xF9, 0xFF, 0xFF, 0x3F, 0xFF, 0xE7, 0xFF, 0xFC, 0x00, 0x3F,
  0x80, 0x07, 0xE0, 0x01, 0xFC, 0x00, 0x3F, 0x00, 0x0F, 0xE0, 0x01, 0xF8,
  0x00, 0x7F, 0x00, 0x0F, 0xC0, 0x01, 0xF8, 0x00, 0x7E, 0x00, 0x0F, 0xC0,
  0x03, 0xF0, 0x00, 0x7E, 0x00, 0x1F, 0x80, 0x03, 0xF0, 0x00, 0xFE, 0x00,
  0x1F, 0x80, 0x00, 0x03, 0xFE, 0x00, 0x7F, 0xFC, 0x07, 0xFF, 0xF0, 0x7F,
  0xFF, 0xC7, 0xF0, 0xFE, 0x3F, 0x03, 0xF1, 0xF8, 0x1F, 0x87, 0xE1, 0xFC,
  0x3F, 0xFF, 0xC0, 0xFF, 0xFC, 0x07, 0xFF, 0xF0, 0x7F, 0xFF, 0xC7, 0xF0,
  0xFE, 0x3F, 0x03, 0xF9, 0xF8, 0x0F, 0xCF, 0xC0, 0x7E, 0x7E, 0x07, 0xF3,
  0xF8, 0x7F, 0x0F, 0xFF, 0xF8, 0x3F, 0xFF, 0x80, 0xFF, 0xF8, 0x01, 0xFF,
  0x00, 0x03, 0xFC, 0x00, 0x7F, 0xF8, 0x07, 0xFF, 0xF0, 0x7F, 0xFF, 0x83,
  0xFF, 0xFE, 0x3F, 0x87, 0xF1, 0xF8, 0x1F, 0xCF, 0xC0, 0x7E, 0x7E, 0x03,
  0xF3, 0xF0, 0x3F, 0x1F, 0xC3, 0xF8, 0x7F, 0xFF, 0x81, 0xFF, 0xFC, 0x07,
  0xFF, 0xC0, 0x0F, 0xFC, 0x00, 0x0F, 0xE0, 0x00, 0xFE, 0x00, 0x0F, 0xE0,
  0x00, 0x7E, 0x00, 0x07, 0xF0, 0x00, 0x7F, 0x00, 0x03, 0xF0, 0x00, 0x3F,
  0x1F, 0x8F, 0xC7, 0xE3, 0xF0, 0x00, 0x00, 0x00, 0x00, 0x00, 0x00, 0x00,
  0x03, 0xF1, 0xF8, 0xFC, 0x7E, 0x3F, 0x00, 0x3F, 0x1F, 0x8F, 0xC7, 0xE3,
  0xF0, 0x00, 0x00, 0x00, 0x00, 0x00, 0x00, 0x07, 0xC3, 0xE1, 0xF1, 0xF0,
  0xF8, 0x7C, 0x3C, 0x1E, 0x00, 0x00, 0x06, 0x00, 0x1E, 0x00, 0x3E, 0x00,
  0xFE, 0x01, 0xFE, 0x03, 0xFC, 0x0F, 0xF0, 0x1F, 0xE0, 0x7F, 0x80, 0x7F,
  0x00, 0x7F, 0x00, 0x7F, 0x80, 0x1F, 0xE0, 0x0F, 0xF0, 0x07, 0xFC, 0x01,
  0xFE, 0x00, 0xFE, 0x00, 0x3E, 0x00, 0x1E, 0x00, 0x06, 0x3F, 0xFF, 0x0F,
  0xFF, 0xC3, 0xFF, 0xF0, 0xFF, 0xFC, 0x00, 0x00, 0x00, 0x00, 0x00, 0x00,
  0x00, 0x00, 0x00, 0x3F, 0xFF, 0x0F, 0xFF, 0xC3, 0xFF, 0xF0, 0xFF, 0xFC,
  0x00, 0x00, 0x00, 0x00, 0x00, 0x00, 0x00, 0x00, 0x00, 0x30, 0x00, 0x38,
  0x00, 0x3E, 0x00, 0x3F, 0x00, 0x3F, 0xC0, 0x1F, 0xE0, 0x0F, 0xF0, 0x03,
  0xFC, 0x01, 0xFE, 0x00, 0x7F, 0x00, 0x7F, 0x01, 0xFE, 0x03, 0xFC, 0x0F,
  0xF0, 0x1F, 0xE0, 0x3F, 0xC0, 0x3F, 0x00, 0x3E, 0x00, 0x38, 0x00, 0x30,
  0x00, 0x03, 0xFC, 0x01, 0xFF, 0xE0, 0x7F, 0xFE, 0x1F, 0xFF, 0xE7, 0xFF,
  0xFC, 0xFE, 0x3F, 0x9F, 0x83, 0xF3, 0xF0, 0x7E, 0x00, 0x0F, 0x80, 0x03,
  0xF0, 0x01, 0xFC, 0x00, 0x7F, 0x00, 0x0F, 0xC0, 0x03, 0xF8, 0x00, 0x7E,
  0x00, 0x0F, 0x80, 0x00, 0x00, 0x00, 0x3F, 0x00, 0x07, 0xE0, 0x00, 0xFC,
  0x00, 0x1F, 0x80, 0x03, 0xF0, 0x00, 0x00, 0x7F, 0xE0, 0x00, 0x3F, 0xFF,
  0x00, 0x0F, 0xFF, 0xF8, 0x03, 0xF0, 0x1F, 0x80, 0xF0, 0x00, 0xF0, 0x3C,
  0x00, 0x0F, 0x07, 0x80, 0x00, 0xE1, 0xE0, 0xF7, 0x1E, 0x3C, 0x7F, 0xE1,
  0xC7, 0x0F, 0xFC, 0x38, 0xE3, 0xC7, 0x87, 0x1C, 0x70, 0x70, 0xE3, 0x8E,
  0x0E, 0x1C, 0x71, 0xC1, 0xC3, 0x8E, 0x38, 0x38, 0x71, 0xC7, 0x07, 0x9E,
  0x38, 0xF1, 0xFF, 0xC7, 0x8F, 0xFF, 0xF0, 0xF1, 0xFE, 0xFC, 0x0E, 0x0F,
  0x80, 0x01, 0xE0, 0x00, 0x00, 0x1E, 0x00, 0x1E, 0x03, 0xF8, 0x0F, 0xC0,
  0x3F, 0xFF, 0xF0, 0x01, 0xFF, 0xF8, 0x00, 0x0F, 0xFC, 0x00, 0x00, 0xFE,
  0x00, 0x03, 0xFC, 0x00, 0x07, 0xFC, 0x00, 0x0F, 0xF8, 0x00, 0x3F, 0xF8,
  0x00, 0x7F, 0xF0, 0x00, 0xFB, 0xE0, 0x03, 0xF7, 0xE0, 0x07, 0xC7, 0xC0,
  0x1F, 0x8F, 0x80, 0x3F, 0x1F, 0x80, 0x7C, 0x1F, 0x01, 0xF8, 0x3F, 0x03,
  0xFF, 0xFE, 0x07, 0xFF, 0xFC, 0x1F, 0xFF, 0xFC, 0x3F, 0xFF, 0xF8, 0x7F,
  0xFF, 0xF1, 0xF8, 0x03, 0xF3, 0xF0, 0x07, 0xEF, 0xC0, 0x07, 0xDF, 0x80,
  0x0F, 0xC0, 0x3F, 0xFF, 0x80, 0xFF, 0xFF, 0x83, 0xFF, 0xFF, 0x0F, 0xFF,
  0xFC, 0x3F, 0x03, 0xF8, 0xFC, 0x07, 0xE3, 0xF0, 0x1F, 0x8F, 0xC0, 0xFC,
  0x3F, 0xFF, 0xF0, 0xFF, 0xFF, 0x83, 0xFF, 0xFE, 0x0F, 0xFF, 0xFC, 0x3F,
  0x03, 0xF0, 0xFC, 0x07, 0xE3, 0xF0, 0x1F, 0x8F, 0xC0, 0x7E, 0x3F, 0x01,
  0xF8, 0xFC, 0x0F, 0xC3, 0xFF, 0xFF, 0x0F, 0xFF, 0xF8, 0x3F, 0xFF, 0xC0,
  0xFF, 0xFC, 0x00, 0x00, 0xFF, 0x00, 0x0F, 0xFF, 0x80, 0x3F, 0xFF, 0xC0,
  0xFF, 0xFF, 0xC1, 0xFF, 0xFF, 0x87, 0xF8, 0x7F, 0x8F, 0xC0, 0x7F, 0x1F,
  0x80, 0x7E, 0x3F, 0x00, 0x00, 0x7E, 0x00, 0x00, 0xFC, 0x00, 0x01, 0xF8,
  0x00, 0x03, 0xF0, 0x00, 0x07, 0xE0, 0x00, 0x0F, 0xC0, 0x3F, 0x1F, 0x80,
  0xFE, 0x3F, 0xC3, 0xFC, 0x3F, 0xFF, 0xF0, 0x7F, 0xFF, 0xE0, 0x7F, 0xFF,
  0x80, 0x7F, 0xFC, 0x00, 0x1F, 0xE0, 0x00, 0x3F, 0xFE, 0x00, 0x7F, 0xFF,
  0x80, 0xFF, 0xFF, 0x81, 0xFF, 0xFF, 0x83, 0xFF, 0xFF, 0x07, 0xE0, 0xFF,
  0x0F, 0xC0, 0x7E, 0x1F, 0x80, 0xFC, 0x3F, 0x01, 0xF8, 0x7E, 0x03, 0xF0,
  0xFC, 0x07, 0xE1, 0xF8, 0x0F, 0xC3, 0xF0, 0x1F, 0x87, 0xE0, 0x3F, 0x0F,
  0xC0, 0x7E, 0x1F, 0x80, 0xFC, 0x3F, 0x07, 0xF8, 0x7F, 0xFF, 0xE0, 0xFF,
  0xFF, 0xC1, 0xFF, 0xFF, 0x03, 0xFF, 0xFC, 0x07, 0xFF, 0xE0, 0x00, 0x3F,
  0xFF, 0xC3, 0xFF, 0xFE, 0x3F, 0xFF, 0xE3, 0xFF, 0xFE, 0x3F, 0xFF, 0xC3,
  0xF0, 0x00, 0x3F, 0x00, 0x03, 0xF0, 0x00, 0x3F, 0x00, 0x03, 0xFF, 0xFC,
  0x3F, 0xFF, 0xC3, 0xFF, 0xFC, 0x3F, 0xFF, 0xC3, 0xF0, 0x00, 0x3F, 0x00,
  0x03, 0xF0, 0x00, 0x3F, 0x00, 0x03, 0xFF, 0xFE, 0x3F, 0xFF, 0xE3, 0xFF,
  0xFE, 0x3F, 0xFF, 0xE3, 0xFF, 0xFE, 0x3F, 0xFF, 0xC3, 0xFF, 0xFE, 0x3F,
  0xFF, 0xE3, 0xFF, 0xFE, 0x3F, 0xFF, 0xC3, 0xF0, 0x00, 0x3F, 0x00, 0x03,
  0xF0, 0x00, 0x3F, 0x00, 0x03, 0xFF, 0xF8, 0x3F, 0xFF, 0xC3, 0xFF, 0xFC,
  0x3F, 0xFF, 0xC3, 0xFF, 0xF8, 0x3F, 0x00, 0x03, 0xF0, 0x00, 0x3F, 0x00,
  0x03, 0xF0, 0x00, 0x3F, 0x00, 0x03, 0xF0, 0x00, 0x3F, 0x00, 0x03, 0xF0,
  0x00, 0x00, 0xFF, 0x00, 0x07, 0xFF, 0xE0, 0x0F, 0xFF, 0xF0, 0x1F, 0xFF,
  0xF8, 0x1F, 0xFF, 0xFC, 0x3F, 0xC3, 0xFC, 0x3F, 0x01, 0xFC, 0x3F, 0x00,
  0x00, 0x3F, 0x00, 0x00, 0x3F, 0x0F, 0xFC, 0x3F, 0x0F, 0xFC, 0x3F, 0x0F,
  0xFC, 0x3F, 0x0F, 0xFC, 0x3F, 0x00, 0xFC, 0x3F, 0x00, 0xFC, 0x3F, 0x00,
  0xFC, 0x3F, 0xC3, 0xFC, 0x1F, 0xFF, 0xF8, 0x1F, 0xFF, 0xF8, 0x0F, 0xFF,
  0xF0, 0x07, 0xFF, 0xC0, 0x00, 0xFF, 0x00, 0x3F, 0x01, 0xF8, 0x7E, 0x03,
  0xF0, 0xFC, 0x07, 0xE1, 0xF8, 0x0F, 0xC3, 0xF0, 0x1F, 0x87, 0xE0, 0x3F,
  0x0F, 0xC0, 0x7E, 0x1F, 0x80, 0xFC, 0x3F, 0xFF, 0xF8, 0x7F, 0xFF, 0xF0,
  0xFF, 0xFF, 0xE1, 0xFF, 0xFF, 0xC3, 0xFF, 0xFF, 0x87, 0xE0, 0x3F, 0x0F,
  0xC0, 0x7E, 0x1F, 0x80, 0xFC, 0x3F, 0x01, 0xF8, 0x7E, 0x03, 0xF0, 0xFC,
  0x07, 0xE1, 0xF8, 0x0F, 0xC3, 0xF0, 0x1F, 0x87, 0xE0, 0x3F, 0x00, 0x3F,
  0x0F, 0xC3, 0xF0, 0xFC, 0x3F, 0x0F, 0xC3, 0xF0, 0xFC, 0x3F, 0x0F, 0xC3,
  0xF0, 0xFC, 0x3F, 0x0F, 0xC3, 0xF0, 0xFC, 0x3F, 0x0F, 0xC3, 0xF0, 0xFC,
  0x3F, 0x0F, 0xC0, 0x3F, 0xFF, 0xE1, 0xFF, 0xFF, 0x0F, 0xFF, 0xF8, 0x7F,
  0xFF, 0xC3, 0xFF, 0xFE, 0x00, 0x03, 0xF0, 0x00, 0x1F, 0x80, 0x00, 0xFC,
  0x00, 0x07, 0xE0, 0x00, 0x3F, 0x00, 0x01, 0xF8, 0x00, 0x0F, 0xC0, 0x00,
  0x7E, 0x00, 0x03, 0xF3, 0xF0, 0x1F, 0x9F, 0xC1, 0xFC, 0x7F, 0x1F, 0xC3,
  0xFF, 0xFE, 0x0F, 0xFF, 0xE0, 0x7F, 0xFF, 0x00, 0xFF, 0xE0, 0x01, 0xFC,
  0x00, 0x3F, 0x07, 0xF1, 0xF8, 0x3F, 0x8F, 0xC3, 0xF8, 0x7E, 0x3F, 0x83,
  0xF3, 0xF8, 0x1F, 0xBF, 0x80, 0xFD, 0xFC, 0x07, 0xFF, 0xC0, 0x3F, 0xFC,
  0x01, 0xFF, 0xC0, 0x0F, 0xFE, 0x00, 0x7F, 0xF0, 0x03, 0xFF, 0xC0, 0x1F,
  0xFF, 0x00, 0xFF, 0xFC, 0x07, 0xEF, 0xE0, 0x3F, 0x3F, 0x81, 0xF8, 0xFE,
  0x0F, 0xC7, 0xF8, 0x7E, 0x1F, 0xC3, 0xF0, 0x7F, 0x1F, 0x81, 0xFC, 0x3F,
  0x00, 0x07, 0xE0, 0x00, 0xFC, 0x00, 0x1F, 0x80, 0x03, 0xF0, 0x00, 0x7E,
  0x00, 0x0F, 0xC0, 0x01, 0xF8, 0x00, 0x3F, 0x00, 0x07, 0xE0, 0x00, 0xFC,
  0x00, 0x1F, 0x80, 0x03, 0xF0, 0x00, 0x7E, 0x00, 0x0F, 0xC0, 0x01, 0xF8,
  0x00, 0x3F, 0x00, 0x07, 0xFF, 0xF8, 0xFF, 0xFF, 0x9F, 0xFF, 0xF3, 0xFF,
  0xFE, 0x7F, 0xFF, 0x80, 0x3E, 0x00, 0x1F, 0x0F, 0xC0, 0x0F, 0xC3, 0xF8,
  0x07, 0xF0, 0xFE, 0x01, 0xFC, 0x3F, 0xC0, 0xFF, 0x0F, 0xF0, 0x3F, 0xC3,
  0xFE, 0x1F, 0xF0, 0xFF, 0x87, 0xFC, 0x3F, 0xF3, 0xFF, 0x0F, 0xFE, 0xFF,
  0xC3, 0xFF, 0xFF, 0xF0, 0xFD, 0xFE, 0xFC, 0x3F, 0x7F, 0xBF, 0x0F, 0xCF,
  0xCF, 0xC3, 0xF3, 0xF3, 0xF0, 0xFC, 0x78, 0xFC, 0x3F, 0x1E, 0x3F, 0x0F,
  0xC0, 0x0F, 0xC3, 0xF0, 0x03, 0xF0, 0xFC, 0x00, 0xFC, 0x3F, 0x00, 0x3F,
  0x0F, 0xC0, 0x0F, 0xC0, 0x3E, 0x01, 0xF8, 0x7E, 0x03, 0xF0, 0xFE, 0x07,
  0xE1, 0xFC, 0x0F, 0xC3, 0xFC, 0x1F, 0x87, 0xFC, 0x3F, 0x0F, 0xF8, 0x7E,
  0x1F, 0xF8, 0xFC, 0x3F, 0xF1, 0xF8, 0x7F, 0xF3, 0xF0, 0xFF, 0xF7, 0xE1,
  0xFB, 0xEF, 0xC3, 0xF7, 0xFF, 0x87, 0xE7, 0xFF, 0x0F, 0xC7, 0xFE, 0x1F,
  0x8F, 0xFC, 0x3F, 0x0F, 0xF8, 0x7E, 0x0F, 0xF0, 0xFC, 0x1F, 0xE1, 0xF8,
  0x1F, 0xC3, 0xF0, 0x1F, 0x87, 0xE0, 0x3F, 0x00, 0x00, 0xFF, 0x00, 0x0F,
  0xFF, 0x80, 0x3F, 0xFF, 0x80, 0xFF, 0xFF, 0x81, 0xFF, 0xFF, 0x87, 0xF8,
  0x7F, 0x0F, 0xC0, 0x7F, 0x1F, 0x80, 0x7E, 0x3F, 0x00, 0xFC, 0x7E, 0x01,
  0xF8, 0xFC, 0x03, 0xF1, 0xF8, 0x07, 0xE3, 0xF0, 0x0F, 0xC7, 0xE0, 0x1F,
  0x8F, 0xC0, 0x3F, 0x1F, 0x80, 0xFE, 0x3F, 0xC3, 0xF8, 0x3F, 0xFF, 0xF0,
  0x7F, 0xFF, 0xC0, 0x7F, 0xFF, 0x00, 0x7F, 0xFC, 0x00, 0x3F, 0xE0, 0x00,
  0x3F, 0xFF, 0x01, 0xFF, 0xFE, 0x0F, 0xFF, 0xF8, 0x7F, 0xFF, 0xE3, 0xF0,
  0x3F, 0x1F, 0x80, 0xFC, 0xFC, 0x07, 0xE7, 0xE0, 0x3F, 0x3F, 0x01, 0xF9,
  0xF8, 0x3F, 0x8F, 0xFF, 0xFC, 0x7F, 0xFF, 0xC3, 0xFF, 0xFC, 0x1F, 0xFF,
  0x80, 0xFC, 0x00, 0x07, 0xE0, 0x00, 0x3F, 0x00, 0x01, 0xF8, 0x00, 0x0F,
  0xC0, 0x00, 0x7E, 0x00, 0x03, 0xF0, 0x00, 0x1F, 0x80, 0x00, 0x00, 0xFF,
  0x00, 0x0F, 0xFF, 0x80, 0x3F, 0xFF, 0x80, 0xFF, 0xFF, 0x81, 0xFF, 0xFF,
  0x87, 0xF8, 0x7F, 0x0F, 0xC0, 0x7F, 0x1F, 0x80, 0x7E, 0x3F, 0x00, 0xFC,
  0x7E, 0x01, 0xF8, 0xFC, 0x03, 0xF1, 0xF8, 0x07, 0xE3, 0xF0, 0x0F, 0xC7,
  0xE0, 0x1F, 0x8F, 0xC0, 0x3F, 0x1F, 0x80, 0xFE, 0x3F, 0xC3, 0xF8, 0x3F,
  0xFF, 0xF0, 0x7F, 0xFF, 0xC0, 0x7F, 0xFF, 0x80, 0x7F, 0xFF, 0x80, 0x1F,
  0xFF, 0x00, 0x00, 0x3F, 0x00, 0x00, 0x3C, 0x3F, 0xFE, 0x01, 0xFF, 0xFC,
  0x0F, 0xFF, 0xF8, 0x7F, 0xFF, 0xC3, 0xF0, 0x7F, 0x1F, 0x81, 0xF8, 0xFC,
  0x0F, 0xC7, 0xE0, 0x7E, 0x3F, 0x07, 0xF1, 0xFF, 0xFF, 0x8F, 0xFF, 0xF8,
  0x7F, 0xFF, 0x83, 0xFF, 0xF8, 0x1F, 0xFF, 0xC0, 0xFC, 0x7E, 0x07, 0xE1,
  0xF8, 0x3F, 0x0F, 0xC1, 0xF8, 0x3F, 0x0F, 0xC1, 0xF8, 0x7E, 0x07, 0xE3,
  0xF0, 0x3F, 0x9F, 0x80, 0xFC, 0x03, 0xFC, 0x00, 0x7F, 0xF8, 0x0F, 0xFF,
  0xE0, 0x7F, 0xFF, 0x87, 0xFF, 0xFC, 0x3F, 0x87, 0xF1, 0xF8, 0x1F, 0x8F,
  0xC0, 0x00, 0x7F, 0x00, 0x01, 0xFF, 0xC0, 0x07, 0xFF, 0xC0, 0x0F, 0xFF,
  0x80, 0x0F, 0xFE, 0x00, 0x07, 0xF0, 0x00, 0x0F, 0xDF, 0xC0, 0x7E, 0xFF,
  0x07, 0xF3, 0xFF, 0xFF, 0x1F, 0xFF, 0xF8, 0x7F, 0xFF, 0x80, 0xFF, 0xF8,
  0x01, 0xFE, 0x00, 0x7F, 0xFF, 0xF3, 0xFF, 0xFF, 0x9F, 0xFF, 0xFC, 0xFF,
  0xFF, 0xE7, 0xFF, 0xFF, 0x00, 0xFC, 0x00, 0x07, 0xE0, 0x00, 0x3F, 0x00,
  0x01, 0xF8, 0x00, 0x0F, 0xC0, 0x00, 0x7E, 0x00, 0x03, 0xF0, 0x00, 0x1F,
  0x80, 0x00, 0xFC, 0x00, 0x07, 0xE0, 0x00, 0x3F, 0x00, 0x01, 0xF8, 0x00,
  0x0F, 0xC0, 0x00, 0x7E, 0x00, 0x03, 0xF0, 0x00, 0x1F, 0x80, 0x00, 0xFC,
  0x00, 0x3F, 0x01, 0xF8, 0x7E, 0x03, 0xF0, 0xFC, 0x07, 0xE1, 0xF8, 0x0F,
  0xC3, 0xF0, 0x1F, 0x87, 0xE0, 0x3F, 0x0F, 0xC0, 0x7E, 0x1F, 0x80, 0xFC,
  0x3F, 0x01, 0xF8, 0x7E, 0x03, 0xF0, 0xFC, 0x07, 0xE1, 0xF8, 0x0F, 0xC3,
  0xF0, 0x1F, 0x87, 0xE0, 0x3F, 0x0F, 0xC0, 0x7E, 0x1F, 0x80, 0xFC, 0x3F,
  0xC7, 0xF8, 0x3F, 0xFF, 0xE0, 0x7F, 0xFF, 0xC0, 0x7F, 0xFF, 0x00, 0x7F,
  0xFC, 0x00, 0x3F, 0xE0, 0x00, 0x7C, 0x00, 0xF9, 0xF8, 0x07, 0xE7, 0xE0,
  0x1F, 0x9F, 0xC0, 0x7E, 0x3F, 0x03, 0xF0, 0xFC, 0x0F, 0xC3, 0xF0, 0x3F,
  0x07, 0xE1, 0xF8, 0x1F, 0x87, 0xE0, 0x7E, 0x1F, 0x80, 0xFC, 0xFC, 0x03,
  0xF3, 0xF0, 0x0F, 0xCF, 0xC0, 0x1F, 0xBE, 0x00, 0x7F, 0xF8, 0x01, 0xFF,
  0xE0, 0x03, 0xFF, 0x00, 0x0F, 0xFC, 0x00, 0x3F, 0xF0, 0x00, 0x7F, 0x80,
  0x01, 0xFE, 0x00, 0x07, 0xF8, 0x00, 0x7E, 0x00, 0x0F, 0x8F, 0xC0, 0x01,
  0xF1, 0xF8, 0x00, 0x7E, 0x3F, 0x00, 0x0F, 0xC3, 0xE0, 0x01, 0xF8, 0x7E,
  0x3C, 0x3F, 0x0F, 0xC7, 0xC7, 0xE1, 0xF9, 0xF8, 0xF8, 0x3F, 0x3F, 0x3F,
  0x07, 0xE7, 0xF7, 0xE0, 0x7D, 0xFE, 0xFC, 0x0F, 0xFF, 0xDF, 0x81, 0xFF,
  0xFF, 0xF0, 0x3F, 0xF7, 0xFC, 0x07, 0xFE, 0xFF, 0x80, 0xFF, 0x9F, 0xF0,
  0x0F, 0xF1, 0xFE, 0x01, 0xFC, 0x3F, 0xC0, 0x3F, 0x87, 0xF8, 0x07, 0xF0,
  0x7E, 0x00, 0xFC, 0x0F, 0xC0, 0x0F, 0x80, 0xF8, 0x00, 0x7E, 0x01, 0xF9,
  0xFC, 0x0F, 0xE3, 0xF8, 0x3F, 0x0F, 0xE1, 0xFC, 0x1F, 0xCF, 0xE0, 0x3F,
  0xBF, 0x00, 0xFF, 0xFC, 0x01, 0xFF, 0xE0, 0x03, 0xFF, 0x00, 0x0F, 0xFC,
  0x00, 0x1F, 0xE0, 0x00, 0x7F, 0x80, 0x03, 0xFF, 0x00, 0x1F, 0xFE, 0x00,
  0x7F, 0xF8, 0x03, 0xFF, 0xF0, 0x1F, 0xCF, 0xE0, 0x7F, 0x3F, 0x83, 0xF8,
  0x7F, 0x1F, 0xC0, 0xFE, 0x7E, 0x03, 0xFB, 0xF8, 0x07, 0xF0, 0xFC, 0x01,
  0xF9, 0xF8, 0x07, 0xE7, 0xE0, 0x3F, 0x0F, 0xC0, 0xFC, 0x3F, 0x87, 0xE0,
  0x7E, 0x3F, 0x81, 0xFC, 0xFC, 0x03, 0xF7, 0xF0, 0x07, 0xFF, 0x80, 0x1F,
  0xFC, 0x00, 0x3F, 0xF0, 0x00, 0xFF, 0x80, 0x01, 0xFE, 0x00, 0x07, 0xF0,
  0x00, 0x0F, 0xC0, 0x00, 0x3F, 0x00, 0x00, 0xFC, 0x00, 0x03, 0xF0, 0x00,
  0x0F, 0xC0, 0x00, 0x3F, 0x00, 0x00, 0xFC, 0x00, 0x03, 0xF0, 0x00, 0x7F,
  0xFF, 0xE7, 0xFF, 0xFE, 0x7F, 0xFF, 0xE7, 0xFF, 0xFE, 0x7F, 0xFF, 0xE0,
  0x01, 0xFC, 0x00, 0x3F, 0x80, 0x07, 0xF0, 0x00, 0x7F, 0x00, 0x0F, 0xE0,
  0x01, 0xFC, 0x00, 0x3F, 0x80, 0x07, 0xF0, 0x00, 0xFE, 0x00, 0x0F, 0xE0,
  0x01, 0xFC, 0x00, 0x3F, 0x80, 0x07, 0xFF, 0xFE, 0x7F, 0xFF, 0xE7, 0xFF,
  0xFE, 0x7F, 0xFF, 0xE7, 0xFF, 0xFE, 0x3F, 0xE3, 0xFF, 0x3F, 0xF3, 0xFF,
  0x3E, 0x03, 0xE0, 0x3E, 0x03, 0xE0, 0x3E, 0x03, 0xE0, 0x3E, 0x03, 0xE0,
  0x3E, 0x03, 0xE0, 0x3E, 0x03, 0xE0, 0x3E, 0x03, 0xE0, 0x3E, 0x03, 0xE0,
  0x3E, 0x03, 0xE0, 0x3E, 0x03, 0xE0, 0x3E, 0x03, 0xFE, 0x3F, 0xF3, 0xFF,
  0x3F, 0xF3, 0xFE, 0x78, 0x00, 0x3E, 0x00, 0x1F, 0x00, 0x07, 0xC0, 0x03,
  0xE0, 0x00, 0xF0, 0x00, 0x7C, 0x00, 0x3E, 0x00, 0x0F, 0x80, 0x07, 0xC0,
  0x01, 0xF0, 0x00, 0xF8, 0x00, 0x7C, 0x00, 0x1F, 0x00, 0x0F, 0x80, 0x03,
  0xE0, 0x01, 0xF0, 0x00, 0x78, 0x00, 0x3E, 0x00, 0x1F, 0x00, 0x07, 0xC0,
  0x03, 0xE0, 0x00, 0xF8, 0x00, 0x7C, 0x00, 0x3E, 0x00, 0x0F, 0x80, 0x07,
  0xC0, 0x01, 0xE0, 0x7F, 0xCF, 0xFC, 0xFF, 0xCF, 0xFC, 0x07, 0xC0, 0x7C,
  0x07, 0xC0, 0x7C, 0x07, 0xC0, 0x7C, 0x07, 0xC0, 0x7C, 0x07, 0xC0, 0x7C,
  0x07, 0xC0, 0x7C, 0x07, 0xC0, 0x7C, 0x07, 0xC0, 0x7C, 0x07, 0xC0, 0x7C,
  0x07, 0xC0, 0x7C, 0x07, 0xC7, 0xFC, 0xFF, 0xCF, 0xFC, 0xFF, 0xC7, 0xFC,
  0x07, 0xC0, 0x1F, 0xC0, 0x7F, 0xC1, 0xF7, 0xC7, 0x87, 0x80, 0x00, 0x00,
  0x00, 0x00, 0x00, 0x00, 0x00, 0x00, 0x00, 0x00, 0x00, 0x00, 0x00, 0x00,
  0x00, 0x00, 0x00, 0x00, 0x00, 0x00, 0x00, 0x00, 0x00, 0x00, 0x00, 0x00,
  0x00, 0x00, 0x00, 0x00, 0x00, 0x00, 0x00, 0x00, 0x00, 0x7F, 0xFF, 0xFC,
  0xFF, 0xFF, 0xF9, 0xFF, 0xFF, 0xF3, 0xFF, 0xFF, 0xE7, 0xFF, 0xFF, 0xC0,
  0x3F, 0x01, 0xFC, 0x03, 0xF0, 0x0F, 0x80, 0x3E, 0x00, 0x00, 0x00, 0x00,
  0x00, 0x00, 0x00, 0x00, 0x00, 0x00, 0x00, 0x00, 0x00, 0x00, 0x00, 0x00,
  0x00, 0x00, 0x00, 0x00, 0x00, 0x00, 0x00, 0x00, 0x00, 0x00, 0x00, 0x00,
  0x00, 0x00, 0x00, 0x03, 0xFC, 0x01, 0xFF, 0xE0, 0x7F, 0xFC, 0x1F, 0xFF,
  0xC3, 0xF1, 0xF8, 0x3C, 0x1F, 0x80, 0x07, 0xF0, 0x3F, 0xFE, 0x1F, 0xFF,
  0xC7, 0xFD, 0xF9, 0xF8, 0x3F, 0x3F, 0x0F, 0xE7, 0xE1, 0xFC, 0xFF, 0xFF,
  0x8F, 0xFF, 0xF1, 0xFF, 0x7E, 0x0F, 0xCF, 0xC0, 0x3F, 0x00, 0x03, 0xF0,
  0x00, 0x3F, 0x00, 0x03, 0xF0, 0x00, 0x3F, 0x00, 0x03, 0xF0, 0x00, 0x3F,
  0x7E, 0x03, 0xFF, 0xF8, 0x3F, 0xFF, 0xC3, 0xFF, 0xFC, 0x3F, 0x8F, 0xE3,
  0xF0, 0x7E, 0x3F, 0x07, 0xE3, 0xF0, 0x7E, 0x3F, 0x07, 0xE3, 0xF0, 0x7E,
  0x3F, 0x07, 0xE3, 0xF0, 0x7E, 0x3F, 0x8F, 0xE3, 0xFF, 0xFC, 0x3F, 0xFF,
  0xC3, 0xFF, 0xF8, 0x3E, 0x7E, 0x00, 0x03, 0xF8, 0x01, 0xFF, 0xC0, 0x7F,
  0xFC, 0x1F, 0xFF, 0xC7, 0xF1, 0xF8, 0xFC, 0x3F, 0x9F, 0x83, 0xE3, 0xF0,
  0x00, 0x7E, 0x00, 0x0F, 0xC0, 0x01, 0xF8, 0x3E, 0x3F, 0x0F, 0xE7, 0xF1,
  0xF8, 0x7F, 0xFF, 0x07, 0xFF, 0xC0, 0x7F, 0xF0, 0x03, 0xF8, 0x00, 0x00,
  0x0F, 0xC0, 0x00, 0xFC, 0x00, 0x0F, 0xC0, 0x00, 0xFC, 0x00, 0x0F, 0xC0,
  0x00, 0xFC, 0x07, 0xEF, 0xC1, 0xFF, 0xFC, 0x3F, 0xFF, 0xC3, 0xFF, 0xFC,
  0x7F, 0x1F, 0xC7, 0xE0, 0xFC, 0x7E, 0x0F, 0xC7, 0xE0, 0xFC, 0x7E, 0x0F,
  0xC7, 0xE0, 0xFC, 0x7E, 0x0F, 0xC7, 0xE0, 0xFC, 0x7F, 0x1F, 0xC3, 0xFF,
  0xFC, 0x3F, 0xFF, 0xC1, 0xFF, 0xFC, 0x07, 0xE7, 0xC0, 0x03, 0xF8, 0x01,
  0xFF, 0xC0, 0x7F, 0xFC, 0x1F, 0xFF, 0x87, 0xF1, 0xF8, 0xFC, 0x1F, 0x1F,
  0x83, 0xF3, 0xFF, 0xFE, 0x7F, 0xFF, 0xCF, 0xFF, 0xF9, 0xF8, 0x00, 0x3F,
  0x00, 0x07, 0xF1, 0xF8, 0x7F, 0xFF, 0x07, 0xFF, 0xC0, 0x7F, 0xF0, 0x03,
  0xF8, 0x00, 0x01, 0xFC, 0x07, 0xFC, 0x1F, 0xF8, 0x7F, 0xF0, 0xFC, 0x01,
  0xF8, 0x03, 0xF0, 0x3F, 0xFE, 0x7F, 0xFC, 0xFF, 0xF9, 0xFF, 0xF0, 0x7E,
  0x00, 0xFC, 0x01, 0xF8, 0x03, 0xF0, 0x07, 0xE0, 0x0F, 0xC0, 0x1F, 0x80,
  0x3F, 0x00, 0x7E, 0x00, 0xFC, 0x01, 0xF8, 0x03, 0xF0, 0x07, 0xE0, 0x07,
  0xE7, 0xC1, 0xFF, 0xFC, 0x3F, 0xFF, 0xC3, 0xFF, 0xFC, 0x7F, 0x1F, 0xC7,
  0xE0, 0xFC, 0x7E, 0x0F, 0xC7, 0xE0, 0xFC, 0x7E, 0x0F, 0xC7, 0xE0, 0xFC,
  0x7E, 0x0F, 0xC7, 0xE0, 0xFC, 0x7F, 0x1F, 0xC3, 0xFF, 0xFC, 0x3F, 0xFF,
  0xC1, 0xFF, 0xFC, 0x07, 0xEF, 0xC0, 0x00, 0xFC, 0x7E, 0x0F, 0xC7, 0xF1,
  0xFC, 0x3F, 0xFF, 0x81, 0xFF, 0xF0, 0x0F, 0xFE, 0x00, 0x3F, 0xC0, 0x3F,
  0x00, 0x01, 0xF8, 0x00, 0x0F, 0xC0, 0x00, 0x7E, 0x00, 0x03, 0xF0, 0x00,
  0x1F, 0x80, 0x00, 0xFC, 0xF8, 0x07, 0xFF, 0xF0, 0x3F, 0xFF, 0xC1, 0xFF,
  0xFE, 0x0F, 0xE3, 0xF8, 0x7E, 0x0F, 0xC3, 0xF0, 0x7E, 0x1F, 0x83, 0xF0,
  0xFC, 0x1F, 0x87, 0xE0, 0xFC, 0x3F, 0x07, 0xE1, 0xF8, 0x3F, 0x0F, 0xC1,
  0xF8, 0x7E, 0x0F, 0xC3, 0xF0, 0x7E, 0x1F, 0x83, 0xF0, 0xFC, 0x1F, 0x80,
  0x3F, 0x1F, 0x8F, 0xC7, 0xE0, 0x00, 0x00, 0xFC, 0x7E, 0x3F, 0x1F, 0x8F,
  0xC7, 0xE3, 0xF1, 0xF8, 0xFC, 0x7E, 0x3F, 0x1F, 0x8F, 0xC7, 0xE3, 0xF1,
  0xF8, 0xFC, 0x0F, 0xC1, 0xF8, 0x3F, 0x07, 0xE0, 0x00, 0x00, 0x03, 0xF0,
  0x7E, 0x0F, 0xC1, 0xF8, 0x3F, 0x07, 0xE0, 0xFC, 0x1F, 0x83, 0xF0, 0x7E,
  0x0F, 0xC1, 0xF8, 0x3F, 0x07, 0xE0, 0xFC, 0x1F, 0x83, 0xF0, 0x7E, 0x1F,
  0x9F, 0xF3, 0xFE, 0x7F, 0x8F, 0xC0, 0x3F, 0x00, 0x07, 0xE0, 0x00, 0xFC,
  0x00, 0x1F, 0x80, 0x03, 0xF0, 0x00, 0x7E, 0x00, 0x0F, 0xC3, 0xF1, 0xF8,
  0xFE, 0x3F, 0x3F, 0x87, 0xEF, 0xE0, 0xFF, 0xF8, 0x1F, 0xFE, 0x03, 0xFF,
  0x80, 0x7F, 0xE0, 0x0F, 0xFE, 0x01, 0xFF, 0xE0, 0x3F, 0xFE, 0x07, 0xFF,
  0xC0, 0xFD, 0xFC, 0x1F, 0x9F, 0xC3, 0xF1, 0xFC, 0x7E, 0x1F, 0xCF, 0xC1,
  0xF8, 0x3F, 0x1F, 0x8F, 0xC7, 0xE3, 0xF1, 0xF8, 0xFC, 0x7E, 0x3F, 0x1F,
  0x8F, 0xC7, 0xE3, 0xF1, 0xF8, 0xFC, 0x7E, 0x3F, 0x1F, 0x8F, 0xC7, 0xE3,
  0xF1, 0xF8, 0xFC, 0x3E, 0x7E, 0x1F, 0x80, 0xFF, 0xFD, 0xFF, 0x03, 0xFF,
  0xFF, 0xFE, 0x0F, 0xFF, 0xFF, 0xF8, 0x3F, 0x9F, 0xE7, 0xF0, 0xFC, 0x3F,
  0x0F, 0xC3, 0xF0, 0xFC, 0x3F, 0x0F, 0xC3, 0xF0, 0xFC, 0x3F, 0x0F, 0xC3,
  0xF0, 0xFC, 0x3F, 0x0F, 0xC3, 0xF0, 0xFC, 0x3F, 0x0F, 0xC3, 0xF0, 0xFC,
  0x3F, 0x0F, 0xC3, 0xF0, 0xFC, 0x3F, 0x0F, 0xC3, 0xF0, 0xFC, 0x3F, 0x0F,
  0xC3, 0xF0, 0xFC, 0x3F, 0x0F, 0xC3, 0xF0, 0x3E, 0x7F, 0x01, 0xFF, 0xFC,
  0x0F, 0xFF, 0xF0, 0x7F, 0xFF, 0x83, 0xF8, 0xFE, 0x1F, 0x83, 0xF0, 0xFC,
  0x1F, 0x87, 0xE0, 0xFC, 0x3F, 0x07, 0xE1, 0xF8, 0x3F, 0x0F, 0xC1, 0xF8,
  0x7E, 0x0F, 0xC3, 0xF0, 0x7E, 0x1F, 0x83, 0xF0, 0xFC, 0x1F, 0x87, 0xE0,
  0xFC, 0x3F, 0x07, 0xE0, 0x03, 0xF8, 0x01, 0xFF, 0xC0, 0x7F, 0xFC, 0x1F,
  0xFF, 0xC7, 0xF1, 0xFC, 0xFC, 0x1F, 0x9F, 0x83, 0xF3, 0xF0, 0x7E, 0x7E,
  0x0F, 0xCF, 0xC1, 0xF9, 0xF8, 0x3F, 0x3F, 0x07, 0xE7, 0xF1, 0xFC, 0x7F,
  0xFF, 0x0F, 0xFF, 0xE0, 0x7F, 0xF0, 0x07, 0xFC, 0x00, 0x3E, 0x7E, 0x03,
  0xFF, 0xF8, 0x3F, 0xFF, 0xC3, 0xFF, 0xFC, 0x3F, 0x8F, 0xE3, 0xF0, 0x7E,
  0x3F, 0x07, 0xE3, 0xF0, 0x7E, 0x3F, 0x07, 0xE3, 0xF0, 0x7E, 0x3F, 0x07,
  0xE3, 0xF0, 0x7E, 0x3F, 0x8F, 0xE3, 0xFF, 0xFC, 0x3F, 0xFF, 0xC3, 0xFF,
  0xF8, 0x3F, 0x7E, 0x03, 0xF0, 0x00, 0x3F, 0x00, 0x03, 0xF0, 0x00, 0x3F,
  0x00, 0x03, 0xF0, 0x00, 0x3F, 0x00, 0x00, 0x07, 0xE7, 0xC1, 0xFF, 0xFC,
  0x3F, 0xFF, 0xC3, 0xFF, 0xFC, 0x7F, 0x1F, 0xC7, 0xE0, 0xFC, 0x7E, 0x0F,
  0xC7, 0xE0, 0xFC, 0x7E, 0x0F, 0xC7, 0xE0, 0xFC, 0x7E, 0x0F, 0xC7, 0xE0,
  0xFC, 0x7F, 0x1F, 0xC3, 0xFF, 0xFC, 0x3F, 0xFF, 0xC1, 0xFF, 0xFC, 0x07,
  0xEF, 0xC0, 0x00, 0xFC, 0x00, 0x0F, 0xC0, 0x00, 0xFC, 0x00, 0x0F, 0xC0,
  0x00, 0xFC, 0x00, 0x0F, 0xC0, 0x3E, 0x7C, 0x7F, 0xFC, 0xFF, 0xF9, 0xFF,
  0xF3, 0xFF, 0xC7, 0xF0, 0x0F, 0xC0, 0x1F, 0x80, 0x3F, 0x00, 0x7E, 0x00,
  0xFC, 0x01, 0xF8, 0x03, 0xF0, 0x07, 0xE0, 0x0F, 0xC0, 0x1F, 0x80, 0x3F,
  0x00, 0x0F, 0xF0, 0x0F, 0xFC, 0x0F, 0xFF, 0x0F, 0xFF, 0xC7, 0xE3, 0xE3,
  0xF0, 0x01, 0xFC, 0x00, 0x7F, 0xE0, 0x1F, 0xFC, 0x03, 0xFF, 0x00, 0x1F,
  0xC0, 0x07, 0xE7, 0xE3, 0xF3, 0xFF, 0xF8, 0xFF, 0xF8, 0x3F, 0xF8, 0x0F,
  0xF0, 0x00, 0x0F, 0xC0, 0x1F, 0x80, 0x3F, 0x00, 0x7E, 0x00, 0xFC, 0x01,
  0xF8, 0x1F, 0xFF, 0x3F, 0xFE, 0x7F, 0xFC, 0xFF, 0xF8, 0x3F, 0x00, 0x7E,
  0x00, 0xFC, 0x01, 0xF8, 0x03, 0xF0, 0x07, 0xE0, 0x0F, 0xC0, 0x1F, 0x80,
  0x3F, 0x00, 0x7F, 0xE0, 0x7F, 0xE0, 0x7F, 0xC0, 0x7F, 0x80, 0x3F, 0x07,
  0xE1, 0xF8, 0x3F, 0x0F, 0xC1, 0xF8, 0x7E, 0x0F, 0xC3, 0xF0, 0x7E, 0x1F,
  0x83, 0xF0, 0xFC, 0x1F, 0x87, 0xE0, 0xFC, 0x3F, 0x07, 0xE1, 0xF8, 0x3F,
  0x0F, 0xC1, 0xF8, 0x7E, 0x0F, 0xC3, 0xF8, 0xFE, 0x0F, 0xFF, 0xF0, 0x7F,
  0xFF, 0x81, 0xFF, 0xFC, 0x07, 0xF3, 0xE0, 0x7C, 0x07, 0xCF, 0x80, 0xF9,
  0xF8, 0x3F, 0x1F, 0x07, 0xE3, 0xE0, 0xF8, 0x7E, 0x3F, 0x07, 0xC7, 0xC0,
  0xF8, 0xF8, 0x0F, 0xBF, 0x01, 0xF7, 0xC0, 0x3F, 0xF8, 0x03, 0xFE, 0x00,
  0x7F, 0xC0, 0x07, 0xF8, 0x00, 0xFE, 0x00, 0x1F, 0xC0, 0x01, 0xF0, 0x00,
  0x7C, 0x1E, 0x07, 0xCF, 0x83, 0xE0, 0xF9, 0xF0, 0x7C, 0x3F, 0x3F, 0x1F,
  0x87, 0xC3, 0xE3, 0xF8, 0xF8, 0x7C, 0x7F, 0x1F, 0x0F, 0xDF, 0xE7, 0xC0,
  0xFB, 0xFE, 0xF8, 0x1F, 0x7B, 0xDF, 0x03, 0xFF, 0x7F, 0xE0, 0x3F, 0xCF,
  0xF8, 0x07, 0xF8, 0xFF, 0x00, 0xFF, 0x1F, 0xE0, 0x0F, 0xC3, 0xF8, 0x01,
  0xF8, 0x3F, 0x00, 0x3F, 0x07, 0xE0, 0x03, 0xC0, 0xF8, 0x00, 0x7E, 0x0F,
  0xCF, 0xC1, 0xF8, 0xFC, 0x7E, 0x0F, 0xDF, 0x81, 0xFF, 0xF0, 0x1F, 0xFC,
  0x01, 0xFF, 0x00, 0x3F, 0xC0, 0x03, 0xF8, 0x00, 0xFF, 0x80, 0x3F, 0xF0,
  0x07, 0xFF, 0x01, 0xFB, 0xF0, 0x7E, 0x7F, 0x1F, 0xC7, 0xE3, 0xF0, 0x7E,
  0x7C, 0x07, 0xC0, 0x7C, 0x07, 0xEF, 0x80, 0xF9, 0xF8, 0x1F, 0x1F, 0x07,
  0xE3, 0xF0, 0xF8, 0x7E, 0x3F, 0x07, 0xC7, 0xC0, 0xFC, 0xF8, 0x0F, 0xBF,
  0x01, 0xFF, 0xC0, 0x1F, 0xF8, 0x03, 0xFE, 0x00, 0x7F, 0xC0, 0x07, 0xF0,
  0x00, 0xFE, 0x00, 0x0F, 0xC0, 0x03, 0xF0, 0x00, 0x7E, 0x00, 0x0F, 0x80,
  0x03, 0xF0, 0x00, 0x7C, 0x00, 0x1F, 0x80, 0x03, 0xE0, 0x00, 0x7F, 0xFF,
  0x3F, 0xFF, 0x9F, 0xFF, 0xCF, 0xFF, 0xE0, 0x0F, 0xF0, 0x0F, 0xF0, 0x07,
  0xF0, 0x07, 0xF0, 0x07, 0xF0, 0x07, 0xF0, 0x07, 0xF0, 0x07, 0xF8, 0x07,
  0xF8, 0x03, 0xFF, 0xF9, 0xFF, 0xFC, 0xFF, 0xFE, 0x7F, 0xFF, 0x00, 0x00,
  0x78, 0x07, 0xF0, 0x3F, 0xC1, 0xFF, 0x07, 0xE0, 0x3F, 0x00, 0xF8, 0x03,
  0xE0, 0x0F, 0x80, 0x3E, 0x00, 0xF8, 0x07, 0xE0, 0x3F, 0x81, 0xFC, 0x07,
  0xE0, 0x1F, 0xC0, 0x3F, 0x00, 0x7E, 0x00, 0xF8, 0x03, 0xE0, 0x0F, 0x80,
  0x3E, 0x00, 0xF8, 0x03, 0xF0, 0x07, 0xE0, 0x1F, 0xE0, 0x3F, 0xC0, 0x7F,
  0x00, 0xFC, 0x00, 0x60, 0x3E, 0x1F, 0x0F, 0x87, 0xC3, 0xE1, 0xF0, 0xF8,
  0x7C, 0x3E, 0x1F, 0x0F, 0x87, 0xC3, 0xE1, 0xF0, 0xF8, 0x7C, 0x3E, 0x1F,
  0x0F, 0x87, 0xC3, 0xE1, 0xF0, 0xF8, 0x7C, 0x3E, 0x1F, 0x0F, 0x87, 0xC3,
  0xE1, 0xF0, 0xF8, 0x7C, 0x3E, 0x1F, 0x0F, 0x80, 0xF8, 0x03, 0xF8, 0x0F,
  0xF0, 0x3F, 0xE0, 0x7F, 0x80, 0x3F, 0x00, 0xFC, 0x01, 0xF0, 0x07, 0xC0,
  0x1F, 0x00, 0x7C, 0x01, 0xF8, 0x07, 0xE0, 0x0F, 0xE0, 0x3F, 0x80, 0x7E,
  0x03, 0xF8, 0x1F, 0x80, 0x7E, 0x01, 0xF0, 0x07, 0xC0, 0x1F, 0x00, 0x7C,
  0x01, 0xF0, 0x0F, 0xC0, 0x7E, 0x07, 0xF8, 0x3F, 0xC0, 0xFE, 0x03, 0xE0,
  0x00, 0x1F, 0x83, 0x0F, 0xFF, 0xC3, 0xFF, 0xF0, 0xFF, 0xFC, 0x30, 0xFE,
  0x00, 0x00, 0x00, 0x00, 0x00, 0x00, 0x00, 0x00, 0x00, 0x00, 0x00, 0x00,
  0x00, 0x00, 0x00, 0x00,
};

const GFXglyph RubikBold32Glyphs[] PROGMEM = {
  {     0,   0,   0,   7,    0,    0 },
  {     0,  10,  22,  10,    0,  -22 },
  {    28,  14,  23,  14,    0,  -23 },
  {    69,  21,  21,  21,    0,  -21 },
  {   125,  22,  29,  22,    0,  -26 },
  {   205,  25,  22,  25,    0,  -22 },
  {   274,  23,  22,  23,    0,  -22 },
  {   338,   8,  23,   8,    0,  -23 },
  {   361,  12,  30,  12,    0,  -25 },
  {   406,  12,  30,  12,    0,  -25 },
  {   451,  14,  23,  14,    0,  -23 },
  {   492,  19,  18,  19,    0,  -18 },
  {   535,   9,   8,   9,    0,   -6 },
  {   544,  16,  12,  16,    0,  -12 },
  {   568,   9,   6,   9,    0,   -6 },
  {   575,  17,  28,  17,    0,  -25 },
  {   635,  22,  22,  22,    0,  -22 },
  {   696,  16,  22,  16,    0,  -22 },
  {   740,  20,  22,  20,    0,  -22 },
  {   795,  21,  22,  21,    0,  -22 },
  {   853,  22,  22,  22,    0,  -22 },
  {   914,  21,  22,  21,    0,  -22 },
  {   972,  21,  22,  21,    0,  -22 },
  {  1030,  19,  22,  19,    0,  -22 },
  {  1083,  21,  22,  21,    0,  -22 },
  {  1141,  21,  22,  21,    0,  -22 },
  {  1199,   9,  17,   9,    0,  -17 },
  {  1219,   9,  19,   9,    0,  -17 },
  {  1241,  16,  20,  16,    0,  -20 },
  {  1281,  18,  16,  18,    0,  -16 },
  {  1317,  16,  20,  16,    0,  -20 },
  {  1357,  19,  22,  19,    0,  -22 },
  {  1410,  27,  26,  27,    0,  -22 },
  {  1498,  23,  22,  23,    0,  -22 },
  {  1562,  22,  22,  22,    0,  -22 },
  {  1623,  23,  22,  23,    0,  -22 },
  {  1687,  23,  22,  23,    0,  -22 },
  {  1751,  20,  22,  20,    0,  -22 },
  {  1806,  20,  22,  20,    0,  -22 },
  {  1861,  24,  22,  24,    0,  -22 },
  {  1927,  23,  22,  23,    0,  -22 },
  {  1991,  10,  22,  10,    0,  -22 },
  {  2019,  21,  22,  21,    0,  -22 },
  {  2077,  21,  22,  21,    0,  -22 },
  {  2135,  19,  22,  19,    0,  -22 },
  {  2188,  26,  22,  26,    0,  -22 },
  {  2260,  23,  22,  23,    0,  -22 },
  {  2324,  23,  22,  23,    0,  -22 },
  {  2388,  21,  22,  21,    0,  -22 },
  {  2446,  23,  24,  23,    0,  -22 },
  {  2515,  21,  22,  21,    0,  -22 },
  {  2573,  21,  22,  21,    0,  -22 },
  {  2631,  21,  22,  21,    0,  -22 },
  {  2689,  23,  22,  23,    0,  -22 },
  {  2753,  22,  22,  22,    0,  -22 },
  {  2814,  27,  22,  27,    0,  -22 },
  {  2889,  22,  22,  22,    0,  -22 },
  {  2950,  22,  22,  22,    0,  -22 },
  {  3011,  20,  22,  20,    0,  -22 },
  {  3066,  12,  30,  12,    0,  -25 },
  {  3111,  17,  28,  17,    0,  -25 },
  {  3171,  12,  30,  12,    0,  -25 },
  {  3216,  15,  24,  15,    0,  -24 },
  {  3261,  23,   5,  23,    0,   -3 },
  {  3276,  13,  24,  13,    0,  -24 },
  {  3315,  19,  17,  19,    0,  -17 },
  {  3356,  20,  23,  20,    0,  -23 },
  {  3414,  19,  17,  19,    0,  -17 },
  {  3455,  20,  23,  20,    0,  -23 },
  {  3513,  19,  17,  19,    0,  -17 },
  {  3554,  15,  24,  15,    0,  -24 },
  {  3599,  20,  24,  20,    0,  -17 },
  {  3659,  21,  23,  21,    0,  -23 },
  {  3720,   9,  23,   9,    0,  -23 },
  {  3746,  11,  29,   9,   -2,  -23 },
  {  3786,  19,  23,  19,    0,  -23 },
  {  3841,   9,  23,   9,    0,  -23 },
  {  3867,  30,  17,  30,    0,  -17 },
  {  3931,  21,  17,  21,    0,  -17 },
  {  3976,  19,  17,  19,    0,  -17 },
  {  4017,  20,  23,  20,    0,  -17 },
  {  4075,  20,  23,  20,    0,  -17 },
  {  4133,  15,  17,  15,    0,  -17 },
  {  4165,  17,  17,  17,    0,  -17 },
  {  4202,  15,  23,  15,    0,  -23 },
  {  4246,  21,  17,  21,    0,  -17 },
  {  4291,  19,  17,  19,    0,  -17 },
  {  4332,  27,  17,  27,    0,  -17 },
  {  4390,  19,  17,  19,    0,  -17 },
  {  4431,  19,  23,  19,    0,  -17 },
  {  4486,  17,  17,  17,    0,  -17 },
  {  4523,  14,  30,  14,    0,  -25 },
  {  4576,   9,  35,   9,    0,  -28 },
  {  4616,  14,  30,  14,    0,  -25 },
  {  4669,  18,  12,  18,    0,  -12 },
};

const GFXfont RubikBold32 PROGMEM = {
  (uint8_t *)RubikBold32Bitmaps,
  (GFXglyph *)RubikBold32Glyphs,
  32, 126, 38
};

const uint8_t RubikBold42Bitmaps[] PROGMEM = {
  0x1F, 0xC0, 0xFE, 0x07, 0xF0, 0x3F, 0x81, 0xFC, 0x0F, 0xE0, 0x7F, 0x03,
  0xF8, 0x1F, 0xC0, 0xFE, 0x07, 0xF0, 0x3F, 0x81, 0xFC, 0x0F, 0xE0, 0x7F,
  0x03, 0xF8, 0x1F, 0xC0, 0xFE, 0x07, 0xF0, 0x3F, 0x80, 0x00, 0x00, 0x00,
  0x7F, 0x03, 0xF8, 0x1F, 0xC0, 0xFE, 0x07, 0xF0, 0x3F, 0x81, 0xFC, 0x00,
  0x3F, 0x1F, 0x87, 0xF7, 0xF0, 0xFC, 0x7E, 0x1F, 0x8F, 0xC3, 0xF1, 0xF8,
  0x7E, 0x3F, 0x0F, 0xC7, 0xE1, 0xF8, 0xFC, 0x3F, 0x1F, 0x83, 0xE3, 0xE0,
  0x78, 0x3C, 0x00, 0x00, 0x00, 0x00, 0x00, 0x00, 0x00, 0x00, 0x00, 0x00,
  0x00, 0x00, 0x00, 0x00, 0x00, 0x00, 0x00, 0x00, 0x00, 0x00, 0x00, 0x00,
  0x00, 0x00, 0x00, 0x00, 0x00, 0x00, 0x00, 0x00, 0x00, 0x00, 0x00, 0x00,
  0x00, 0x00, 0x00, 0x00, 0x00, 0x00, 0x00, 0x00, 0x00, 0x00, 0x3C, 0x1E,
  0x00, 0x03, 0xE1, 0xF8, 0x00, 0x1F, 0x0F, 0xC0, 0x01, 0xF8, 0x7C, 0x00,
  0x0F, 0xC3, 0xE0, 0x0F, 0xFF, 0xFF, 0xF0, 0x7F, 0xFF, 0xFF, 0x83, 0xFF,
  0xFF, 0xFC, 0x1F, 0xFF, 0xFF, 0xE0, 0xFF, 0xFF, 0xFF, 0x00, 0x7E, 0x1F,
  0x00, 0x03, 0xF0, 0xF8, 0x00, 0x1F, 0x87, 0xC0, 0x00, 0xF8, 0x7E, 0x00,
  0x07, 0xC3, 0xF0, 0x00, 0x3E, 0x1F, 0x80, 0x3F, 0xFF, 0xFF, 0xC1, 0xFF,
  0xFF, 0xFE, 0x0F, 0xFF, 0xFF, 0xF0, 0x7F, 0xFF, 0xFF, 0x83, 0xFF, 0xFF,
  0xFC, 0x01, 0xF0, 0xFC, 0x00, 0x0F, 0x87, 0xE0, 0x00, 0xFC, 0x3E, 0x00,
  0x07, 0xE1, 0xF0, 0x00, 0x3E, 0x0F, 0x80, 0x00, 0x00, 0x00, 0x00, 0x00,
  0x00, 0x00, 0x00, 0x00, 0x1F, 0x80, 0x00, 0x01, 0xF8, 0x00, 0x00, 0x1F,
  0x80, 0x00, 0x01, 0xF8, 0x00, 0x00, 0xFF, 0xE0, 0x00, 0x3F, 0xFF, 0x80,
  0x07, 0xFF, 0xFC, 0x00, 0xFF, 0xFF, 0xF0, 0x1F, 0xFF, 0xFF, 0x03, 0xFF,
  0xFF, 0xF8, 0x3F, 0xE0, 0xFF, 0x83, 0xFC, 0x07, 0xF8, 0x3F, 0x80, 0x3F,
  0x83, 0xFC, 0x00, 0x00, 0x3F, 0xE0, 0x00, 0x01, 0xFF, 0xC0, 0x00, 0x1F,
  0xFF, 0xE0, 0x00, 0xFF, 0xFF, 0xC0, 0x07, 0xFF, 0xFF, 0x00, 0x1F, 0xFF,
  0xF8, 0x00, 0x3F, 0xFF, 0x80, 0x00, 0x3F, 0xFC, 0x00, 0x00, 0x3F, 0xC0,
  0x00, 0x01, 0xFC, 0x3F, 0x80, 0x1F, 0xC7, 0xFC, 0x03, 0xFC, 0x3F, 0xF0,
  0x7F, 0xC3, 0xFF, 0xFF, 0xFC, 0x1F, 0xFF, 0xFF, 0x81, 0xFF, 0xFF, 0xF8,
  0x0F, 0xFF, 0xFE, 0x00, 0x3F, 0xFF, 0xC0, 0x00, 0xFF, 0xF0, 0x00, 0x01,
  0xF8, 0x00, 0x00, 0x1F, 0x80, 0x00, 0x01, 0xF8, 0x00, 0x00, 0x1F, 0x80,
  0x00, 0x07, 0xF0, 0x00, 0x7C, 0x03, 0xFF, 0x00, 0x3F, 0x01, 0xFF, 0xC0,
  0x1F, 0x80, 0xF8, 0xF8, 0x0F, 0xC0, 0x3C, 0x1E, 0x03, 0xE0, 0x0F, 0x07,
  0x81, 0xF8, 0x03, 0xC1, 0xE0, 0xFC, 0x00, 0xF0, 0x78, 0x7E, 0x00, 0x3C,
  0x1E, 0x1F, 0x00, 0x0F, 0x07, 0x8F, 0xC0, 0x03, 0xE3, 0xE7, 0xE0, 0x00,
  0xFF, 0xFB, 0xF0, 0x00, 0x1F, 0xFC, 0xF8, 0x00, 0x03, 0xFE, 0x7E, 0x00,
  0x00, 0x7F, 0x3F, 0x1F, 0x80, 0x00, 0x1F, 0x8F, 0xF0, 0x00, 0x07, 0xC7,
  0xFE, 0x00, 0x03, 0xF3, 0xFF, 0xC0, 0x01, 0xF8, 0xF9, 0xF0, 0x00, 0xFC,
  0x3C, 0x3C, 0x00, 0x3E, 0x0F, 0x0F, 0x00, 0x1F, 0x83, 0xC3, 0xC0, 0x0F,
  0xC0, 0xF0, 0xF0, 0x07, 0xE0, 0x3C, 0x3C, 0x03, 0xF0, 0x0F, 0x0F, 0x00,
  0xF8, 0x03, 0xE7, 0xC0, 0x7E, 0x00, 0x7F, 0xE0, 0x3F, 0x00, 0x0F, 0xF8,
  0x0F, 0x80, 0x01, 0xF8, 0x00, 0x00, 0x3F, 0xC0, 0x00, 0x01, 0xFF, 0xE0,
  0x00, 0x07, 0xFF, 0xE0, 0x00, 0x1F, 0xFF, 0xE0, 0x00, 0x7F, 0xFF, 0xE0,
  0x00, 0xFF, 0x3F, 0xC0, 0x01, 0xF8, 0x1F, 0x80, 0x03, 0xF0, 0x3F, 0x00,
  0x07, 0xE0, 0x7E, 0x00, 0x0F, 0xE1, 0xFC, 0x00, 0x0F, 0xEF, 0xF0, 0x00,
  0x1F, 0xFF, 0xC0, 0x00, 0x1F, 0xFF, 0x00, 0x00, 0x3F, 0xFC, 0x00, 0x00,
  0xFF, 0xF0, 0x3F, 0x07, 0xFF, 0xE0, 0x7E, 0x0F, 0xFF, 0xF1, 0xFC, 0x3F,
  0xDF, 0xF3, 0xF0, 0xFF, 0x1F, 0xFF, 0xE1, 0xFC, 0x1F, 0xFF, 0x83, 0xF8,
  0x1F, 0xFF, 0x07, 0xF0, 0x1F, 0xFC, 0x0F, 0xF0, 0x1F, 0xF0, 0x1F, 0xF0,
  0xFF, 0xF0, 0x1F, 0xFF, 0xFF, 0xF0, 0x3F, 0xFF, 0xFF, 0xE0, 0x3F, 0xFF,
  0xFF, 0xE0, 0x1F, 0xFF, 0x9F, 0xE0, 0x0F, 0xFC, 0x1F, 0xE0, 0x3F, 0x0F,
  0xE3, 0xF0, 0xFC, 0x3F, 0x0F, 0xC3, 0xF0, 0xFC, 0x3F, 0x07, 0xC1, 0xE0,
  0x00, 0x00, 0x00, 0x00, 0x00, 0x00, 0x00, 0x00, 0x00, 0x00, 0x00, 0x00,
  0x00, 0x00, 0x00, 0x00, 0x00, 0x00, 0x00, 0x00, 0x00, 0x00, 0x00, 0x00,
  0x00, 0x00, 0x3E, 0x00, 0xFF, 0x01, 0xFF, 0x03, 0xFF, 0x07, 0xFE, 0x0F,
  0xF0, 0x0F, 0xE0, 0x0F, 0xC0, 0x1F, 0xC0, 0x1F, 0x80, 0x1F, 0x80, 0x3F,
  0x80, 0x3F, 0x80, 0x3F, 0x00, 0x3F, 0x00, 0x3F, 0x00, 0x3F, 0x00, 0x3F,
  0x00, 0x3F, 0x00, 0x3F, 0x00, 0x3F, 0x00, 0x3F, 0x00, 0x3F, 0x00, 0x3F,
  0x00, 0x3F, 0x00, 0x3F, 0x80, 0x3F, 0x80, 0x1F, 0x80, 0x1F, 0x80, 0x1F,
  0xC0, 0x0F, 0xC0, 0x0F, 0xE0, 0x07, 0xF8, 0x07, 0xFE, 0x03, 0xFF, 0x01,
  0xFF, 0x00, 0xFF, 0x00, 0x3E, 0x00, 0x00, 0x7C, 0x00, 0x7F, 0x00, 0x7F,
  0x80, 0x7F, 0xC0, 0x7F, 0xE0, 0x0F, 0xF0, 0x07, 0xF0, 0x03, 0xF8, 0x01,
  0xF8, 0x01, 0xF8, 0x01, 0xF8, 0x01, 0xFC, 0x00, 0xFC, 0x00, 0xFC, 0x00,
  0xFC, 0x00, 0xFC, 0x00, 0xFC, 0x00, 0xFC, 0x00, 0xFC, 0x00, 0xFC, 0x00,
  0xFC, 0x00, 0xFC, 0x00, 0xFC, 0x00, 0xFC, 0x00, 0xFC, 0x01, 0xFC, 0x01,
  0xFC, 0x01, 0xF8, 0x01, 0xF8, 0x01, 0xF8, 0x03, 0xF0, 0x07, 0xF0, 0x0F,
  0xF0, 0x7F, 0xE0, 0x7F, 0xC0, 0x7F, 0x80, 0x7F, 0x00, 0x7C, 0x00, 0x01,
  0xF0, 0x00, 0x7E, 0x00, 0x07, 0xC0, 0x0E, 0xFB, 0x83, 0xFF, 0xF0, 0x7F,
  0xFF, 0x0F, 0xFF, 0xE1, 0xFF, 0xFC, 0x07, 0xF8, 0x00, 0xFF, 0x80, 0x7F,
  0xF8, 0x0F, 0xDF, 0x80, 0xFB, 0xE0, 0x0E, 0x70, 0x00, 0x00, 0x00, 0x00,
  0x00, 0x00, 0x00, 0x00, 0x00, 0x00, 0x00, 0x00, 0x00, 0x00, 0x00, 0x00,
  0x00, 0x00, 0x00, 0x00, 0x00, 0x00, 0x00, 0x00, 0x00, 0x00, 0x00, 0x00,
  0x00, 0x00, 0x00, 0x00, 0x00, 0x00, 0x00, 0x00, 0x00, 0x00, 0x00, 0x00,
  0x7E, 0x00, 0x00, 0x3F, 0x00, 0x00, 0x1F, 0x80, 0x00, 0x0F, 0xC0, 0x00,
  0x07, 0xE0, 0x00, 0x03, 0xF0, 0x00, 0x01, 0xF8, 0x00, 0x00, 0xFC, 0x00,
  0x7F, 0xFF, 0xFF, 0x3F, 0xFF, 0xFF, 0x9F, 0xFF, 0xFF, 0xCF, 0xFF, 0xFF,
  0xE7, 0xFF, 0xFF, 0xF0, 0x03, 0xF0, 0x00, 0x01, 0xF8, 0x00, 0x00, 0xFC,
  0x00, 0x00, 0x7E, 0x00, 0x00, 0x3F, 0x00, 0x00, 0x1F, 0x80, 0x00, 0x0F,
  0xC0, 0x00, 0x07, 0xE0, 0x00, 0x03, 0xF0, 0x00, 0x00, 0x00, 0x00, 0x1F,
  0xC1, 0xFC, 0x3F, 0x83, 0xF8, 0x3F, 0x83, 0xF0, 0x3F, 0x03, 0xE0, 0x7E,
  0x07, 0xC0, 0x3F, 0xFF, 0x87, 0xFF, 0xF0, 0xFF, 0xFE, 0x1F, 0xFF, 0xC3,
  0xFF, 0xF8, 0x7F, 0xFF, 0x00, 0x00, 0x00, 0x00, 0x00, 0x00, 0x00, 0x00,
  0x00, 0x00, 0x00, 0x00, 0x00, 0x00, 0x00, 0x00, 0x00, 0x00, 0x00, 0x00,
  0x00, 0x00, 0x3F, 0x83, 0xF8, 0x3F, 0x83, 0xF8, 0x3F, 0x83, 0xF8, 0x3F,
  0x80, 0x00, 0x00, 0xF8, 0x00, 0x07, 0xE0, 0x00, 0x1F, 0x80, 0x00, 0xFE,
  0x00, 0x03, 0xF0, 0x00, 0x1F, 0xC0, 0x00, 0x7E, 0x00, 0x03, 0xF8, 0x00,
  0x0F, 0xC0, 0x00, 0x3F, 0x00, 0x01, 0xFC, 0x00, 0x07, 0xE0, 0x00, 0x3F,
  0x80, 0x00, 0xFC, 0x00, 0x07, 0xF0, 0x00, 0x1F, 0x80, 0x00, 0x7E, 0x00,
  0x03, 0xF8, 0x00, 0x0F, 0xC0, 0x00, 0x7F, 0x00, 0x01, 0xF8, 0x00, 0x07,
  0xE0, 0x00, 0x3F, 0x80, 0x00, 0xFC, 0x00, 0x07, 0xF0, 0x00, 0x1F, 0x80,
  0x00, 0xFE, 0x00, 0x03, 0xF0, 0x00, 0x0F, 0xC0, 0x00, 0x7F, 0x00, 0x01,
  0xF8, 0x00, 0x0F, 0xE0, 0x00, 0x3F, 0x00, 0x01, 0xFC, 0x00, 0x07, 0xE0,
  0x00, 0x1F, 0x80, 0x00, 0x00, 0x7F, 0xE0, 0x00, 0x1F, 0xFF, 0x80, 0x03,
  0xFF, 0xFC, 0x00, 0x7F, 0xFF, 0xE0, 0x0F, 0xFF, 0xFF, 0x01, 0xFF, 0xFF,
  0xF8, 0x1F, 0xF0, 0xFF, 0x83, 0xFC, 0x03, 0xFC, 0x3F, 0xC0, 0x3F, 0xC3,
  0xFC, 0x03, 0xFC, 0x3F, 0x80, 0x1F, 0xC3, 0xF8, 0x01, 0xFC, 0x3F, 0x80,
  0x1F, 0xC3, 0xF8, 0x01, 0xFC, 0x3F, 0x80, 0x1F, 0xC3, 0xF8, 0x01, 0xFC,
  0x3F, 0x80, 0x1F, 0xC3, 0xF8, 0x01, 0xFC, 0x3F, 0x80, 0x1F, 0xC3, 0xFC,
  0x03, 0xFC, 0x3F, 0xC0, 0x3F, 0xC3, 0xFC, 0x03, 0xFC, 0x1F, 0xF0, 0xFF,
  0x81, 0xFF, 0xFF, 0xF8, 0x0F, 0xFF, 0xFF, 0x00, 0x7F, 0xFF, 0xE0, 0x03,
  0xFF, 0xFC, 0x00, 0x1F, 0xFF, 0x80, 0x00, 0x7F, 0xE0, 0x00, 0x00, 0x1F,
  0xC0, 0x01, 0xFE, 0x00, 0x3F, 0xF0, 0x03, 0xFF, 0x80, 0x3F, 0xFC, 0x07,
  0xFF, 0xE0, 0x7F, 0xFF, 0x07, 0xFF, 0xF8, 0x7F, 0xFF, 0xC3, 0xFE, 0xFE,
  0x0F, 0xC7, 0xF0, 0x3C, 0x3F, 0x80, 0xC1, 0xFC, 0x00, 0x0F, 0xE0, 0x00,
  0x7F, 0x00, 0x03, 0xF8, 0x00, 0x1F, 0xC0, 0x00, 0xFE, 0x00, 0x07, 0xF0,
  0x00, 0x3F, 0x80, 0x01, 0xFC, 0x00, 0x0F, 0xE0, 0x00, 0x7F, 0x00, 0x03,
  0xF8, 0x00, 0x1F, 0xC0, 0x00, 0xFE, 0x00, 0x07, 0xF0, 0x00, 0x3F, 0x80,
  0x01, 0xFC, 0x00, 0x00, 0x3F, 0xE0, 0x00, 0x1F, 0xFF, 0x80, 0x03, 0xFF,
  0xFC, 0x00, 0x7F, 0xFF, 0xE0, 0x0F, 0xFF, 0xFF, 0x01, 0xFF, 0xFF, 0xF0,
  0x1F, 0xF8, 0xFF, 0x81, 0xFE, 0x07, 0xF8, 0x3F, 0xE0, 0x7F, 0x83, 0xFC,
  0x07, 0xF8, 0x1F, 0x80, 0x7F, 0x80, 0x00, 0x07, 0xF8, 0x00, 0x00, 0xFF,
  0x00, 0x00, 0x1F, 0xF0, 0x00, 0x03, 0xFE, 0x00, 0x00, 0xFF, 0xC0, 0x00,
  0x1F, 0xF8, 0x00, 0x03, 0xFF, 0x00, 0x00, 0xFF, 0xE0, 0x00, 0x1F, 0xFC,
  0x00, 0x03, 0xFF, 0x80, 0x00, 0x7F, 0xF0, 0x00, 0x0F, 0xFE, 0x00, 0x01,
  0xFF, 0xFF, 0xFC, 0x3F, 0xFF, 0xFF, 0xC3, 0xFF, 0xFF, 0xFC, 0x3F, 0xFF,
  0xFF, 0xC3, 0xFF, 0xFF, 0xFC, 0x3F, 0xFF, 0xFF, 0xC0, 0x1F, 0xFF, 0xFF,
  0x01, 0xFF, 0xFF, 0xF0, 0x1F, 0xFF, 0xFF, 0x01, 0xFF, 0xFF, 0xF0, 0x1F,
  0xFF, 0xFF, 0x01, 0xFF, 0xFF, 0xF0, 0x00, 0x01, 0xFE, 0x00, 0x00, 0x3F,
  0xC0, 0x00, 0x07, 0xF8, 0x00, 0x01, 0xFF, 0x00, 0x00, 0x3F, 0xE0, 0x00,
  0x07, 0xFC, 0x00, 0x00, 0xFF, 0xF8, 0x00, 0x0F, 0xFF, 0xE0, 0x00, 0xFF,
  0xFF, 0x00, 0x0F, 0xFF, 0xF8, 0x00, 0x00, 0xFF, 0xC0, 0x00, 0x03, 0xFC,
  0x00, 0x00, 0x3F, 0xC0, 0x00, 0x01, 0xFC, 0x3F, 0x80, 0x3F, 0xC7, 0xFC,
  0x03, 0xFC, 0x3F, 0xE0, 0xFF, 0xC3, 0xFF, 0xFF, 0xF8, 0x1F, 0xFF, 0xFF,
  0x81, 0xFF, 0xFF, 0xF0, 0x07, 0xFF, 0xFE, 0x00, 0x3F, 0xFF, 0x80, 0x00,
  0x7F, 0xE0, 0x00, 0x00, 0x03, 0xFC, 0x00, 0x00, 0x7F, 0xC0, 0x00, 0x0F,
  0xFC, 0x00, 0x01, 0xFF, 0xC0, 0x00, 0x1F, 0xFC, 0x00, 0x03, 0xFF, 0xC0,
  0x00, 0x7F, 0xFC, 0x00, 0x0F, 0xFF, 0xC0, 0x00, 0xFD, 0xFC, 0x00, 0x1F,
  0xDF, 0xC0, 0x03, 0xF9, 0xFC, 0x00, 0x7F, 0x1F, 0xC0, 0x07, 0xF1, 0xFC,
  0x00, 0xFE, 0x1F, 0xC0, 0x1F, 0xC1, 0xFC, 0x03, 0xF8, 0x1F, 0xC0, 0x3F,
  0x81, 0xFC, 0x07, 0xFF, 0xFF, 0xFE, 0x7F, 0xFF, 0xFF, 0xE7, 0xFF, 0xFF,
  0xFE, 0x7F, 0xFF, 0xFF, 0xE7, 0xFF, 0xFF, 0xFE, 0x7F, 0xFF, 0xFF, 0xE0,
  0x00, 0x1F, 0xC0, 0x00, 0x01, 0xFC, 0x00, 0x00, 0x1F, 0xC0, 0x00, 0x01,
  0xFC, 0x00, 0x00, 0x1F, 0xC0, 0x00, 0x01, 0xFC, 0x00, 0x07, 0xFF, 0xFE,
  0x01, 0xFF, 0xFF, 0xE0, 0x3F, 0xFF, 0xFC, 0x07, 0xFF, 0xFF, 0x80, 0xFF,
  0xFF, 0xF0, 0x1F, 0xFF, 0xFC, 0x03, 0xF8, 0x00, 0x00, 0x7E, 0x00, 0x00,
  0x0F, 0xC0, 0x00, 0x03, 0xF9, 0xFC, 0x00, 0x7F, 0xFF, 0xE0, 0x0F, 0xFF,
  0xFE, 0x01, 0xFF, 0xFF, 0xE0, 0x3F, 0xFF, 0xFE, 0x07, 0xFC, 0x7F, 0xE0,
  0xFE, 0x03, 0xFC, 0x00, 0x00, 0x7F, 0x80, 0x00, 0x07, 0xF0, 0x00, 0x00,
  0xFE, 0x1F, 0xC0, 0x1F, 0xC7, 0xFC, 0x07, 0xF8, 0x7F, 0x80, 0xFF, 0x0F,
  0xFC, 0x7F, 0xE1, 0xFF, 0xFF, 0xF8, 0x1F, 0xFF, 0xFF, 0x01, 0xFF, 0xFF,
  0xC0, 0x1F, 0xFF, 0xF0, 0x01, 0xFF, 0xF8, 0x00, 0x0F, 0xFC, 0x00, 0x00,
  0x0F, 0xF0, 0x00, 0x03, 0xFE, 0x00, 0x00, 0xFF, 0x80, 0x00, 0x1F, 0xE0,
  0x00, 0x07, 0xFC, 0x00, 0x01, 0xFF, 0x00, 0x00, 0x7F, 0xC0, 0x00, 0x0F,
  0xF0, 0x00, 0x03, 0xFE, 0x00, 0x00, 0xFF, 0xF8, 0x00, 0x3F, 0xFF, 0xC0,
  0x07, 0xFF, 0xFE, 0x01, 0xFF, 0xFF, 0xE0, 0x7F, 0xFF, 0xFE, 0x0F, 0xFF,
  0xFF, 0xC1, 0xFF, 0x0F, 0xFC, 0x7F, 0x80, 0x7F, 0x8F, 0xF0, 0x07, 0xF1,
  0xFE, 0x00, 0xFE, 0x3F, 0xC0, 0x1F, 0xC7, 0xF8, 0x03, 0xF8, 0xFF, 0x00,
  0xFF, 0x0F, 0xF8, 0x7F, 0xE1, 0xFF, 0xFF, 0xF8, 0x1F, 0xFF, 0xFF, 0x01,
  0xFF, 0xFF, 0xC0, 0x1F, 0xFF, 0xF0, 0x01, 0xFF, 0xF8, 0x00, 0x07, 0xFC,
  0x00, 0x7F, 0xFF, 0xFE, 0x7F, 0xFF, 0xFE, 0x7F, 0xFF, 0xFE, 0x7F, 0xFF,
  0xFE, 0x7F, 0xFF, 0xFE, 0x7F, 0xFF, 0xFE, 0x00, 0x03, 0xFE, 0x00, 0x03,
  0xFC, 0x00, 0x03, 0xFC, 0x00, 0x07, 0xF8, 0x00, 0x07, 0xF8, 0x00, 0x0F,
  0xF0, 0x00, 0x0F, 0xF0, 0x00, 0x1F, 0xF0, 0x00, 0x1F, 0xE0, 0x00, 0x3F,
  0xE0, 0x00, 0x3F, 0xC0, 0x00, 0x7F, 0xC0, 0x00, 0x7F, 0x80, 0x00, 0x7F,
  0x80, 0x00, 0xFF, 0x00, 0x00, 0xFF, 0x00, 0x01, 0xFE, 0x00, 0x01, 0xFE,
  0x00, 0x03, 0xFC, 0x00, 0x03, 0xFC, 0x00, 0x07, 0xFC, 0x00, 0x07, 0xF8,
  0x00, 0x07, 0xF0, 0x00, 0x00, 0x7F, 0xE0, 0x00, 0x1F, 0xFF, 0x80, 0x07,
  0xFF, 0xFE, 0x00, 0xFF, 0xFF, 0xF0, 0x0F, 0xFF, 0xFF, 0x01, 0xFF, 0x0F,
  0xF8, 0x1F, 0xE0, 0x7F, 0x81, 0xFE, 0x07, 0xF8, 0x1F, 0xE0, 0x7F, 0x81,
  0xFE, 0x07, 0xF8, 0x1F, 0xF0, 0xFF, 0x80, 0xFF, 0xFF, 0xF0, 0x07, 0xFF,
  0xFE, 0x00, 0x7F, 0xFF, 0xE0, 0x0F, 0xFF, 0xFF, 0x01, 0xFF, 0xFF, 0xF8,
  0x1F, 0xF0, 0xFF, 0xC3, 0xFC, 0x03, 0xFC, 0x3F, 0xC0, 0x1F, 0xC3, 0xFC,
  0x01, 0xFC, 0x3F, 0xC0, 0x1F, 0xC3, 0xFC, 0x01, 0xFC, 0x3F, 0xC0, 0x3F,
  0xC1, 0xFF, 0x0F, 0xFC, 0x1F, 0xFF, 0xFF, 0x80, 0xFF, 0xFF, 0xF0, 0x07,
  0xFF, 0xFE, 0x00, 0x1F, 0xFF, 0xC0, 0x00, 0x7F, 0xE0, 0x00, 0x00, 0xFF,
  0xC0, 0x00, 0xFF, 0xFC, 0x00, 0x7F, 0xFF, 0xC0, 0x3F, 0xFF, 0xF8, 0x1F,
  0xFF, 0xFE, 0x0F, 0xFF, 0xFF, 0xC3, 0xFE, 0x1F, 0xF1, 0xFE, 0x01, 0xFE,
  0x7F, 0x80, 0x7F, 0x9F, 0xE0, 0x1F, 0xE7, 0xF8, 0x07, 0xF9, 0xFE, 0x01,
  0xFE, 0x7F, 0x80, 0x7F, 0x8F, 0xF8, 0x7F, 0xC3, 0xFF, 0xFF, 0xF0, 0x7F,
  0xFF, 0xF8, 0x0F, 0xFF, 0xFE, 0x01, 0xFF, 0xFF, 0x00, 0x3F, 0xFF, 0x80,
  0x01, 0xFF, 0xE0, 0x00, 0x1F, 0xF0, 0x00, 0x0F, 0xF8, 0x00, 0x03, 0xFC,
  0x00, 0x01, 0xFF, 0x00, 0x00, 0xFF, 0x80, 0x00, 0x3F, 0xC0, 0x00, 0x1F,
  0xE0, 0x00, 0x0F, 0xF8, 0x00, 0x03, 0xFC, 0x00, 0x00, 0x3F, 0x83, 0xF8,
  0x3F, 0x83, 0xF8, 0x3F, 0x83, 0xF8, 0x3F, 0x80, 0x00, 0x00, 0x00, 0x00,
  0x00, 0x00, 0x00, 0x00, 0x00, 0x00, 0x00, 0x03, 0xF8, 0x3F, 0x83, 0xF8,
  0x3F, 0x83, 0xF8, 0x3F, 0x83, 0xF8, 0x1F, 0xC0, 0xFE, 0x07, 0xF0, 0x3F,
  0x81, 0xFC, 0x0F, 0xE0, 0x7F, 0x00, 0x00, 0x00, 0x00, 0x00, 0x00, 0x00,
  0x00, 0x00, 0x00, 0x00, 0x00, 0x7F, 0x03, 0xF8, 0x1F, 0xC1, 0xFC, 0x0F,
  0xE0, 0x7E, 0x03, 0xF0, 0x1F, 0x80, 0xF8, 0x07, 0xC0, 0x00, 0x00, 0x60,
  0x00, 0x07, 0x80, 0x00, 0x3E, 0x00, 0x03, 0xF8, 0x00, 0x1F, 0xE0, 0x00,
  0xFF, 0x80, 0x0F, 0xFE, 0x00, 0x7F, 0xE0, 0x07, 0xFF, 0x00, 0x3F, 0xF0,
  0x03, 0xFF, 0x80, 0x1F, 0xF8, 0x00, 0x7F, 0xC0, 0x01, 0xFF, 0x00, 0x07,
  0xFE, 0x00, 0x0F, 0xFE, 0x00, 0x0F, 0xFC, 0x00, 0x1F, 0xFC, 0x00, 0x3F,
  0xF8, 0x00, 0x3F, 0xF8, 0x00, 0x7F, 0xE0, 0x00, 0x7F, 0x80, 0x00, 0xFE,
  0x00, 0x00, 0xF8, 0x00, 0x01, 0xE0, 0x00, 0x01, 0x80, 0x1F, 0xFF, 0xFC,
  0x0F, 0xFF, 0xFE, 0x07, 0xFF, 0xFF, 0x03, 0xFF, 0xFF, 0x81, 0xFF, 0xFF,
  0xC0, 0x00, 0x00, 0x00, 0x00, 0x00, 0x00, 0x00, 0x00, 0x00, 0x00, 0x00,
  0x00, 0x00, 0x00, 0x00, 0x00, 0x00, 0x00, 0x03, 0xFF, 0xFF, 0x81, 0xFF,
  0xFF, 0xC0, 0xFF, 0xFF, 0xE0, 0x7F, 0xFF, 0xF0, 0x3F, 0xFF, 0xF8, 0x00,
  0x00, 0x00, 0x00, 0x00, 0x00, 0x00, 0x00, 0x00, 0x00, 0x00, 0x00, 0x00,
  0x00, 0x00, 0x00, 0x18, 0x00, 0x00, 0x78, 0x00, 0x01, 0xF0, 0x00, 0x07,
  0xF0, 0x00, 0x1F, 0xE0, 0x00, 0x7F, 0xC0, 0x01, 0xFF, 0xC0, 0x01, 0xFF,
  0x80, 0x03, 0xFF, 0x80, 0x03, 0xFF, 0x00, 0x07, 0xFF, 0x00, 0x07, 0xFE,
  0x00, 0x0F, 0xF8, 0x00, 0x3F, 0xE0, 0x01, 0xFF, 0x80, 0x1F, 0xFC, 0x00,
  0xFF, 0xC0, 0x0F, 0xFE, 0x00, 0x7F, 0xF0, 0x07, 0xFF, 0x00, 0x1F, 0xF8,
  0x00, 0x7F, 0x80, 0x01, 0xFC, 0x00, 0x07, 0xC0, 0x00, 0x1E, 0x00, 0x00,
  0x60, 0x00, 0x00, 0x00, 0xFF, 0xC0, 0x01, 0xFF, 0xF8, 0x03, 0xFF, 0xFE,
  0x03, 0xFF, 0xFF, 0x83, 0xFF, 0xFF, 0xE1, 0xFF, 0xFF, 0xF1, 0xFF, 0x8F,
  0xF8, 0xFF, 0x01, 0xFC, 0x7F, 0x80, 0xFE, 0x3F, 0x80, 0x7F, 0x00, 0x00,
  0x7F, 0x80, 0x00, 0x7F, 0x80, 0x00, 0x7F, 0x80, 0x00, 0x7F, 0xC0, 0x00,
  0x7F, 0xC0, 0x00, 0x7F, 0xC0, 0x00, 0x3F, 0xC0, 0x00, 0x3F, 0xC0, 0x00,
  0x1F, 0xE0, 0x00, 0x0F, 0xF0, 0x00, 0x00, 0x00, 0x00, 0x00, 0x00, 0x00,
  0x01, 0xFC, 0x00, 0x00, 0xFE, 0x00, 0x00, 0x7F, 0x00, 0x00, 0x3F, 0x80,
  0x00, 0x1F, 0xC0, 0x00, 0x0F, 0xE0, 0x00, 0x07, 0xF0, 0x00, 0x00, 0x0F,
  0xFE, 0x00, 0x00, 0x07, 0xFF, 0xF8, 0x00, 0x03, 0xFF, 0xFF, 0xC0, 0x00,
  0xFF, 0xFF, 0xFC, 0x00, 0x3F, 0xC0, 0x3F, 0xC0, 0x0F, 0xC0, 0x00, 0xFC,
  0x03, 0xE0, 0x00, 0x0F, 0x80, 0x78, 0x00, 0x00, 0xF8, 0x1F, 0x03, 0xE7,
  0x8F, 0x03, 0xC1, 0xFF, 0xF1, 0xE0, 0xF8, 0x3F, 0xFE, 0x1E, 0x1F, 0x0F,
  0xFF, 0xC3, 0xC3, 0xC3, 0xF1, 0xF8, 0x78, 0x78, 0x7C, 0x1F, 0x0F, 0x0F,
  0x0F, 0x01, 0xE1, 0xE1, 0xE1, 0xE0, 0x3C, 0x3C, 0x3C, 0x3C, 0x07, 0x87,
  0x87, 0x87, 0x80, 0xF0, 0xF0, 0xF0, 0xF0, 0x1E, 0x1E, 0x1E, 0x1F, 0x07,
  0xE7, 0xC3, 0xC3, 0xF1, 0xFF, 0xF8, 0x7C, 0x3F, 0xFF, 0xFE, 0x0F, 0x83,
  0xFF, 0xFF, 0x80, 0xF0, 0x7F, 0xC7, 0xE0, 0x1F, 0x03, 0xF0, 0x00, 0x03,
  0xE0, 0x00, 0x00, 0x00, 0x3E, 0x00, 0x00, 0x78, 0x07, 0xF0, 0x00, 0x3F,
  0x80, 0x7F, 0xC0, 0x3F, 0xE0, 0x07, 0xFF, 0xFF, 0xF8, 0x00, 0x7F, 0xFF,
  0xFC, 0x00, 0x03, 0xFF, 0xFE, 0x00, 0x00, 0x0F, 0xFE, 0x00, 0x00, 0x00,
  0x1F, 0xE0, 0x00, 0x00, 0xFF, 0xC0, 0x00, 0x03, 0xFF, 0x00, 0x00, 0x1F,
  0xFE, 0x00, 0x00, 0x7F, 0xF8, 0x00, 0x01, 0xFF, 0xF0, 0x00, 0x0F, 0xFF,
  0xC0, 0x00, 0x3F, 0xFF, 0x00, 0x01, 0xFF, 0xFE, 0x00, 0x07, 0xF3, 0xF8,
  0x00, 0x1F, 0xCF, 0xE0, 0x00, 0xFF, 0x3F, 0xC0, 0x03, 0xF8, 0x7F, 0x00,
  0x0F, 0xE1, 0xFC, 0x00, 0x7F, 0x03, 0xF8, 0x01, 0xFC, 0x0F, 0xE0, 0x0F,
  0xF0, 0x3F, 0xC0, 0x3F, 0x80, 0x7F, 0x00, 0xFF, 0xFF, 0xFC, 0x07, 0xFF,
  0xFF, 0xF8, 0x1F, 0xFF, 0xFF, 0xE0, 0x7F, 0xFF, 0xFF, 0x83, 0xFF, 0xFF,
  0xFF, 0x0F, 0xFF, 0xFF, 0xFC, 0x7F, 0x80, 0x07, 0xF9, 0xFE, 0x00, 0x1F,
  0xE7, 0xF8, 0x00, 0x7F, 0xBF, 0xC0, 0x00, 0xFF, 0xFF, 0x00, 0x03, 0xFC,
  0x1F, 0xFF, 0xF8, 0x00, 0xFF, 0xFF, 0xF8, 0x07, 0xFF, 0xFF, 0xE0, 0x3F,
  0xFF, 0xFF, 0x81, 0xFF, 0xFF, 0xFC, 0x0F, 0xF0, 0x1F, 0xF0, 0x7F, 0x00,
  0x7F, 0x83, 0xF8, 0x03, 0xFC, 0x1F, 0xC0, 0x0F, 0xE0, 0xFE, 0x00, 0xFF,
  0x07, 0xF0, 0x07, 0xF8, 0x3F, 0xC0, 0x7F, 0x81, 0xFF, 0xFF, 0xFC, 0x0F,
  0xFF, 0xFF, 0xC0, 0x7F, 0xFF, 0xFC, 0x03, 0xFF, 0xFF, 0xF8, 0x1F, 0xFF,
  0xFF, 0xC0, 0xFE, 0x01, 0xFF, 0x07, 0xF0, 0x07, 0xF8, 0x3F, 0x80, 0x1F,
  0xC1, 0xFC, 0x00, 0xFE, 0x0F, 0xE0, 0x07, 0xF0, 0x7F, 0x00, 0x7F, 0x83,
  0xFC, 0x07, 0xFC, 0x1F, 0xFF, 0xFF, 0xE0, 0xFF, 0xFF, 0xFE, 0x07, 0xFF,
  0xFF, 0xE0, 0x3F, 0xFF, 0xFE, 0x01, 0xFF, 0xFF, 0xC0, 0x00, 0x00, 0x3F,
  0xF0, 0x00, 0x07, 0xFF, 0xF8, 0x00, 0x3F, 0xFF, 0xF0, 0x01, 0xFF, 0xFF,
  0xE0, 0x0F, 0xFF, 0xFF, 0xC0, 0x7F, 0xFF, 0xFF, 0x81, 0xFF, 0x07, 0xFE,
  0x0F, 0xF8, 0x07, 0xFC, 0x3F, 0xC0, 0x1F, 0xF0, 0xFF, 0x00, 0x3F, 0xC3,
  0xFC, 0x00, 0xFF, 0x0F, 0xE0, 0x00, 0x00, 0x3F, 0x80, 0x00, 0x00, 0xFE,
  0x00, 0x00, 0x03, 0xF8, 0x00, 0x00, 0x0F, 0xE0, 0x00, 0x00, 0x3F, 0x80,
  0x00, 0x00, 0xFE, 0x00, 0x00, 0x03, 0xFC, 0x00, 0xFF, 0x0F, 0xF0, 0x03,
  0xFC, 0x3F, 0xC0, 0x1F, 0xF0, 0xFF, 0x80, 0x7F, 0xC1, 0xFF, 0x07, 0xFE,
  0x07, 0xFF, 0xFF, 0xF8, 0x0F, 0xFF, 0xFF, 0xC0, 0x1F, 0xFF, 0xFE, 0x00,
  0x3F, 0xFF, 0xF0, 0x00, 0x7F, 0xFF, 0x80, 0x00, 0x3F, 0xF0, 0x00, 0x1F,
  0xFF, 0xF0, 0x00, 0x7F, 0xFF, 0xF8, 0x01, 0xFF, 0xFF, 0xF0, 0x07, 0xFF,
  0xFF, 0xE0, 0x1F, 0xFF, 0xFF, 0xC0, 0x7F, 0xFF, 0xFF, 0x81, 0xFC, 0x07,
  0xFE, 0x07, 0xF0, 0x07, 0xFC, 0x1F, 0xC0, 0x0F, 0xF0, 0x7F, 0x00, 0x3F,
  0xC1, 0xFC, 0x00, 0xFF, 0x07, 0xF0, 0x01, 0xFC, 0x1F, 0xC0, 0x07, 0xF0,
  0x7F, 0x00, 0x1F, 0xC1, 0xFC, 0x00, 0x7F, 0x07, 0xF0, 0x01, 0xFC, 0x1F,
  0xC0, 0x07, 0xF0, 0x7F, 0x00, 0x1F, 0xC1, 0xFC, 0x00, 0xFF, 0x07, 0xF0,
  0x03, 0xFC, 0x1F, 0xC0, 0x0F, 0xF0, 0x7F, 0x00, 0x7F, 0xC1, 0xFC, 0x03,
  0xFE, 0x07, 0xFF, 0xFF, 0xF8, 0x1F, 0xFF, 0xFF, 0xC0, 0x7F, 0xFF, 0xFF,
  0x01, 0xFF, 0xFF, 0xF0, 0x07, 0xFF, 0xFF, 0x80, 0x1F, 0xFF, 0xF0, 0x00,
  0x1F, 0xFF, 0xFF, 0x03, 0xFF, 0xFF, 0xF0, 0x7F, 0xFF, 0xFE, 0x0F, 0xFF,
  0xFF, 0xC1, 0xFF, 0xFF, 0xF8, 0x3F, 0xFF, 0xFE, 0x07, 0xF0, 0x00, 0x00,
  0xFE, 0x00, 0x00, 0x1F, 0xC0, 0x00, 0x03, 0xF8, 0x00, 0x00, 0x7F, 0x00,
  0x00, 0x0F, 0xFF, 0xFF, 0x81, 0xFF, 0xFF, 0xF0, 0x3F, 0xFF, 0xFE, 0x07,
  0xFF, 0xFF, 0xC0, 0xFF, 0xFF, 0xF8, 0x1F, 0xFF, 0xFF, 0x03, 0xF8, 0x00,
  0x00, 0x7F, 0x00, 0x00, 0x0F, 0xE0, 0x00, 0x01, 0xFC, 0x00, 0x00, 0x3F,
  0x80, 0x00, 0x07, 0xF0, 0x00, 0x00, 0xFF, 0xFF, 0xFC, 0x1F, 0xFF, 0xFF,
  0x83, 0xFF, 0xFF, 0xF0, 0x7F, 0xFF, 0xFE, 0x0F, 0xFF, 0xFF, 0xC1, 0xFF,
  0xFF, 0xF8, 0x1F, 0xFF, 0xFF, 0x07, 0xFF, 0xFF, 0xE1, 0xFF, 0xFF, 0xF8,
  0x7F, 0xFF, 0xFE, 0x1F, 0xFF, 0xFF, 0x87, 0xFF, 0xFF, 0xC1, 0xFC, 0x00,
  0x00, 0x7F, 0x00, 0x00, 0x1F, 0xC0, 0x00, 0x07, 0xF0, 0x00, 0x01, 0xFC,
  0x00, 0x00, 0x7F, 0x00, 0x00, 0x1F, 0xFF, 0xFE, 0x07, 0xFF, 0xFF, 0xC1,
  0xFF, 0xFF, 0xF0, 0x7F, 0xFF, 0xFC, 0x1F, 0xFF, 0xFF, 0x07, 0xFF, 0xFF,
  0x81, 0xFC, 0x00, 0x00, 0x7F, 0x00, 0x00, 0x1F, 0xC0, 0x00, 0x07, 0xF0,
  0x00, 0x01, 0xFC, 0x00, 0x00, 0x7F, 0x00, 0x00, 0x1F, 0xC0, 0x00, 0x07,
  0xF0, 0x00, 0x01, 0xFC, 0x00, 0x00, 0x7F, 0x00, 0x00, 0x1F, 0xC0, 0x00,
  0x00, 0x00, 0x3F, 0xF0, 0x00, 0x07, 0xFF, 0xF8, 0x00, 0x3F, 0xFF, 0xF0,
  0x01, 0xFF, 0xFF, 0xF0, 0x0F, 0xFF, 0xFF, 0xE0, 0x7F, 0xFF, 0xFF, 0x81,
  0xFF, 0x07, 0xFF, 0x0F, 0xF8, 0x07, 0xFC, 0x3F, 0xC0, 0x0F, 0xF0, 0xFF,
  0x00, 0x00, 0x03, 0xF8, 0x00, 0x00, 0x0F, 0xE0, 0x00, 0x00, 0x3F, 0x81,
  0xFF, 0xF0, 0xFE, 0x07, 0xFF, 0xC3, 0xF8, 0x1F, 0xFF, 0x0F, 0xE0, 0x7F,
  0xFC, 0x3F, 0x80, 0xFF, 0xF0, 0xFE, 0x00, 0x1F, 0xC3, 0xFC, 0x00, 0xFF,
  0x0F, 0xF0, 0x03, 0xFC, 0x3F, 0xC0, 0x0F, 0xF0, 0xFF, 0x80, 0x7F, 0xC1,
  0xFF, 0x07, 0xFE, 0x07, 0xFF, 0xFF, 0xF8, 0x0F, 0xFF, 0xFF, 0xC0, 0x1F,
  0xFF, 0xFE, 0x00, 0x3F, 0xFF, 0xF0, 0x00, 0x7F, 0xFF, 0x00, 0x00, 0x3F,
  0xF0, 0x00, 0x1F, 0xC0, 0x07, 0xF0, 0x3F, 0x80, 0x0F, 0xE0, 0x7F, 0x00,
  0x1F, 0xC0, 0xFE, 0x00, 0x3F, 0x81, 0xFC, 0x00, 0x7F, 0x03, 0xF8, 0x00,
  0xFE, 0x07, 0xF0, 0x01, 0xFC, 0x0F, 0xE0, 0x03, 0xF8, 0x1F, 0xC0, 0x07,
  0xF0, 0x3F, 0x80, 0x0F, 0xE0, 0x7F, 0x00, 0x1F, 0xC0, 0xFF, 0xFF, 0xFF,
  0x81, 0xFF, 0xFF, 0xFF, 0x03, 0xFF, 0xFF, 0xFE, 0x07, 0xFF, 0xFF, 0xFC,
  0x0F, 0xFF, 0xFF, 0xF8, 0x1F, 0xFF, 0xFF, 0xF0, 0x3F, 0xFF, 0xFF, 0xE0,
  0x7F, 0x00, 0x1F, 0xC0, 0xFE, 0x00, 0x3F, 0x81, 0xFC, 0x00, 0x7F, 0x03,
  0xF8, 0x00, 0xFE, 0x07, 0xF0, 0x01, 0xFC, 0x0F, 0xE0, 0x03, 0xF8, 0x1F,
  0xC0, 0x07, 0xF0, 0x3F, 0x80, 0x0F, 0xE0, 0x7F, 0x00, 0x1F, 0xC0, 0xFE,
  0x00, 0x3F, 0x81, 0xFC, 0x00, 0x7F, 0x00, 0x1F, 0xC0, 0xFE, 0x07, 0xF0,
  0x3F, 0x81, 0xFC, 0x0F, 0xE0, 0x7F, 0x03, 0xF8, 0x1F, 0xC0, 0xFE, 0x07,
  0xF0, 0x3F, 0x81, 0xFC, 0x0F, 0xE0, 0x7F, 0x03, 0xF8, 0x1F, 0xC0, 0xFE,
  0x07, 0xF0, 0x3F, 0x81, 0xFC, 0x0F, 0xE0, 0x7F, 0x03, 0xF8, 0x1F, 0xC0,
  0xFE, 0x07, 0xF0, 0x3F, 0x81, 0xFC, 0x00, 0x0F, 0xFF, 0xFF, 0x81, 0xFF,
  0xFF, 0xF8, 0x1F, 0xFF, 0xFF, 0x81, 0xFF, 0xFF, 0xF8, 0x1F, 0xFF, 0xFF,
  0x80, 0xFF, 0xFF, 0xF8, 0x00, 0x00, 0x3F, 0x80, 0x00, 0x03, 0xF8, 0x00,
  0x00, 0x3F, 0x80, 0x00, 0x03, 0xF8, 0x00, 0x00, 0x3F, 0x80, 0x00, 0x03,
  0xF8, 0x00, 0x00, 0x3F, 0x80, 0x00, 0x03, 0xF8, 0x00, 0x00, 0x3F, 0x80,
  0x00, 0x03, 0xF8, 0x00, 0x00, 0x3F, 0x80, 0x00, 0x03, 0xF8, 0x3F, 0x00,
  0x3F, 0x87, 0xF8, 0x03, 0xF8, 0x7F, 0xC0, 0x7F, 0x83, 0xFC, 0x07, 0xF8,
  0x3F, 0xF0, 0xFF, 0x83, 0xFF, 0xFF, 0xF0, 0x1F, 0xFF, 0xFF, 0x00, 0xFF,
  0xFF, 0xE0, 0x07, 0xFF, 0xFC, 0x00, 0x3F, 0xFF, 0x00, 0x00, 0x7F, 0xC0,
  0x00, 0x1F, 0xC0, 0x3F, 0xE1, 0xFC, 0x07, 0xFE, 0x1F, 0xC0, 0x7F, 0xC1,
  0xFC, 0x0F, 0xF8, 0x1F, 0xC1, 0xFF, 0x01, 0xFC, 0x3F, 0xE0, 0x1F, 0xC7,
  0xFE, 0x01, 0xFC, 0xFF, 0xC0, 0x1F, 0xCF, 0xF8, 0x01, 0xFF, 0xFF, 0x00,
  0x1F, 0xFF, 0xE0, 0x01, 0xFF, 0xFE, 0x00, 0x1F, 0xFF, 0xC0, 0x01, 0xFF,
  0xF8, 0x00, 0x1F, 0xFF, 0x80, 0x01, 0xFF, 0xFC, 0x00, 0x1F, 0xFF, 0xE0,
  0x01, 0xFF, 0xFE, 0x00, 0x1F, 0xFF, 0xF0, 0x01, 0xFD, 0xFF, 0x80, 0x1F,
  0xCF, 0xFC, 0x01, 0xFC, 0x7F, 0xE0, 0x1F, 0xC3, 0xFE, 0x01, 0xFC, 0x1F,
  0xF0, 0x1F, 0xC0, 0xFF, 0x81, 0xFC, 0x0F, 0xFC, 0x1F, 0xC0, 0x7F, 0xE1,
  0xFC, 0x03, 0xFE, 0x1F, 0xC0, 0x1F, 0xE0, 0x1F, 0xC0, 0x00, 0x0F, 0xE0,
  0x00, 0x07, 0xF0, 0x00, 0x03, 0xF8, 0x00, 0x01, 0xFC, 0x00, 0x00, 0xFE,
  0x00, 0x00, 0x7F, 0x00, 0x00, 0x3F, 0x80, 0x00, 0x1F, 0xC0, 0x00, 0x0F,
  0xE0, 0x00, 0x07, 0xF0, 0x00, 0x03, 0xF8, 0x00, 0x01, 0xFC, 0x00, 0x00,
  0xFE, 0x00, 0x00, 0x7F, 0x00, 0x00, 0x3F, 0x80, 0x00, 0x1F, 0xC0, 0x00,
  0x0F, 0xE0, 0x00, 0x07, 0xF0, 0x00, 0x03, 0xF8, 0x00, 0x01, 0xFC, 0x00,
  0x00, 0xFE, 0x00, 0x00, 0x7F, 0x00, 0x00, 0x3F, 0xFF, 0xFE, 0x1F, 0xFF,
  0xFF, 0x8F, 0xFF, 0xFF, 0xC7, 0xFF, 0xFF, 0xE3, 0xFF, 0xFF, 0xF1, 0xFF,
  0xFF, 0xF0, 0x1F, 0xC0, 0x00, 0x7F, 0x03, 0xFC, 0x00, 0x1F, 0xE0, 0x7F,
  0x80, 0x03, 0xFC, 0x0F, 0xF8, 0x00, 0xFF, 0x81, 0xFF, 0x00, 0x1F, 0xF0,
  0x3F, 0xF0, 0x07, 0xFE, 0x07, 0xFE, 0x00, 0xFF, 0xC0, 0xFF, 0xE0, 0x3F,
  0xF8, 0x1F, 0xFE, 0x0F, 0xFF, 0x03, 0xFF, 0xC1, 0xFF, 0xE0, 0x7F, 0xFC,
  0x7F, 0xFC, 0x0F, 0xFF, 0x8F, 0xFF, 0x81, 0xFF, 0xFB, 0xFF, 0xF0, 0x3F,
  0xFF, 0xFF, 0xFE, 0x07, 0xF7, 0xFF, 0xDF, 0xC0, 0xFE, 0x7F, 0xF3, 0xF8,
  0x1F, 0xCF, 0xFE, 0x7F, 0x03, 0xF8, 0xFF, 0x8F, 0xE0, 0x7F, 0x1F, 0xF1,
  0xFC, 0x0F, 0xE1, 0xFC, 0x3F, 0x81, 0xFC, 0x1F, 0x07, 0xF0, 0x3F, 0x83,
  0xE0, 0xFE, 0x07, 0xF0, 0x00, 0x1F, 0xC0, 0xFE, 0x00, 0x03, 0xF8, 0x1F,
  0xC0, 0x00, 0x7F, 0x03, 0xF8, 0x00, 0x0F, 0xE0, 0x7F, 0x00, 0x01, 0xFC,
  0x0F, 0xE0, 0x00, 0x3F, 0x81, 0xFC, 0x00, 0x07, 0xF0, 0x1F, 0xC0, 0x0F,
  0xE0, 0x7F, 0x00, 0x3F, 0x81, 0xFE, 0x00, 0xFE, 0x07, 0xFC, 0x03, 0xF8,
  0x1F, 0xF0, 0x0F, 0xE0, 0x7F, 0xE0, 0x3F, 0x81, 0xFF, 0xC0, 0xFE, 0x07,
  0xFF, 0x03, 0xF8, 0x1F, 0xFE, 0x0F, 0xE0, 0x7F, 0xFC, 0x3F, 0x81, 0xFF,
  0xF0, 0xFE, 0x07, 0xFF, 0xE3, 0xF8, 0x1F, 0xFF, 0x8F, 0xE0, 0x7F, 0xFF,
  0x3F, 0x81, 0xFD, 0xFE, 0xFE, 0x07, 0xF3, 0xFB, 0xF8, 0x1F, 0xC7, 0xFF,
  0xE0, 0x7F, 0x1F, 0xFF, 0x81, 0xFC, 0x3F, 0xFE, 0x07, 0xF0, 0x7F, 0xF8,
  0x1F, 0xC1, 0xFF, 0xE0, 0x7F, 0x03, 0xFF, 0x81, 0xFC, 0x07, 0xFE, 0x07,
  0xF0, 0x1F, 0xF8, 0x1F, 0xC0, 0x3F, 0xE0, 0x7F, 0x00, 0x7F, 0x81, 0xFC,
  0x01, 0xFE, 0x07, 0xF0, 0x03, 0xF8, 0x1F, 0xC0, 0x07, 0xE0, 0x00, 0x3F,
  0xF0, 0x00, 0x0F, 0xFF, 0xE0, 0x00, 0xFF, 0xFF, 0xC0, 0x0F, 0xFF, 0xFF,
  0x00, 0xFF, 0xFF, 0xF8, 0x0F, 0xFF, 0xFF, 0xE0, 0x7F, 0xC1, 0xFF, 0x87,
  0xFC, 0x03, 0xFC, 0x3F, 0xC0, 0x1F, 0xE1, 0xFE, 0x00, 0x7F, 0x0F, 0xF0,
  0x03, 0xF8, 0x7F, 0x00, 0x1F, 0xC3, 0xF8, 0x00, 0xFE, 0x1F, 0xC0, 0x07,
  0xF0, 0xFE, 0x00, 0x3F, 0x87, 0xF0, 0x01, 0xFC, 0x3F, 0x80, 0x0F, 0xE1,
  0xFC, 0x00, 0x7F, 0x0F, 0xF0, 0x03, 0xF8, 0x7F, 0x80, 0x1F, 0xC3, 0xFC,
  0x01, 0xFE, 0x1F, 0xF0, 0x0F, 0xF0, 0x7F, 0xC1, 0xFF, 0x83, 0xFF, 0xFF,
  0xF8, 0x0F, 0xFF, 0xFF, 0xC0, 0x3F, 0xFF, 0xFC, 0x00, 0xFF, 0xFF, 0xC0,
  0x03, 0xFF, 0xF8, 0x00, 0x03, 0xFF, 0x00, 0x00, 0x1F, 0xFF, 0xF0, 0x01,
  0xFF, 0xFF, 0xE0, 0x1F, 0xFF, 0xFF, 0x01, 0xFF, 0xFF, 0xF8, 0x1F, 0xFF,
  0xFF, 0xC1, 0xFF, 0xFF, 0xFC, 0x1F, 0xC0, 0x3F, 0xE1, 0xFC, 0x01, 0xFE,
  0x1F, 0xC0, 0x1F, 0xE1, 0xFC, 0x00, 0xFE, 0x1F, 0xC0, 0x1F, 0xE1, 0xFC,
  0x01, 0xFE, 0x1F, 0xC0, 0x3F, 0xE1, 0xFF, 0xFF, 0xFC, 0x1F, 0xFF, 0xFF,
  0xC1, 0xFF, 0xFF, 0xF8, 0x1F, 0xFF, 0xFF, 0x01, 0xFF, 0xFF, 0xE0, 0x1F,
  0xFF, 0xF0, 0x01, 0xFC, 0x00, 0x00, 0x1F, 0xC0, 0x00, 0x01, 0xFC, 0x00,
  0x00, 0x1F, 0xC0, 0x00, 0x01, 0xFC, 0x00, 0x00, 0x1F, 0xC0, 0x00, 0x01,
  0xFC, 0x00, 0x00, 0x1F, 0xC0, 0x00, 0x01, 0xFC, 0x00, 0x00, 0x1F, 0xC0,
  0x00, 0x00, 0x00, 0x3F, 0xE0, 0x00, 0x0F, 0xFF, 0xE0, 0x00, 0xFF, 0xFF,
  0xC0, 0x0F, 0xFF, 0xFF, 0x00, 0xFF, 0xFF, 0xF8, 0x0F, 0xFF, 0xFF, 0xE0,
  0x7F, 0xC1, 0xFF, 0x87, 0xFC, 0x03, 0xFC, 0x3F, 0xC0, 0x1F, 0xE1, 0xFE,
  0x00, 0x7F, 0x0F, 0xF0, 0x03, 0xF8, 0x7F, 0x00, 0x1F, 0xC3, 0xF8, 0x00,
  0xFE, 0x1F, 0xC0, 0x07, 0xF0, 0xFE, 0x00, 0x3F, 0x87, 0xF0, 0x01, 0xFC,
  0x3F, 0x80, 0x0F, 0xE1, 0xFC, 0x00, 0x7F, 0x0F, 0xF0, 0x03, 0xF8, 0x7F,
  0x80, 0x1F, 0xC3, 0xFC, 0x01, 0xFE, 0x1F, 0xF0, 0x0F, 0xF0, 0x7F, 0xC1,
  0xFF, 0x83, 0xFF, 0xFF, 0xF8, 0x0F, 0xFF, 0xFF, 0xC0, 0x3F, 0xFF, 0xFC,
  0x00, 0xFF, 0xFF, 0xE0, 0x03, 0xFF, 0xFF, 0x80, 0x03, 0xFF, 0xFE, 0x00,
  0x00, 0x0F, 0xF0, 0x00, 0x00, 0x3F, 0xC0, 0x00, 0x00, 0xFC, 0x1F, 0xFF,
  0xF0, 0x00, 0xFF, 0xFF, 0xF0, 0x07, 0xFF, 0xFF, 0xC0, 0x3F, 0xFF, 0xFF,
  0x01, 0xFF, 0xFF, 0xFC, 0x0F, 0xFF, 0xFF, 0xE0, 0x7F, 0x00, 0xFF, 0x83,
  0xF8, 0x03, 0xFC, 0x1F, 0xC0, 0x1F, 0xE0, 0xFE, 0x00, 0x7F, 0x07, 0xF0,
  0x07, 0xF8, 0x3F, 0x80, 0x3F, 0xC1, 0xFC, 0x03, 0xFE, 0x0F, 0xFF, 0xFF,
  0xE0, 0x7F, 0xFF, 0xFF, 0x03, 0xFF, 0xFF, 0xF0, 0x1F, 0xFF, 0xFF, 0x00,
  0xFF, 0xFF, 0xF0, 0x07, 0xFF, 0xFF, 0x80, 0x3F, 0x83, 0xFC, 0x01, 0xFC,
  0x0F, 0xF0, 0x0F, 0xE0, 0x7F, 0x80, 0x7F, 0x01, 0xFE, 0x03, 0xF8, 0x0F,
  0xF8, 0x1F, 0xC0, 0x3F, 0xC0, 0xFE, 0x01, 0xFF, 0x07, 0xF0, 0x07, 0xF8,
  0x3F, 0x80, 0x3F, 0xE1, 0xFC, 0x00, 0xFF, 0x00, 0x00, 0x7F, 0xC0, 0x00,
  0x3F, 0xFF, 0x80, 0x07, 0xFF, 0xFC, 0x00, 0xFF, 0xFF, 0xE0, 0x1F, 0xFF,
  0xFF, 0x03, 0xFF, 0xFF, 0xF8, 0x3F, 0xE0, 0xFF, 0x83, 0xFC, 0x07, 0xF8,
  0x3F, 0x80, 0x3F, 0x83, 0xFC, 0x00, 0x00, 0x3F, 0xE0, 0x00, 0x03, 0xFF,
  0xC0, 0x00, 0x1F, 0xFF, 0xE0, 0x00, 0xFF, 0xFF, 0xC0, 0x07, 0xFF, 0xFF,
  0x00, 0x1F, 0xFF, 0xF8, 0x00, 0x3F, 0xFF, 0xC0, 0x00, 0x3F, 0xFC, 0x00,
  0x00, 0x3F, 0xC0, 0x00, 0x01, 0xFC, 0x3F, 0x80, 0x1F, 0xC7, 0xFC, 0x03,
  0xFC, 0x3F, 0xF0, 0x7F, 0xC3, 0xFF, 0xFF, 0xFC, 0x1F, 0xFF, 0xFF, 0x81,
  0xFF, 0xFF, 0xF0, 0x07, 0xFF, 0xFE, 0x00, 0x3F, 0xFF, 0xC0, 0x00, 0x7F,
  0xE0, 0x00, 0x7F, 0xFF, 0xFF, 0xCF, 0xFF, 0xFF, 0xF9, 0xFF, 0xFF, 0xFF,
  0x3F, 0xFF, 0xFF, 0xE7, 0xFF, 0xFF, 0xFC, 0xFF, 0xFF, 0xFF, 0x9F, 0xFF,
  0xFF, 0xF0, 0x01, 0xFC, 0x00, 0x00, 0x3F, 0x80, 0x00, 0x07, 0xF0, 0x00,
  0x00, 0xFE, 0x00, 0x00, 0x1F, 0xC0, 0x00, 0x03, 0xF8, 0x00, 0x00, 0x7F,
  0x00, 0x00, 0x0F, 0xE0, 0x00, 0x01, 0xFC, 0x00, 0x00, 0x3F, 0x80, 0x00,
  0x07, 0xF0, 0x00, 0x00, 0xFE, 0x00, 0x00, 0x1F, 0xC0, 0x00, 0x03, 0xF8,
  0x00, 0x00, 0x7F, 0x00, 0x00, 0x0F, 0xE0, 0x00, 0x01, 0xFC, 0x00, 0x00,
  0x3F, 0x80, 0x00, 0x07, 0xF0, 0x00, 0x00, 0xFE, 0x00, 0x00, 0x1F, 0xC0,
  0x00, 0x03, 0xF8, 0x00, 0x1F, 0xC0, 0x07, 0xF0, 0x3F, 0x80, 0x0F, 0xE0,
  0x7F, 0x00, 0x1F, 0xC0, 0xFE, 0x00, 0x3F, 0x81, 0xFC, 0x00, 0x7F, 0x03,
  0xF8, 0x00, 0xFE, 0x07, 0xF0, 0x01, 0xFC, 0x0F, 0xE0, 0x03, 0xF8, 0x1F,
  0xC0, 0x07, 0xF0, 0x3F, 0x80, 0x0F, 0xE0, 0x7F, 0x00, 0x1F, 0xC0, 0xFE,
  0x00, 0x3F, 0x81, 0xFC, 0x00, 0x7F, 0x03, 0xF8, 0x00, 0xFE, 0x07, 0xF0,
  0x01, 0xFC, 0x0F, 0xE0, 0x03, 0xF8, 0x1F, 0xC0, 0x07, 0xF0, 0x3F, 0x80,
  0x0F, 0xE0, 0x7F, 0x80, 0x3F, 0xC0, 0xFF, 0x00, 0x7F, 0x81, 0xFE, 0x00,
  0xFF, 0x03, 0xFE, 0x03, 0xFE, 0x03, 0xFE, 0x0F, 0xF8, 0x07, 0xFF, 0xFF,
  0xF0, 0x07, 0xFF, 0xFF, 0xC0, 0x07, 0xFF, 0xFF, 0x80, 0x07, 0xFF, 0xFC,
  0x00, 0x07, 0xFF, 0xF0, 0x00, 0x01, 0xFF, 0x00, 0x00, 0x7F, 0x00, 0x07,
  0xF3, 0xFC, 0x00, 0x7F, 0x9F, 0xE0, 0x03, 0xFC, 0x7F, 0x00, 0x1F, 0xC3,
  0xFC, 0x01, 0xFE, 0x1F, 0xE0, 0x0F, 0xF0, 0x7F, 0x00, 0x7F, 0x03, 0xFC,
  0x07, 0xF8, 0x1F, 0xE0, 0x3F, 0xC0, 0x7F, 0x01, 0xFE, 0x03, 0xFC, 0x1F,
  0xE0, 0x1F, 0xE0, 0xFF, 0x00, 0x7F, 0x07, 0xF8, 0x03, 0xFC, 0x3F, 0x80,
  0x1F, 0xE3, 0xFC, 0x00, 0x7F, 0x1F, 0xE0, 0x03, 0xFC, 0xFE, 0x00, 0x1F,
  0xEF, 0xF0, 0x00, 0x7F, 0x7F, 0x80, 0x03, 0xFF, 0xF8, 0x00, 0x1F, 0xFF,
  0xC0, 0x00, 0xFF, 0xFE, 0x00, 0x03, 0xFF, 0xE0, 0x00, 0x1F, 0xFF, 0x00,
  0x00, 0xFF, 0xF8, 0x00, 0x03, 0xFF, 0x80, 0x00, 0x1F, 0xFC, 0x00, 0x00,
  0xFF, 0xE0, 0x00, 0x03, 0xFE, 0x00, 0x00, 0x7F, 0x00, 0x00, 0x3F, 0x8F,
  0xF0, 0x00, 0x0F, 0xF1, 0xFE, 0x00, 0x01, 0xFE, 0x3F, 0xC0, 0x00, 0x3F,
  0xC7, 0xF8, 0x00, 0x07, 0xF8, 0x7F, 0x00, 0x00, 0xFE, 0x0F, 0xE0, 0x78,
  0x1F, 0xC1, 0xFE, 0x1F, 0x87, 0xF8, 0x3F, 0xC3, 0xF0, 0xFF, 0x07, 0xF8,
  0xFF, 0x1F, 0xE0, 0xFF, 0x1F, 0xE3, 0xFC, 0x0F, 0xE3, 0xFC, 0x7F, 0x01,
  0xFC, 0xFF, 0xCF, 0xE0, 0x3F, 0xDF, 0xFB, 0xFC, 0x07, 0xFB, 0xFF, 0x7F,
  0x80, 0xFF, 0xFF, 0xFF, 0xF0, 0x0F, 0xFF, 0xFF, 0xFE, 0x01, 0xFF, 0xFF,
  0xFF, 0x80, 0x3F, 0xFC, 0xFF, 0xF0, 0x07, 0xFF, 0x9F, 0xFE, 0x00, 0xFF,
  0xF1, 0xFF, 0xC0, 0x1F, 0xFC, 0x3F, 0xF8, 0x01, 0xFF, 0x87, 0xFF, 0x00,
  0x3F, 0xF0, 0x7F, 0xC0, 0x07, 0xFC, 0x0F, 0xF8, 0x00, 0xFF, 0x81, 0xFF,
  0x00, 0x1F, 0xE0, 0x1F, 0xE0, 0x03, 0xFC, 0x03, 0xFC, 0x00, 0x3F, 0x00,
  0x3F, 0x00, 0x7F, 0x80, 0x0F, 0xF3, 0xFE, 0x00, 0xFF, 0x8F, 0xF8, 0x0F,
  0xF8, 0x3F, 0xE0, 0x7F, 0x81, 0xFF, 0x07, 0xFC, 0x07, 0xFC, 0x7F, 0xC0,
  0x1F, 0xE3, 0xFC, 0x00, 0xFF, 0xBF, 0xE0, 0x03, 0xFF, 0xFE, 0x00, 0x0F,
  0xFF, 0xE0, 0x00, 0x7F, 0xFF, 0x00, 0x01, 0xFF, 0xF0, 0x00, 0x07, 0xFF,
  0x00, 0x00, 0x3F, 0xF8, 0x00, 0x01, 0xFF, 0xC0, 0x00, 0x0F, 0xFE, 0x00,
  0x00, 0xFF, 0xF8, 0x00, 0x0F, 0xFF, 0xE0, 0x00, 0x7F, 0xFF, 0x00, 0x07,
  0xFF, 0xFC, 0x00, 0x7F, 0xFF, 0xF0, 0x03, 0xFE, 0xFF, 0x80, 0x3F, 0xE3,
  0xFE, 0x03, 0xFE, 0x0F, 0xF8, 0x1F, 0xF0, 0x7F, 0xC1, 0xFF, 0x01, 0xFF,
  0x1F, 0xF0, 0x07, 0xFC, 0xFF, 0x00, 0x3F, 0xE7, 0xF8, 0x00, 0xFF, 0x00,
  0xFF, 0x00, 0x0F, 0xEF, 0xF0, 0x01, 0xFE, 0x7F, 0x80, 0x1F, 0xE7, 0xF8,
  0x03, 0xFC, 0x3F, 0xC0, 0x7F, 0x83, 0xFC, 0x07, 0xF8, 0x1F, 0xE0, 0xFF,
  0x00, 0xFF, 0x0F, 0xF0, 0x0F, 0xF1, 0xFE, 0x00, 0x7F, 0x9F, 0xE0, 0x07,
  0xFB, 0xFC, 0x00, 0x3F, 0xFF, 0xC0, 0x03, 0xFF, 0xF8, 0x00, 0x1F, 0xFF,
  0x80, 0x01, 0xFF, 0xF0, 0x00, 0x0F, 0xFE, 0x00, 0x00, 0xFF, 0xE0, 0x00,
  0x07, 0xFC, 0x00, 0x00, 0x3F, 0xC0, 0x00, 0x03, 0xF8, 0x00, 0x00, 0x3F,
  0x80, 0x00, 0x03, 0xF8, 0x00, 0x00, 0x3F, 0x80, 0x00, 0x03, 0xF8, 0x00,
  0x00, 0x3F, 0x80, 0x00, 0x03, 0xF8, 0x00, 0x00, 0x3F, 0x80, 0x00, 0x03,
  0xF8, 0x00, 0x00, 0x3F, 0x80, 0x00, 0x1F, 0xFF, 0xFF, 0xC1, 0xFF, 0xFF,
  0xFC, 0x1F, 0xFF, 0xFF, 0xC1, 0xFF, 0xFF, 0xFC, 0x1F, 0xFF, 0xFF, 0xC1,
  0xFF, 0xFF, 0xFC, 0x00, 0x00, 0xFF, 0xC0, 0x00, 0x1F, 0xF8, 0x00, 0x03,
  0xFF, 0x00, 0x00, 0x7F, 0xE0, 0x00, 0x07, 0xFC, 0x00, 0x00, 0xFF, 0xC0,
  0x00, 0x1F, 0xF8, 0x00, 0x03, 0xFF, 0x00, 0x00, 0x7F, 0xE0, 0x00, 0x0F,
  0xFE, 0x00, 0x00, 0xFF, 0xC0, 0x00, 0x1F, 0xF8, 0x00, 0x03, 0xFF, 0x00,
  0x00, 0x7F, 0xE0, 0x00, 0x0F, 0xFE, 0x00, 0x01, 0xFF, 0xC0, 0x00, 0x3F,
  0xF8, 0x00, 0x03, 0xFF, 0xFF, 0xFC, 0x3F, 0xFF, 0xFF, 0xC3, 0xFF, 0xFF,
  0xFC, 0x3F, 0xFF, 0xFF, 0xC3, 0xFF, 0xFF, 0xFC, 0x3F, 0xFF, 0xFF, 0xC0,
  0x00, 0x00, 0x0F, 0xFF, 0x07, 0xFF, 0xC3, 0xFF, 0xE1, 0xFF, 0xF0, 0xFF,
  0xF0, 0x7F, 0x00, 0x3F, 0x80, 0x1F, 0xC0, 0x0F, 0xE0, 0x07, 0xF0, 0x03,
  0xF8, 0x01, 0xFC, 0x00, 0xFE, 0x00, 0x7F, 0x00, 0x3F, 0x80, 0x1F, 0xC0,
  0x0F, 0xE0, 0x07, 0xF0, 0x03, 0xF8, 0x01, 0xFC, 0x00, 0xFE, 0x00, 0x7F,
  0x00, 0x3F, 0x80, 0x1F, 0xC0, 0x0F, 0xE0, 0x07, 0xF0, 0x03, 0xF8, 0x01,
  0xFC, 0x00, 0xFE, 0x00, 0x7F, 0x00, 0x3F, 0x80, 0x1F, 0xC0, 0x0F, 0xFF,
  0x07, 0xFF, 0xC3, 0xFF, 0xE1, 0xFF, 0xF0, 0xFF, 0xF8, 0x7F, 0xF8, 0x7E,
  0x00, 0x01, 0xF8, 0x00, 0x07, 0xF0, 0x00, 0x0F, 0xC0, 0x00, 0x3F, 0x80,
  0x00, 0x7E, 0x00, 0x01, 0xFC, 0x00, 0x03, 0xF0, 0x00, 0x0F, 0xC0, 0x00,
  0x3F, 0x80, 0x00, 0x7E, 0x00, 0x01, 0xFC, 0x00, 0x03, 0xF0, 0x00, 0x0F,
  0xE0, 0x00, 0x1F, 0x80, 0x00, 0x7E, 0x00, 0x01, 0xFC, 0x00, 0x03, 0xF0,
  0x00, 0x0F, 0xE0, 0x00, 0x1F, 0x80, 0x00, 0x7E, 0x00, 0x01, 0xFC, 0x00,
  0x03, 0xF0, 0x00, 0x0F, 0xE0, 0x00, 0x1F, 0x80, 0x00, 0x7F, 0x00, 0x00,
  0xFC, 0x00, 0x03, 0xF0, 0x00, 0x0F, 0xE0, 0x00, 0x1F, 0x80, 0x00, 0x7F,
  0x00, 0x00, 0xFC, 0x00, 0x03, 0xF8, 0x00, 0x07, 0xE0, 0x00, 0x1F, 0x80,
  0x00, 0x3E, 0x00, 0x00, 0x3F, 0xFE, 0x1F, 0xFF, 0x0F, 0xFF, 0x87, 0xFF,
  0xC3, 0xFF, 0xE0, 0x07, 0xF0, 0x03, 0xF8, 0x01, 0xFC, 0x00, 0xFE, 0x00,
  0x7F, 0x00, 0x3F, 0x80, 0x1F, 0xC0, 0x0F, 0xE0, 0x07, 0xF0, 0x03, 0xF8,
  0x01, 0xFC, 0x00, 0xFE, 0x00, 0x7F, 0x00, 0x3F, 0x80, 0x1F, 0xC0, 0x0F,
  0xE0, 0x07, 0xF0, 0x03, 0xF8, 0x01, 0xFC, 0x00, 0xFE, 0x00, 0x7F, 0x00,
  0x3F, 0x80, 0x1F, 0xC0, 0x0F, 0xE0, 0x07, 0xF0, 0x03, 0xF8, 0x01, 0xFC,
  0x3F, 0xFE, 0x1F, 0xFF, 0x0F, 0xFF, 0x87, 0xFF, 0xC3, 0xFF, 0xE1, 0xFF,
  0xF0, 0x00, 0xF0, 0x00, 0x3F, 0x80, 0x0F, 0xF8, 0x03, 0xFF, 0x80, 0xFF,
  0xF8, 0x3F, 0x3F, 0x8F, 0x81, 0xF0, 0x00, 0x00, 0x00, 0x00, 0x00, 0x00,
  0x00, 0x00, 0x00, 0x00, 0x00, 0x00, 0x00, 0x00, 0x00, 0x00, 0x00, 0x00,
  0x00, 0x00, 0x00, 0x00, 0x00, 0x00, 0x00, 0x00, 0x00, 0x00, 0x00, 0x00,
  0x00, 0x00, 0x00, 0x00, 0x00, 0x00, 0x00, 0x00, 0x00, 0x00, 0x00, 0x00,
  0x00, 0x00, 0x00, 0x00, 0x00, 0x00, 0x00, 0x00, 0x00, 0x00, 0x00, 0x00,
  0x00, 0x00, 0x00, 0x3F, 0xFF, 0xFF, 0xF8, 0x7F, 0xFF, 0xFF, 0xF0, 0xFF,
  0xFF, 0xFF, 0xE1, 0xFF, 0xFF, 0xFF, 0xC3, 0xFF, 0xFF, 0xFF, 0x87, 0xFF,
  0xFF, 0xFF, 0x00, 0x3F, 0x80, 0x3F, 0xC0, 0x1F, 0xE0, 0x0F, 0xF0, 0x07,
  0xF8, 0x01, 0xFC, 0x00, 0xFC, 0x00, 0x00, 0x00, 0x00, 0x00, 0x00, 0x00,
  0x00, 0x00, 0x00, 0x00, 0x00, 0x00, 0x00, 0x00, 0x00, 0x00, 0x00, 0x00,
  0x00, 0x00, 0x00, 0x00, 0x00, 0x00, 0x00, 0x00, 0x00, 0x00, 0x00, 0x00,
  0x00, 0x00, 0x00, 0x00, 0x00, 0x00, 0x00, 0x00, 0x00, 0x00, 0x00, 0x00,
  0x00, 0x00, 0x00, 0x00, 0x00, 0x00, 0x00, 0x00, 0xFF, 0x80, 0x01, 0xFF,
  0xF0, 0x01, 0xFF, 0xFC, 0x01, 0xFF, 0xFF, 0x01, 0xFF, 0xFF, 0xC0, 0xFE,
  0x1F, 0xE0, 0x7E, 0x07, 0xF0, 0x00, 0x03, 0xF8, 0x00, 0x07, 0xFC, 0x00,
  0xFF, 0xFE, 0x01, 0xFF, 0xFF, 0x03, 0xFF, 0xFF, 0x83, 0xFF, 0x9F, 0xC3,
  0xFC, 0x0F, 0xE1, 0xFE, 0x07, 0xF0, 0xFF, 0x07, 0xF8, 0x7F, 0xC7, 0xFC,
  0x3F, 0xFF, 0xFE, 0x0F, 0xFF, 0xFF, 0x07, 0xFF, 0xFF, 0x81, 0xFF, 0xDF,
  0xC0, 0x3F, 0x8F, 0xE0, 0x3F, 0x80, 0x00, 0x0F, 0xE0, 0x00, 0x03, 0xF8,
  0x00, 0x00, 0xFE, 0x00, 0x00, 0x3F, 0x80, 0x00, 0x0F, 0xE0, 0x00, 0x03,
  0xF8, 0x00, 0x00, 0xFE, 0x3F, 0x80, 0x3F, 0xFF, 0xF8, 0x0F, 0xFF, 0xFF,
  0x03, 0xFF, 0xFF, 0xE0, 0xFF, 0xFF, 0xF8, 0x3F, 0xF1, 0xFF, 0x0F, 0xF0,
  0x3F, 0xC3, 0xFC, 0x07, 0xF0, 0xFF, 0x01, 0xFC, 0x3F, 0x80, 0x7F, 0x0F,
  0xE0, 0x1F, 0xC3, 0xF8, 0x07, 0xF0, 0xFE, 0x01, 0xFC, 0x3F, 0xC0, 0x7F,
  0x0F, 0xF0, 0x1F, 0xC3, 0xFC, 0x0F, 0xF0, 0xFF, 0xC7, 0xFC, 0x3F, 0xFF,
  0xFE, 0x0F, 0xFF, 0xFF, 0x83, 0xFF, 0xFF, 0xC0, 0xFE, 0xFF, 0xE0, 0x3F,
  0x8F, 0xE0, 0x00, 0x00, 0xFF, 0x80, 0x01, 0xFF, 0xF0, 0x01, 0xFF, 0xFE,
  0x01, 0xFF, 0xFF, 0x81, 0xFF, 0xFF, 0xE0, 0xFF, 0x1F, 0xF0, 0xFF, 0x07,
  0xFC, 0x7F, 0x81, 0xFE, 0x3F, 0xC0, 0x00, 0x1F, 0xC0, 0x00, 0x0F, 0xE0,
  0x00, 0x07, 0xF0, 0x00, 0x03, 0xF8, 0x00, 0x01, 0xFE, 0x00, 0x00, 0xFF,
  0x03, 0xFC, 0x7F, 0x83, 0xFE, 0x1F, 0xE3, 0xFE, 0x0F, 0xFF, 0xFF, 0x03,
  0xFF, 0xFF, 0x00, 0xFF, 0xFF, 0x00, 0x3F, 0xFE, 0x00, 0x07, 0xFC, 0x00,
  0x00, 0x00, 0x7F, 0x00, 0x00, 0x0F, 0xE0, 0x00, 0x01, 0xFC, 0x00, 0x00,
  0x3F, 0x80, 0x00, 0x07, 0xF0, 0x00, 0x00, 0xFE, 0x00, 0x00, 0x1F, 0xC0,
  0x0F, 0xE3, 0xF8, 0x07, 0xFF, 0x7F, 0x01, 0xFF, 0xFF, 0xE0, 0x3F, 0xFF,
  0xFC, 0x0F, 0xFF, 0xFF, 0x81, 0xFE, 0x1F, 0xF0, 0x7F, 0x81, 0xFE, 0x0F,
  0xF0, 0x1F, 0xC1, 0xFE, 0x03, 0xF8, 0x3F, 0x80, 0x7F, 0x07, 0xF0, 0x0F,
  0xE0, 0xFE, 0x01, 0xFC, 0x1F, 0xC0, 0x3F, 0x83, 0xFC, 0x07, 0xF0, 0x7F,
  0x80, 0xFE, 0x0F, 0xF0, 0x3F, 0xC0, 0xFF, 0x0F, 0xF8, 0x1F, 0xFF, 0xFF,
  0x01, 0xFF, 0xFF, 0xE0, 0x3F, 0xFF, 0xFC, 0x03, 0xFF, 0xFF, 0x80, 0x1F,
  0xE7, 0xF0, 0x00, 0x7F, 0x80, 0x01, 0xFF, 0xF0, 0x01, 0xFF, 0xFE, 0x01,
  0xFF, 0xFF, 0x81, 0xFF, 0xFF, 0xC0, 0xFF, 0x0F, 0xF0, 0xFF, 0x03, 0xF8,
  0x7F, 0x81, 0xFE, 0x3F, 0x80, 0x7F, 0x1F, 0xFF, 0xFF, 0x8F, 0xFF, 0xFF,
  0xC7, 0xFF, 0xFF, 0xE3, 0xFF, 0xFF, 0xF1, 0xFC, 0x00, 0x00, 0xFF, 0x00,
  0x00, 0x7F, 0x81, 0xFC, 0x1F, 0xE3, 0xFE, 0x0F, 0xFF, 0xFF, 0x03, 0xFF,
  0xFF, 0x00, 0xFF, 0xFF, 0x00, 0x3F, 0xFF, 0x00, 0x03, 0xFC, 0x00, 0x00,
  0x00, 0x00, 0x07, 0xFE, 0x01, 0xFF, 0xE0, 0x3F, 0xFE, 0x03, 0xFF, 0xE0,
  0x7F, 0xFE, 0x07, 0xF8, 0x00, 0x7F, 0x80, 0x07, 0xF0, 0x07, 0xFF, 0xFC,
  0x7F, 0xFF, 0xC7, 0xFF, 0xFC, 0x7F, 0xFF, 0xC7, 0xFF, 0xFC, 0x07, 0xF8,
  0x00, 0x7F, 0x00, 0x07, 0xF0, 0x00, 0x7F, 0x00, 0x07, 0xF0, 0x00, 0x7F,
  0x00, 0x07, 0xF0, 0x00, 0x7F, 0x00, 0x07, 0xF0, 0x00, 0x7F, 0x00, 0x07,
  0xF0, 0x00, 0x7F, 0x00, 0x07, 0xF0, 0x00, 0x7F, 0x00, 0x07, 0xF0, 0x00,
  0x7F, 0x00, 0x07, 0xF0, 0x00, 0x01, 0xFC, 0x7F, 0x00, 0xFF, 0xEF, 0xE0,
  0x3F, 0xFF, 0xFC, 0x07, 0xFF, 0xFF, 0x81, 0xFF, 0xFF, 0xF0, 0x3F, 0xE3,
  0xFE, 0x0F, 0xF0, 0x3F, 0xC1, 0xFE, 0x03, 0xF8, 0x3F, 0xC0, 0x7F, 0x07,
  0xF0, 0x0F, 0xE0, 0xFE, 0x01, 0xFC, 0x1F, 0xC0, 0x3F, 0x83, 0xF8, 0x07,
  0xF0, 0x7F, 0x80, 0xFE, 0x0F, 0xF0, 0x3F, 0xC1, 0xFE, 0x07, 0xF8, 0x1F,
  0xF1, 0xFF, 0x03, 0xFF, 0xFF, 0xE0, 0x7F, 0xFF, 0xFC, 0x07, 0xFF, 0xFF,
  0x80, 0x7F, 0xF7, 0xF0, 0x03, 0xFC, 0xFE, 0x00, 0x00, 0x1F, 0xC0, 0x00,
  0x03, 0xF8, 0x3F, 0xC0, 0x7F, 0x07, 0xF8, 0x1F, 0xE0, 0x7F, 0xC7, 0xFC,
  0x0F, 0xFF, 0xFF, 0x00, 0xFF, 0xFF, 0xC0, 0x0F, 0xFF, 0xF8, 0x00, 0xFF,
  0xFC, 0x00, 0x03, 0xFE, 0x00, 0x3F, 0x80, 0x00, 0x07, 0xF0, 0x00, 0x00,
  0xFE, 0x00, 0x00, 0x1F, 0xC0, 0x00, 0x03, 0xF8, 0x00, 0x00, 0x7F, 0x00,
  0x00, 0x0F, 0xE0, 0x00, 0x01, 0xFC, 0x7F, 0x00, 0x3F, 0xBF, 0xF8, 0x07,
  0xFF, 0xFF, 0x80, 0xFF, 0xFF, 0xF8, 0x1F, 0xFF, 0xFF, 0x83, 0xFF, 0x1F,
  0xF0, 0x7F, 0x81, 0xFE, 0x0F, 0xF0, 0x1F, 0xC1, 0xFE, 0x03, 0xF8, 0x3F,
  0x80, 0x7F, 0x07, 0xF0, 0x0F, 0xE0, 0xFE, 0x01, 0xFC, 0x1F, 0xC0, 0x3F,
  0x83, 0xF8, 0x07, 0xF0, 0x7F, 0x00, 0xFE, 0x0F, 0xE0, 0x1F, 0xC1, 0xFC,
  0x03, 0xF8, 0x3F, 0x80, 0x7F, 0x07, 0xF0, 0x0F, 0xE0, 0xFE, 0x01, 0xFC,
  0x1F, 0xC0, 0x3F, 0x83, 0xF8, 0x07, 0xF0, 0x3F, 0x83, 0xF8, 0x3F, 0x83,
  0xF8, 0x3F, 0x83, 0xF8, 0x00, 0x00, 0x00, 0x00, 0x03, 0xF8, 0x3F, 0x83,
  0xF8, 0x3F, 0x83, 0xF8, 0x3F, 0x83, 0xF8, 0x3F, 0x83, 0xF8, 0x3F, 0x83,
  0xF8, 0x3F, 0x83, 0xF8, 0x3F, 0x83, 0xF8, 0x3F, 0x83, 0xF8, 0x3F, 0x83,
  0xF8, 0x3F, 0x83, 0xF8, 0x3F, 0x80, 0x07, 0xF0, 0x0F, 0xE0, 0x1F, 0xC0,
  0x3F, 0x80, 0x7F, 0x00, 0xFE, 0x00, 0x00, 0x00, 0x00, 0x07, 0xF0, 0x0F,
  0xE0, 0x1F, 0xC0, 0x3F, 0x80, 0x7F, 0x00, 0xFE, 0x01, 0xFC, 0x03, 0xF8,
  0x07, 0xF0, 0x0F, 0xE0, 0x1F, 0xC0, 0x3F, 0x80, 0x7F, 0x00, 0xFE, 0x01,
  0xFC, 0x03, 0xF8, 0x07, 0xF0, 0x0F, 0xE0, 0x1F, 0xC0, 0x3F, 0x80, 0x7F,
  0x00, 0xFE, 0x01, 0xFC, 0x03, 0xF8, 0x0F, 0xF1, 0xFF, 0xE3, 0xFF, 0x87,
  0xFE, 0x0F, 0xF8, 0x1F, 0xC0, 0x00, 0x3F, 0x80, 0x00, 0x1F, 0xC0, 0x00,
  0x0F, 0xE0, 0x00, 0x07, 0xF0, 0x00, 0x03, 0xF8, 0x00, 0x01, 0xFC, 0x00,
  0x00, 0xFE, 0x00, 0x00, 0x7F, 0x03, 0xFC, 0x3F, 0x83, 0xFE, 0x1F, 0xC3,
  0xFE, 0x0F, 0xE1, 0xFE, 0x07, 0xF1, 0xFE, 0x03, 0xF9, 0xFE, 0x01, 0xFF,
  0xFE, 0x00, 0xFF, 0xFF, 0x00, 0x7F, 0xFF, 0x00, 0x3F, 0xFF, 0x00, 0x1F,
  0xFF, 0x80, 0x0F, 0xFF, 0xE0, 0x07, 0xFF, 0xF8, 0x03, 0xFF, 0xFC, 0x01,
  0xFD, 0xFF, 0x00, 0xFE, 0x7F, 0xC0, 0x7F, 0x1F, 0xF0, 0x3F, 0x87, 0xFC,
  0x1F, 0xC1, 0xFE, 0x0F, 0xE0, 0xFF, 0x87, 0xF0, 0x3F, 0xE3, 0xF8, 0x0F,
  0xF0, 0x3F, 0x83, 0xF8, 0x3F, 0x83, 0xF8, 0x3F, 0x83, 0xF8, 0x3F, 0x83,
  0xF8, 0x3F, 0x83, 0xF8, 0x3F, 0x83, 0xF8, 0x3F, 0x83, 0xF8, 0x3F, 0x83,
  0xF8, 0x3F, 0x83, 0xF8, 0x3F, 0x83, 0xF8, 0x3F, 0x83, 0xF8, 0x3F, 0x83,
  0xF8, 0x3F, 0x83, 0xF8, 0x3F, 0x83, 0xF8, 0x3F, 0x80, 0x3F, 0x9F, 0xC0,
  0x7E, 0x00, 0xFE, 0xFF, 0xC7, 0xFE, 0x03, 0xFF, 0xFF, 0xBF, 0xFC, 0x0F,
  0xFF, 0xFF, 0xFF, 0xF8, 0x3F, 0xFF, 0xFF, 0xFF, 0xE0, 0xFF, 0x9F, 0xFC,
  0x7F, 0xC3, 0xFC, 0x3F, 0xE0, 0xFF, 0x0F, 0xF0, 0x7F, 0x83, 0xFC, 0x3F,
  0x81, 0xFE, 0x0F, 0xF0, 0xFE, 0x07, 0xF0, 0x1F, 0xC3, 0xF8, 0x1F, 0xC0,
  0x7F, 0x0F, 0xE0, 0x7F, 0x01, 0xFC, 0x3F, 0x81, 0xFC, 0x07, 0xF0, 0xFE,
  0x07, 0xF0, 0x1F, 0xC3, 0xF8, 0x1F, 0xC0, 0x7F, 0x0F, 0xE0, 0x7F, 0x01,
  0xFC, 0x3F, 0x81, 0xFC, 0x07, 0xF0, 0xFE, 0x07, 0xF0, 0x1F, 0xC3, 0xF8,
  0x1F, 0xC0, 0x7F, 0x0F, 0xE0, 0x7F, 0x01, 0xFC, 0x3F, 0x81, 0xFC, 0x07,
  0xF0, 0xFE, 0x07, 0xF0, 0x1F, 0xC0, 0x3F, 0x8F, 0xE0, 0x07, 0xF7, 0xFF,
  0x00, 0xFF, 0xFF, 0xF0, 0x1F, 0xFF, 0xFF, 0x03, 0xFF, 0xFF, 0xF0, 0x7F,
  0xE3, 0xFE, 0x0F, 0xF0, 0x3F, 0xC1, 0xFE, 0x03, 0xF8, 0x3F, 0xC0, 0x7F,
  0x07, 0xF8, 0x0F, 0xE0, 0xFF, 0x01, 0xFC, 0x1F, 0xE0, 0x3F, 0x83, 0xFC,
  0x07, 0xF0, 0x7F, 0x80, 0xFE, 0x0F, 0xF0, 0x1F, 0xC1, 0xFE, 0x03, 0xF8,
  0x3F, 0xC0, 0x7F, 0x07, 0xF8, 0x0F, 0xE0, 0xFF, 0x01, 0xFC, 0x1F, 0xE0,
  0x3F, 0x83, 0xFC, 0x07, 0xF0, 0x7F, 0x00, 0xFE, 0x00, 0x00, 0xFF, 0xC0,
  0x00, 0xFF, 0xFC, 0x00, 0x7F, 0xFF, 0x80, 0x3F, 0xFF, 0xF0, 0x1F, 0xFF,
  0xFE, 0x07, 0xF8, 0x7F, 0x83, 0xFC, 0x0F, 0xF0, 0xFF, 0x03, 0xFC, 0x3F,
  0xC0, 0xFF, 0x0F, 0xE0, 0x1F, 0xC3, 0xF8, 0x07, 0xF0, 0xFE, 0x01, 0xFC,
  0x3F, 0x80, 0x7F, 0x0F, 0xF0, 0x3F, 0xC3, 0xFC, 0x0F, 0xF0, 0xFF, 0x03,
  0xFC, 0x1F, 0xE1, 0xFE, 0x07, 0xFF, 0xFF, 0x80, 0xFF, 0xFF, 0xC0, 0x1F,
  0xFF, 0xE0, 0x03, 0xFF, 0xF0, 0x00, 0x3F, 0xF0, 0x00, 0x3F, 0x8F, 0xE0,
  0x0F, 0xEF, 0xFE, 0x03, 0xFF, 0xFF, 0xC0, 0xFF, 0xFF, 0xF8, 0x3F, 0xFF,
  0xFE, 0x0F, 0xFC, 0x7F, 0xC3, 0xFC, 0x0F, 0xF0, 0xFF, 0x01, 0xFC, 0x3F,
  0xC0, 0x7F, 0x0F, 0xE0, 0x1F, 0xC3, 0xF8, 0x07, 0xF0, 0xFE, 0x01, 0xFC,
  0x3F, 0x80, 0x7F, 0x0F, 0xF0, 0x1F, 0xC3, 0xFC, 0x07, 0xF0, 0xFF, 0x03,
  0xFC, 0x3F, 0xF1, 0xFF, 0x0F, 0xFF, 0xFF, 0x83, 0xFF, 0xFF, 0xE0, 0xFF,
  0xFF, 0xF0, 0x3F, 0xBF, 0xF8, 0x0F, 0xE3, 0xF8, 0x03, 0xF8, 0x00, 0x00,
  0xFE, 0x00, 0x00, 0x3F, 0x80, 0x00, 0x0F, 0xE0, 0x00, 0x03, 0xF8, 0x00,
  0x00, 0xFE, 0x00, 0x00, 0x3F, 0x80, 0x00, 0x0F, 0xE0, 0x00, 0x00, 0x01,
  0xFE, 0x7F, 0x00, 0xFF, 0xEF, 0xE0, 0x3F, 0xFF, 0xFC, 0x0F, 0xFF, 0xFF,
  0x81, 0xFF, 0xFF, 0xF0, 0x3F, 0xC3, 0xFE, 0x0F, 0xF0, 0x3F, 0xC1, 0xFE,
  0x03, 0xF8, 0x3F, 0xC0, 0x7F, 0x07, 0xF0, 0x0F, 0xE0, 0xFE, 0x01, 0xFC,
  0x1F, 0xC0, 0x3F, 0x83, 0xF8, 0x07, 0xF0, 0x7F, 0x80, 0xFE, 0x0F, 0xF0,
  0x1F, 0xC1, 0xFE, 0x07, 0xF8, 0x1F, 0xE1, 0xFF, 0x03, 0xFF, 0xFF, 0xE0,
  0x3F, 0xFF, 0xFC, 0x07, 0xFF, 0xFF, 0x80, 0x7F, 0xF7, 0xF0, 0x03, 0xF8,
  0xFE, 0x00, 0x00, 0x1F, 0xC0, 0x00, 0x03, 0xF8, 0x00, 0x00, 0x7F, 0x00,
  0x00, 0x0F, 0xE0, 0x00, 0x01, 0xFC, 0x00, 0x00, 0x3F, 0x80, 0x00, 0x07,
  0xF0, 0x00, 0x00, 0xFE, 0x00, 0x3F, 0x8F, 0xC7, 0xF7, 0xF8, 0xFF, 0xFF,
  0x1F, 0xFF, 0xE3, 0xFF, 0xFC, 0x7F, 0xFF, 0x8F, 0xF8, 0x01, 0xFE, 0x00,
  0x3F, 0xC0, 0x07, 0xF8, 0x00, 0xFF, 0x00, 0x1F, 0xE0, 0x03, 0xFC, 0x00,
  0x7F, 0x80, 0x0F, 0xF0, 0x01, 0xFE, 0x00, 0x3F, 0xC0, 0x07, 0xF8, 0x00,
  0xFF, 0x00, 0x1F, 0xE0, 0x03, 0xFC, 0x00, 0x7F, 0x00, 0x00, 0x01, 0xFF,
  0x00, 0x0F, 0xFF, 0x80, 0x3F, 0xFF, 0x80, 0xFF, 0xFF, 0x83, 0xFF, 0xFF,
  0x87, 0xF8, 0xFF, 0x0F, 0xF0, 0x7E, 0x1F, 0xE0, 0x00, 0x3F, 0xF0, 0x00,
  0x3F, 0xFE, 0x00, 0x3F, 0xFF, 0x80, 0x1F, 0xFF, 0x80, 0x0F, 0xFF, 0x80,
  0x00, 0xFF, 0x80, 0x00, 0xFF, 0x1F, 0xC1, 0xFE, 0x7F, 0xC3, 0xFC, 0x7F,
  0xFF, 0xF8, 0xFF, 0xFF, 0xE0, 0xFF, 0xFF, 0x80, 0x7F, 0xFE, 0x00, 0x3F,
  0xF0, 0x00, 0x07, 0xF0, 0x00, 0x7F, 0x00, 0x07, 0xF0, 0x00, 0x7F, 0x00,
  0x07, 0xF0, 0x00, 0x7F, 0x00, 0x07, 0xF0, 0x07, 0xFF, 0xFE, 0x7F, 0xFF,
  0xE7, 0xFF, 0xFE, 0x7F, 0xFF, 0xE7, 0xFF, 0xFE, 0x07, 0xF8, 0x00, 0x7F,
  0x00, 0x07, 0xF0, 0x00, 0x7F, 0x00, 0x07, 0xF0, 0x00, 0x7F, 0x00, 0x07,
  0xF0, 0x00, 0x7F, 0x00, 0x07, 0xF8, 0x00, 0x7F, 0x80, 0x07, 0xF8, 0x00,
  0x7F, 0xFE, 0x03, 0xFF, 0xE0, 0x3F, 0xFE, 0x01, 0xFF, 0xE0, 0x0F, 0xFE,
  0x00, 0x3F, 0xE0, 0x3F, 0x80, 0x7F, 0x0F, 0xE0, 0x1F, 0xC3, 0xF8, 0x07,
  0xF0, 0xFE, 0x01, 0xFC, 0x3F, 0x80, 0x7F, 0x0F, 0xE0, 0x1F, 0xC3, 0xF8,
  0x07, 0xF0, 0xFE, 0x01, 0xFC, 0x3F, 0x80, 0x7F, 0x0F, 0xE0, 0x1F, 0xC3,
  0xF8, 0x07, 0xF0, 0xFE, 0x01, 0xFC, 0x3F, 0x80, 0x7F, 0x0F, 0xF0, 0x3F,
  0xC3, 0xFC, 0x0F, 0xF0, 0xFF, 0x03, 0xFC, 0x3F, 0xE3, 0xFF, 0x07, 0xFF,
  0xFF, 0xC1, 0xFF, 0xFF, 0xF0, 0x3F, 0xFF, 0xFC, 0x07, 0xFF, 0x7F, 0x00,
  0x7F, 0x1F, 0xC0, 0x7F, 0x00, 0x7F, 0x3F, 0x80, 0x3F, 0x9F, 0xC0, 0x1F,
  0xC7, 0xF0, 0x1F, 0xC3, 0xF8, 0x0F, 0xE1, 0xFE, 0x0F, 0xF0, 0x7F, 0x07,
  0xF0, 0x3F, 0x83, 0xF8, 0x0F, 0xE3, 0xF8, 0x07, 0xF1, 0xFC, 0x03, 0xF8,
  0xFE, 0x00, 0xFE, 0xFE, 0x00, 0x7F, 0x7F, 0x00, 0x1F, 0xFF, 0x00, 0x0F,
  0xFF, 0x80, 0x07, 0xFF, 0xC0, 0x01, 0xFF, 0xC0, 0x00, 0xFF, 0xE0, 0x00,
  0x3F, 0xE0, 0x00, 0x1F, 0xF0, 0x00, 0x0F, 0xF0, 0x00, 0x03, 0xF8, 0x00,
  0x7E, 0x01, 0xF0, 0x0F, 0xCF, 0xE0, 0x3F, 0x03, 0xF9, 0xFC, 0x0F, 0xE0,
  0x7F, 0x1F, 0x81, 0xFC, 0x0F, 0xE3, 0xF8, 0x3F, 0xC3, 0xF8, 0x7F, 0x0F,
  0xF8, 0x7F, 0x07, 0xE1, 0xFF, 0x0F, 0xE0, 0xFE, 0x3F, 0xE1, 0xF8, 0x1F,
  0xCF, 0xFE, 0x7F, 0x01, 0xF9, 0xFF, 0xCF, 0xE0, 0x3F, 0xBE, 0xF9, 0xF8,
  0x07, 0xFF, 0xDF, 0xFF, 0x00, 0xFF, 0xF9, 0xFF, 0xE0, 0x0F, 0xFE, 0x3F,
  0xF8, 0x01, 0xFF, 0xC7, 0xFF, 0x00, 0x3F, 0xF8, 0x7F, 0xE0, 0x03, 0xFE,
  0x0F, 0xFC, 0x00, 0x7F, 0xC1, 0xFF, 0x00, 0x0F, 0xF8, 0x1F, 0xE0, 0x00,
  0xFE, 0x03, 0xFC, 0x00, 0x1F, 0xC0, 0x7F, 0x00, 0x03, 0xF8, 0x07, 0xE0,
  0x00, 0x7F, 0x00, 0xFE, 0x3F, 0xC0, 0x7F, 0x0F, 0xF0, 0x7F, 0x83, 0xFC,
  0x7F, 0x81, 0xFE, 0x3F, 0x80, 0x7F, 0xBF, 0xC0, 0x1F, 0xFF, 0xC0, 0x07,
  0xFF, 0xC0, 0x03, 0xFF, 0xC0, 0x00, 0xFF, 0xE0, 0x00, 0x3F, 0xE0, 0x00,
  0x3F, 0xF0, 0x00, 0x3F, 0xFC, 0x00, 0x1F, 0xFF, 0x00, 0x1F, 0xFF, 0xC0,
  0x1F, 0xFF, 0xE0, 0x0F, 0xF7, 0xF8, 0x0F, 0xF1, 0xFE, 0x0F, 0xF0, 0xFF,
  0x8F, 0xF8, 0x3F, 0xC7, 0xF8, 0x0F, 0xF3, 0xF8, 0x03, 0xF8, 0x7F, 0x00,
  0x3F, 0x3F, 0x80, 0x3F, 0x9F, 0xE0, 0x1F, 0xC7, 0xF0, 0x1F, 0xE3, 0xF8,
  0x0F, 0xE0, 0xFE, 0x07, 0xF0, 0x7F, 0x07, 0xF0, 0x3F, 0xC3, 0xF8, 0x0F,
  0xE3, 0xF8, 0x07, 0xF1, 0xFC, 0x01, 0xFC, 0xFE, 0x00, 0xFE, 0xFE, 0x00,
  0x3F, 0xFF, 0x00, 0x1F, 0xFF, 0x00, 0x0F, 0xFF, 0x80, 0x03, 0xFF, 0x80,
  0x01, 0xFF, 0xC0, 0x00, 0x7F, 0xE0, 0x00, 0x3F, 0xE0, 0x00, 0x1F, 0xF0,
  0x00, 0x07, 0xF0, 0x00, 0x03, 0xF8, 0x00, 0x03, 0xF8, 0x00, 0x01, 0xFC,
  0x00, 0x01, 0xFE, 0x00, 0x00, 0xFE, 0x00, 0x00, 0x7F, 0x00, 0x00, 0x7F,
  0x00, 0x00, 0x3F, 0x80, 0x00, 0x1F, 0x80, 0x00, 0x3F, 0xFF, 0xF8, 0x7F,
  0xFF, 0xF0, 0xFF, 0xFF, 0xE1, 0xFF, 0xFF, 0xC3, 0xFF, 0xFF, 0x80, 0x01,
  0xFF, 0x00, 0x07, 0xFC, 0x00, 0x1F, 0xF0, 0x00, 0x7F, 0xC0, 0x01, 0xFF,
  0x80, 0x07, 0xFE, 0x00, 0x1F, 0xF8, 0x00, 0x3F, 0xE0, 0x00, 0xFF, 0x80,
  0x03, 0xFE, 0x00, 0x0F, 0xF8, 0x00, 0x3F, 0xE0, 0x00, 0x7F, 0xFF, 0xF8,
  0xFF, 0xFF, 0xF1, 0xFF, 0xFF, 0xE3, 0xFF, 0xFF, 0xC7, 0xFF, 0xFF, 0x80,
  0x00, 0x00, 0x00, 0x01, 0xF0, 0x00, 0xFF, 0x00, 0x7F, 0xE0, 0x1F, 0xFC,
  0x03, 0xFF, 0x00, 0xFF, 0x00, 0x1F, 0xC0, 0x07, 0xF0, 0x00, 0xFE, 0x00,
  0x1F, 0x80, 0x03, 0xF0, 0x00, 0x7E, 0x00, 0x0F, 0xC0, 0x01, 0xF8, 0x00,
  0x7F, 0x00, 0x0F, 0xE0, 0x07, 0xF8, 0x01, 0xFF, 0x00, 0x3F, 0xC0, 0x07,
  0xF8, 0x00, 0xFF, 0x80, 0x0F, 0xF0, 0x00, 0x7F, 0x00, 0x0F, 0xE0, 0x00,
  0xFC, 0x00, 0x1F, 0x80, 0x03, 0xF0, 0x00, 0x7E, 0x00, 0x0F, 0xC0, 0x01,
  0xFC, 0x00, 0x3F, 0x80, 0x03, 0xF8, 0x00, 0x7F, 0xF0, 0x07, 0xFF, 0x00,
  0x7F, 0xE0, 0x07, 0xFC, 0x00, 0x7F, 0x80, 0x03, 0xE0, 0x1F, 0x81, 0xF8,
  0x1F, 0x81, 0xF8, 0x1F, 0x81, 0xF8, 0x1F, 0x81, 0xF8, 0x1F, 0x81, 0xF8,
  0x1F, 0x81, 0xF8, 0x1F, 0x81, 0xF8, 0x1F, 0x81, 0xF8, 0x1F, 0x81, 0xF8,
  0x1F, 0x81, 0xF8, 0x1F, 0x81, 0xF8, 0x1F, 0x81, 0xF8, 0x1F, 0x81, 0xF8,
  0x1F, 0x81, 0xF8, 0x1F, 0x81, 0xF8, 0x1F, 0x81, 0xF8, 0x1F, 0x81, 0xF8,
  0x1F, 0x81, 0xF8, 0x1F, 0x81, 0xF8, 0x1F, 0x81, 0xF8, 0x1F, 0x81, 0xF8,
  0x1F, 0x81, 0xF8, 0x1F, 0x81, 0xF8, 0x30, 0x00, 0x1F, 0x80, 0x07, 0xF8,
  0x01, 0xFF, 0x00, 0x7F, 0xE0, 0x1F, 0xFC, 0x01, 0xFF, 0x00, 0x1F, 0xC0,
  0x03, 0xF8, 0x00, 0xFE, 0x00, 0x1F, 0x80, 0x07, 0xE0, 0x01, 0xF8, 0x00,
  0x7E, 0x00, 0x1F, 0x80, 0x07, 0xF0, 0x01, 0xFE, 0x00, 0x3F, 0xE0, 0x0F,
  0xFC, 0x01, 0xFF, 0x00, 0x7F, 0xC0, 0x3F, 0xE0, 0x0F, 0xF0, 0x07, 0xF0,
  0x01, 0xFC, 0x00, 0x7E, 0x00, 0x1F, 0x80, 0x07, 0xE0, 0x01, 0xF8, 0x00,
  0x7E, 0x00, 0x3F, 0x80, 0x0F, 0xE0, 0x07, 0xF0, 0x03, 0xFC, 0x07, 0xFE,
  0x01, 0xFF, 0x00, 0x7F, 0xC0, 0x1F, 0xC0, 0x07, 0xC0, 0x00, 0x07, 0xF8,
  0x38, 0x3F, 0xFF, 0xF0, 0x7F, 0xFF, 0xE0, 0xFF, 0xFF, 0xC1, 0xFF, 0xFF,
  0x83, 0xFF, 0xFF, 0x07, 0x07, 0xF8, 0x00, 0x00, 0x00, 0x00, 0x00, 0x00,
  0x00, 0x00, 0x00, 0x00, 0x00, 0x00, 0x00, 0x00, 0x00, 0x00, 0x00, 0x00,
  0x00, 0x00, 0x00, 0x00, 0x00, 0x00, 0x00, 0x00,
};

const GFXglyph RubikBold42Glyphs[] PROGMEM = {
  {     0,   0,   0,   9,    0,    0 },
  {     0,  13,  29,  13,    0,  -29 },
  {    48,  19,  29,  19,    0,  -29 },
  {   117,  29,  28,  29,    0,  -28 },
  {   219,  28,  37,  28,    0,  -33 },
  {   349,  34,  29,  34,    0,  -29 },
  {   473,  31,  29,  31,    0,  -29 },
  {   586,  10,  29,  10,    0,  -29 },
  {   623,  16,  39,  16,    0,  -32 },
  {   701,  16,  39,  16,    0,  -32 },
  {   779,  19,  30,  19,    0,  -30 },
  {   851,  25,  23,  25,    0,  -23 },
  {   923,  12,  10,  12,    0,   -7 },
  {   938,  19,  15,  19,    0,  -15 },
  {   974,  12,   7,  12,    0,   -7 },
  {   985,  22,  36,  22,    0,  -33 },
  {  1084,  28,  29,  28,    0,  -29 },
  {  1186,  21,  29,  21,    0,  -29 },
  {  1263,  28,  29,  28,    0,  -29 },
  {  1365,  28,  29,  28,    0,  -29 },
  {  1467,  28,  29,  28,    0,  -29 },
  {  1569,  27,  29,  27,    0,  -29 },
  {  1667,  27,  29,  27,    0,  -29 },
  {  1765,  24,  29,  24,    0,  -29 },
  {  1852,  28,  29,  28,    0,  -29 },
  {  1954,  26,  29,  26,    0,  -29 },
  {  2049,  12,  22,  12,    0,  -22 },
  {  2082,  13,  24,  13,    0,  -22 },
  {  2121,  22,  26,  22,    0,  -26 },
  {  2193,  25,  21,  25,    0,  -21 },
  {  2259,  22,  26,  22,    0,  -26 },
  {  2331,  25,  29,  25,    0,  -29 },
  {  2422,  35,  33,  35,    0,  -28 },
  {  2567,  30,  29,  30,    0,  -29 },
  {  2676,  29,  29,  29,    0,  -29 },
  {  2782,  30,  29,  30,    0,  -29 },
  {  2891,  30,  29,  30,    0,  -29 },
  {  3000,  27,  29,  27,    0,  -29 },
  {  3098,  26,  29,  26,    0,  -29 },
  {  3193,  30,  29,  30,    0,  -29 },
  {  3302,  31,  29,  31,    0,  -29 },
  {  3415,  13,  29,  13,    0,  -29 },
  {  3463,  28,  29,  28,    0,  -29 },
  {  3565,  28,  29,  28,    0,  -29 },
  {  3667,  25,  29,  25,    0,  -29 },
  {  3758,  35,  29,  35,    0,  -29 },
  {  3885,  30,  29,  30,    0,  -29 },
  {  3994,  29,  29,  29,    0,  -29 },
  {  4100,  28,  29,  28,    0,  -29 },
  {  4202,  29,  32,  29,    0,  -29 },
  {  4318,  29,  29,  29,    0,  -29 },
  {  4424,  28,  29,  28,    0,  -29 },
  {  4526,  27,  29,  27,    0,  -29 },
  {  4624,  31,  29,  31,    0,  -29 },
  {  4737,  29,  29,  29,    0,  -29 },
  {  4843,  35,  29,  35,    0,  -29 },
  {  4970,  29,  29,  29,    0,  -29 },
  {  5076,  28,  29,  28,    0,  -29 },
  {  5178,  28,  29,  28,    0,  -29 },
  {  5280,  17,  39,  17,    0,  -32 },
  {  5363,  22,  36,  22,    0,  -33 },
  {  5462,  17,  39,  17,    0,  -32 },
  {  5545,  19,  31,  19,    0,  -31 },
  {  5619,  31,   6,  31,    0,   -3 },
  {  5643,  16,  32,  16,    0,  -32 },
  {  5707,  25,  22,  25,    0,  -22 },
  {  5776,  26,  29,  26,    0,  -29 },
  {  5871,  25,  22,  25,    0,  -22 },
  {  5940,  27,  29,  27,    0,  -29 },
  {  6038,  25,  22,  25,    0,  -22 },
  {  6107,  20,  31,  20,    0,  -31 },
  {  6185,  27,  32,  27,    0,  -22 },
  {  6293,  27,  29,  27,    0,  -29 },
  {  6391,  12,  31,  12,    0,  -31 },
  {  6438,  15,  38,  13,   -2,  -30 },
  {  6510,  25,  29,  24,    0,  -29 },
  {  6601,  12,  29,  12,    0,  -29 },
  {  6645,  38,  22,  38,    0,  -22 },
  {  6750,  27,  22,  27,    0,  -22 },
  {  6825,  26,  22,  26,    0,  -22 },
  {  6897,  26,  30,  26,    0,  -22 },
  {  6995,  27,  30,  27,    0,  -22 },
  {  7097,  19,  22,  19,    0,  -22 },
  {  7150,  23,  22,  23,    0,  -22 },
  {  7214,  20,  29,  20,    0,  -29 },
  {  7287,  26,  22,  26,    0,  -22 },
  {  7359,  25,  22,  25,    0,  -22 },
  {  7428,  35,  22,  35,    0,  -22 },
  {  7525,  25,  22,  25,    0,  -22 },
  {  7594,  25,  30,  25,    0,  -22 },
  {  7688,  23,  22,  23,    0,  -22 },
  {  7752,  19,  39,  19,    0,  -33 },
  {  7845,  12,  46,  12,    0,  -37 },
  {  7914,  18,  39,  18,    0,  -32 },
  {  8002,  23,  16,  23,    0,  -16 },
};

const GFXfont RubikBold42 PROGMEM = {
  (uint8_t *)RubikBold42Bitmaps,
  (GFXglyph *)RubikBold42Glyphs,
  32, 126, 51
};

const uint8_t RubikBold62Bitmaps[] PROGMEM = {
  0x0F, 0xFE, 0x01, 0xFF, 0xC0, 0x3F, 0xF8, 0x07, 0xFF, 0x00, 0xFF, 0xE0,
  0x1F, 0xFC, 0x03, 0xFF, 0x80, 0x7F, 0xF0, 0x0F, 0xFE, 0x01, 0xFF, 0xC0,
  0x3F, 0xF8, 0x07, 0xFF, 0x00, 0xFF, 0xE0, 0x1F, 0xFC, 0x03, 0xFF, 0x80,
  0x7F, 0xF0, 0x0F, 0xFE, 0x01, 0xFF, 0xC0, 0x3F, 0xF8, 0x07, 0xFF, 0x00,
  0xFF, 0xE0, 0x1F, 0xFC, 0x03, 0xFF, 0x80, 0x7F, 0xF0, 0x0F, 0xFE, 0x01,
  0xFF, 0xC0, 0x3F, 0xF8, 0x07, 0xFF, 0x00, 0xFF, 0xE0, 0x1F, 0xF8, 0x00,
  0x00, 0x00, 0x00, 0x00, 0x00, 0x00, 0x01, 0xFF, 0x80, 0x3F, 0xF8, 0x07,
  0xFF, 0x00, 0xFF, 0xE0, 0x1F, 0xFC, 0x03, 0xFF, 0x80, 0x7F, 0xF0, 0x0F,
  0xFE, 0x01, 0xFF, 0xC0, 0x3F, 0xF8, 0x07, 0xFE, 0x00, 0x1F, 0xF0, 0xFF,
  0x83, 0xFF, 0x9F, 0xFC, 0x3F, 0xF8, 0xFF, 0xC1, 0xFF, 0x0F, 0xF8, 0x1F,
  0xF0, 0xFF, 0x81, 0xFF, 0x0F, 0xF8, 0x1F, 0xF0, 0xFF, 0x81, 0xFF, 0x0F,
  0xF8, 0x1F, 0xF0, 0xFF, 0x81, 0xFF, 0x0F, 0xF8, 0x1F, 0xF0, 0xFF, 0x80,
  0xFF, 0x0F, 0xF8, 0x0F, 0xE0, 0x7F, 0x00, 0xFE, 0x07, 0xF0, 0x0F, 0xE0,
  0x7F, 0x00, 0xFE, 0x07, 0xF0, 0x00, 0x00, 0x00, 0x00, 0x00, 0x00, 0x00,
  0x00, 0x00, 0x00, 0x00, 0x00, 0x00, 0x00, 0x00, 0x00, 0x00, 0x00, 0x00,
  0x00, 0x00, 0x00, 0x00, 0x00, 0x00, 0x00, 0x00, 0x00, 0x00, 0x00, 0x00,
  0x00, 0x00, 0x00, 0x00, 0x00, 0x00, 0x00, 0x00, 0x00, 0x00, 0x00, 0x00,
  0x00, 0x00, 0x00, 0x00, 0x00, 0x00, 0x00, 0x00, 0x00, 0x00, 0x00, 0x00,
  0x00, 0x00, 0x00, 0x00, 0x00, 0x00, 0x00, 0x00, 0x00, 0x00, 0x00, 0x00,
  0x00, 0x00, 0x00, 0x00, 0x00, 0x00, 0x00, 0x00, 0x00, 0x00, 0x00, 0x00,
  0x00, 0x00, 0x00, 0x00, 0x00, 0x00, 0x00, 0x00, 0x00, 0x00, 0x00, 0x00,
  0x00, 0x00, 0x00, 0x00, 0x00, 0x00, 0x00, 0x00, 0x03, 0xF8, 0x0F, 0xE0,
  0x00, 0x00, 0xFF, 0x03, 0xFC, 0x00, 0x00, 0x1F, 0xE0, 0x7F, 0x80, 0x00,
  0x03, 0xFC, 0x0F, 0xF0, 0x00, 0x00, 0x7F, 0x81, 0xFC, 0x00, 0x00, 0x0F,
  0xE0, 0x7F, 0x80, 0x00, 0x01, 0xFC, 0x0F, 0xF0, 0x00, 0x1F, 0xFF, 0xFF,
  0xFF, 0xF0, 0x07, 0xFF, 0xFF, 0xFF, 0xFF, 0x00, 0xFF, 0xFF, 0xFF, 0xFF,
  0xE0, 0x1F, 0xFF, 0xFF, 0xFF, 0xFC, 0x03, 0xFF, 0xFF, 0xFF, 0xFF, 0x80,
  0x7F, 0xFF, 0xFF, 0xFF, 0xF0, 0x0F, 0xFF, 0xFF, 0xFF, 0xFE, 0x01, 0xFF,
  0xFF, 0xFF, 0xFF, 0xC0, 0x00, 0xFF, 0x03, 0xFC, 0x00, 0x00, 0x1F, 0xE0,
  0x7F, 0x80, 0x00, 0x03, 0xFC, 0x0F, 0xF0, 0x00, 0x00, 0x7F, 0x81, 0xFC,
  0x00, 0x00, 0x0F, 0xF0, 0x7F, 0x80, 0x00, 0x01, 0xFC, 0x0F, 0xF0, 0x00,
  0x00, 0x7F, 0x81, 0xFE, 0x00, 0x00, 0x0F, 0xF0, 0x3F, 0xC0, 0x00, 0x7F,
  0xFF, 0xFF, 0xFF, 0xC0, 0x1F, 0xFF, 0xFF, 0xFF, 0xFC, 0x03, 0xFF, 0xFF,
  0xFF, 0xFF, 0x80, 0x7F, 0xFF, 0xFF, 0xFF, 0xF0, 0x0F, 0xFF, 0xFF, 0xFF,
  0xFE, 0x01, 0xFF, 0xFF, 0xFF, 0xFF, 0xC0, 0x3F, 0xFF, 0xFF, 0xFF, 0xF8,
  0x07, 0xFF, 0xFF, 0xFF, 0xFF, 0x00, 0x03, 0xFC, 0x0F, 0xE0, 0x00, 0x00,
  0x7F, 0x81, 0xFC, 0x00, 0x00, 0x0F, 0xE0, 0x7F, 0x80, 0x00, 0x03, 0xFC,
  0x0F, 0xF0, 0x00, 0x00, 0x7F, 0x81, 0xFE, 0x00, 0x00, 0x0F, 0xF0, 0x3F,
  0xC0, 0x00, 0x01, 0xFE, 0x07, 0xF8, 0x00, 0x00, 0x1F, 0x80, 0x7E, 0x00,
  0x00, 0x00, 0x00, 0x00, 0x00, 0x00, 0x00, 0x00, 0x00, 0x00, 0x00, 0x00,
  0x00, 0x00, 0x7F, 0x80, 0x00, 0x00, 0x00, 0x3F, 0xC0, 0x00, 0x00, 0x00,
  0x1F, 0xE0, 0x00, 0x00, 0x00, 0x0F, 0xF0, 0x00, 0x00, 0x00, 0x07, 0xF8,
  0x00, 0x00, 0x00, 0x03, 0xFC, 0x00, 0x00, 0x00, 0x0F, 0xFF, 0x80, 0x00,
  0x00, 0x3F, 0xFF, 0xF8, 0x00, 0x00, 0x7F, 0xFF, 0xFE, 0x00, 0x00, 0x7F,
  0xFF, 0xFF, 0xC0, 0x00, 0xFF, 0xFF, 0xFF, 0xF0, 0x00, 0x7F, 0xFF, 0xFF,
  0xFC, 0x00, 0x7F, 0xFF, 0xFF, 0xFF, 0x00, 0x7F, 0xFF, 0xFF, 0xFF, 0x80,
  0x3F, 0xFF, 0xFF, 0xFF, 0xE0, 0x3F, 0xFF, 0x03, 0xFF, 0xF0, 0x1F, 0xFE,
  0x00, 0xFF, 0xFC, 0x0F, 0xFE, 0x00, 0x3F, 0xFE, 0x07, 0xFF, 0x00, 0x0F,
  0xFF, 0x03, 0xFF, 0x80, 0x00, 0x00, 0x01, 0xFF, 0xE0, 0x00, 0x00, 0x00,
  0xFF, 0xF8, 0x00, 0x00, 0x00, 0x7F, 0xFF, 0x00, 0x00, 0x00, 0x1F, 0xFF,
  0xF0, 0x00, 0x00, 0x0F, 0xFF, 0xFF, 0xC0, 0x00, 0x03, 0xFF, 0xFF, 0xFE,
  0x00, 0x00, 0xFF, 0xFF, 0xFF, 0xC0, 0x00, 0x3F, 0xFF, 0xFF, 0xF8, 0x00,
  0x0F, 0xFF, 0xFF, 0xFF, 0x00, 0x01, 0xFF, 0xFF, 0xFF, 0xC0, 0x00, 0x1F,
  0xFF, 0xFF, 0xE0, 0x00, 0x00, 0xFF, 0xFF, 0xF8, 0x00, 0x00, 0x07, 0xFF,
  0xFC, 0x00, 0x00, 0x00, 0x3F, 0xFF, 0x00, 0x00, 0x00, 0x07, 0xFF, 0x80,
  0x00, 0x00, 0x01, 0xFF, 0xC1, 0xFF, 0x80, 0x00, 0xFF, 0xE1, 0xFF, 0xE0,
  0x00, 0x7F, 0xF0, 0xFF, 0xF0, 0x00, 0x3F, 0xF8, 0x7F, 0xFC, 0x00, 0x3F,
  0xFC, 0x3F, 0xFF, 0xC0, 0xFF, 0xFE, 0x0F, 0xFF, 0xFF, 0xFF, 0xFE, 0x07,
  0xFF, 0xFF, 0xFF, 0xFF, 0x01, 0xFF, 0xFF, 0xFF, 0xFF, 0x00, 0x7F, 0xFF,
  0xFF, 0xFF, 0x00, 0x1F, 0xFF, 0xFF, 0xFF, 0x00, 0x07, 0xFF, 0xFF, 0xFF,
  0x00, 0x00, 0xFF, 0xFF, 0xFF, 0x00, 0x00, 0x1F, 0xFF, 0xFE, 0x00, 0x00,
  0x01, 0xFF, 0xF8, 0x00, 0x00, 0x00, 0x1F, 0xE0, 0x00, 0x00, 0x00, 0x0F,
  0xF0, 0x00, 0x00, 0x00, 0x07, 0xF8, 0x00, 0x00, 0x00, 0x03, 0xFC, 0x00,
  0x00, 0x00, 0x01, 0xFE, 0x00, 0x00, 0x00, 0x00, 0xFF, 0x00, 0x00, 0x01,
  0xFF, 0x00, 0x00, 0x0F, 0xF0, 0x01, 0xFF, 0xF0, 0x00, 0x03, 0xFC, 0x00,
  0xFF, 0xFE, 0x00, 0x01, 0xFF, 0x00, 0x7F, 0xFF, 0xC0, 0x00, 0xFF, 0x80,
  0x1F, 0xFF, 0xF0, 0x00, 0x7F, 0xC0, 0x0F, 0xFF, 0xFE, 0x00, 0x1F, 0xE0,
  0x03, 0xF8, 0x7F, 0x80, 0x0F, 0xF8, 0x00, 0xFE, 0x0F, 0xE0, 0x07, 0xFC,
  0x00, 0x3F, 0x03, 0xF8, 0x03, 0xFE, 0x00, 0x0F, 0xC0, 0xFE, 0x00, 0xFF,
  0x00, 0x03, 0xF0, 0x3F, 0x80, 0x7F, 0xC0, 0x00, 0xFC, 0x0F, 0xE0, 0x3F,
  0xE0, 0x00, 0x3F, 0x03, 0xF8, 0x1F, 0xF0, 0x00, 0x0F, 0xC0, 0xFE, 0x07,
  0xF8, 0x00, 0x03, 0xF0, 0x3F, 0x83, 0xFE, 0x00, 0x00, 0xFE, 0x0F, 0xE1,
  0xFF, 0x00, 0x00, 0x3F, 0x87, 0xF8, 0xFF, 0x80, 0x00, 0x07, 0xFF, 0xFC,
  0x3F, 0xC0, 0x00, 0x01, 0xFF, 0xFF, 0x1F, 0xE0, 0x00, 0x00, 0x3F, 0xFF,
  0x8F, 0xF8, 0x00, 0x00, 0x07, 0xFF, 0xC7, 0xFC, 0x00, 0x00, 0x00, 0x7F,
  0xC1, 0xFE, 0x1F, 0xF0, 0x00, 0x00, 0x00, 0xFF, 0x0F, 0xFF, 0x00, 0x00,
  0x00, 0x7F, 0xCF, 0xFF, 0xE0, 0x00, 0x00, 0x3F, 0xE7, 0xFF, 0xFC, 0x00,
  0x00, 0x1F, 0xF1, 0xFF, 0xFF, 0x00, 0x00, 0x07, 0xF8, 0xFF, 0xFF, 0xE0,
  0x00, 0x03, 0xFE, 0x3F, 0xC3, 0xF8, 0x00, 0x01, 0xFF, 0x0F, 0xF0, 0xFE,
  0x00, 0x00, 0xFF, 0x83, 0xF8, 0x1F, 0x80, 0x00, 0x3F, 0xC0, 0xFE, 0x07,
  0xE0, 0x00, 0x1F, 0xF0, 0x3F, 0x81, 0xFC, 0x00, 0x0F, 0xF8, 0x0F, 0xE0,
  0x7F, 0x00, 0x07, 0xFC, 0x03, 0xF8, 0x1F, 0xC0, 0x01, 0xFE, 0x00, 0xFE,
  0x07, 0xF0, 0x00, 0xFF, 0x80, 0x3F, 0x81, 0xF8, 0x00, 0x7F, 0xC0, 0x0F,
  0xE0, 0x7E, 0x00, 0x3F, 0xE0, 0x03, 0xFC, 0x3F, 0x80, 0x0F, 0xF0, 0x00,
  0xFF, 0x1F, 0xE0, 0x07, 0xFC, 0x00, 0x1F, 0xFF, 0xF0, 0x03, 0xFE, 0x00,
  0x07, 0xFF, 0xFC, 0x01, 0xFF, 0x00, 0x00, 0xFF, 0xFE, 0x00, 0x7F, 0x80,
  0x00, 0x0F, 0xFF, 0x00, 0x1F, 0xC0, 0x00, 0x00, 0xFF, 0x00, 0x00, 0x00,
  0x3E, 0x00, 0x00, 0x00, 0x00, 0x0F, 0xFF, 0x00, 0x00, 0x00, 0x00, 0xFF,
  0xFF, 0x00, 0x00, 0x00, 0x07, 0xFF, 0xFF, 0x00, 0x00, 0x00, 0x3F, 0xFF,
  0xFE, 0x00, 0x00, 0x01, 0xFF, 0xFF, 0xF8, 0x00, 0x00, 0x0F, 0xFF, 0xFF,
  0xF0, 0x00, 0x00, 0x3F, 0xFF, 0xFF, 0xC0, 0x00, 0x01, 0xFF, 0xE3, 0xFF,
  0x80, 0x00, 0x07, 0xFE, 0x07, 0xFE, 0x00, 0x00, 0x1F, 0xF0, 0x0F, 0xF8,
  0x00, 0x00, 0x7F, 0xC0, 0x3F, 0xE0, 0x00, 0x01, 0xFF, 0x00, 0xFF, 0x80,
  0x00, 0x07, 0xFC, 0x07, 0xFE, 0x00, 0x00, 0x1F, 0xF8, 0x1F, 0xF8, 0x00,
  0x00, 0x3F, 0xF1, 0xFF, 0xC0, 0x00, 0x00, 0xFF, 0xEF, 0xFF, 0x00, 0x00,
  0x01, 0xFF, 0xFF, 0xF8, 0x00, 0x00, 0x07, 0xFF, 0xFF, 0xC0, 0x00, 0x00,
  0x0F, 0xFF, 0xFE, 0x00, 0x00, 0x00, 0x1F, 0xFF, 0xF0, 0x00, 0x00, 0x00,
  0xFF, 0xFF, 0x00, 0x00, 0x00, 0x07, 0xFF, 0xF8, 0x01, 0xFF, 0x00, 0x7F,
  0xFF, 0xE0, 0x07, 0xFC, 0x03, 0xFF, 0xFF, 0xC0, 0x3F, 0xF0, 0x0F, 0xFF,
  0xFF, 0x80, 0xFF, 0xC0, 0x7F, 0xFF, 0xFF, 0x03, 0xFE, 0x03, 0xFF, 0xDF,
  0xFE, 0x1F, 0xF8, 0x0F, 0xFE, 0x3F, 0xFC, 0x7F, 0xE0, 0x7F, 0xF0, 0x7F,
  0xFB, 0xFF, 0x01, 0xFF, 0xC0, 0xFF, 0xFF, 0xF8, 0x07, 0xFE, 0x01, 0xFF,
  0xFF, 0xE0, 0x1F, 0xF8, 0x03, 0xFF, 0xFF, 0x00, 0x7F, 0xE0, 0x07, 0xFF,
  0xFC, 0x01, 0xFF, 0x80, 0x0F, 0xFF, 0xE0, 0x07, 0xFF, 0x00, 0x3F, 0xFF,
  0x00, 0x1F, 0xFE, 0x01, 0xFF, 0xFC, 0x00, 0x3F, 0xFE, 0x1F, 0xFF, 0xF8,
  0x00, 0xFF, 0xFF, 0xFF, 0xFF, 0xF0, 0x01, 0xFF, 0xFF, 0xFF, 0xFF, 0xE0,
  0x03, 0xFF, 0xFF, 0xFF, 0xFF, 0xC0, 0x0F, 0xFF, 0xFF, 0xFF, 0xFF, 0x80,
  0x0F, 0xFF, 0xFF, 0xDF, 0xFF, 0x00, 0x1F, 0xFF, 0xFC, 0x3F, 0xFE, 0x00,
  0x1F, 0xFF, 0xC0, 0x3F, 0xF8, 0x00, 0x03, 0xE0, 0x00, 0x00, 0x00, 0x1F,
  0xF0, 0x7F, 0xF0, 0xFF, 0xE0, 0xFF, 0x81, 0xFF, 0x03, 0xFE, 0x07, 0xFC,
  0x0F, 0xF8, 0x1F, 0xF0, 0x3F, 0xE0, 0x7F, 0xC0, 0x7F, 0x80, 0xFE, 0x01,
  0xFC, 0x03, 0xF8, 0x07, 0xF0, 0x00, 0x00, 0x00, 0x00, 0x00, 0x00, 0x00,
  0x00, 0x00, 0x00, 0x00, 0x00, 0x00, 0x00, 0x00, 0x00, 0x00, 0x00, 0x00,
  0x00, 0x00, 0x00, 0x00, 0x00, 0x00, 0x00, 0x00, 0x00, 0x00, 0x00, 0x00,
  0x00, 0x00, 0x00, 0x00, 0x00, 0x00, 0x00, 0x00, 0x00, 0x00, 0x00, 0x00,
  0x00, 0x00, 0x00, 0x00, 0x00, 0x00, 0x00, 0x00, 0x00, 0x00, 0x00, 0x00,
  0xFE, 0x00, 0x03, 0xFE, 0x00, 0x0F, 0xFE, 0x00, 0x1F, 0xFE, 0x00, 0x3F,
  0xFE, 0x00, 0x7F, 0xFE, 0x00, 0xFF, 0xFE, 0x01, 0xFF, 0xFE, 0x01, 0xFF,
  0xE0, 0x03, 0xFF, 0xC0, 0x03, 0xFF, 0x80, 0x07, 0xFF, 0x00, 0x07, 0xFE,
  0x00, 0x07, 0xFE, 0x00, 0x0F, 0xFE, 0x00, 0x0F, 0xFC, 0x00, 0x0F, 0xFC,
  0x00, 0x0F, 0xFC, 0x00, 0x0F, 0xFC, 0x00, 0x1F, 0xFC, 0x00, 0x1F, 0xFC,
  0x00, 0x1F, 0xF8, 0x00, 0x1F, 0xF8, 0x00, 0x1F, 0xF8, 0x00, 0x1F, 0xF8,
  0x00, 0x1F, 0xF8, 0x00, 0x1F, 0xF8, 0x00, 0x1F, 0xF8, 0x00, 0x1F, 0xF8,
  0x00, 0x1F, 0xF8, 0x00, 0x1F, 0xF8, 0x00, 0x1F, 0xF8, 0x00, 0x1F, 0xF8,
  0x00, 0x1F, 0xF8, 0x00, 0x1F, 0xF8, 0x00, 0x1F, 0xF8, 0x00, 0x1F, 0xF8,
  0x00, 0x1F, 0xFC, 0x00, 0x1F, 0xFC, 0x00, 0x0F, 0xFC, 0x00, 0x0F, 0xFC,
  0x00, 0x0F, 0xFC, 0x00, 0x0F, 0xFC, 0x00, 0x0F, 0xFE, 0x00, 0x07, 0xFE,
  0x00, 0x07, 0xFE, 0x00, 0x07, 0xFF, 0x00, 0x03, 0xFF, 0x80, 0x03, 0xFF,
  0xC0, 0x01, 0xFF, 0xE0, 0x01, 0xFF, 0xFE, 0x00, 0xFF, 0xFE, 0x00, 0x7F,
  0xFE, 0x00, 0x3F, 0xFE, 0x00, 0x1F, 0xFE, 0x00, 0x0F, 0xFE, 0x00, 0x03,
  0xFE, 0x00, 0x00, 0xFE, 0x7F, 0x00, 0x00, 0x7F, 0xC0, 0x00, 0x7F, 0xF0,
  0x00, 0x7F, 0xF8, 0x00, 0x7F, 0xFC, 0x00, 0x7F, 0xFE, 0x00, 0x7F, 0xFF,
  0x00, 0x7F, 0xFF, 0x80, 0x07, 0xFF, 0x80, 0x01, 0xFF, 0xC0, 0x01, 0xFF,
  0xC0, 0x00, 0xFF, 0xE0, 0x00, 0x7F, 0xE0, 0x00, 0x7F, 0xE0, 0x00, 0x7F,
  0xF0, 0x00, 0x3F, 0xF0, 0x00, 0x3F, 0xF0, 0x00, 0x3F, 0xF0, 0x00, 0x3F,
  0xF0, 0x00, 0x3F, 0xF8, 0x00, 0x3F, 0xF8, 0x00, 0x1F, 0xF8, 0x00, 0x1F,
  0xF8, 0x00, 0x1F, 0xF8, 0x00, 0x1F, 0xF8, 0x00, 0x1F, 0xF8, 0x00, 0x1F,
  0xF8, 0x00, 0x1F, 0xF8, 0x00, 0x1F, 0xF8, 0x00, 0x1F, 0xF8, 0x00, 0x1F,
  0xF8, 0x00, 0x1F, 0xF8, 0x00, 0x1F, 0xF8, 0x00, 0x1F, 0xF8, 0x00, 0x1F,
  0xF8, 0x00, 0x1F, 0xF8, 0x00, 0x1F, 0xF8, 0x00, 0x3F, 0xF8, 0x00, 0x3F,
  0xF8, 0x00, 0x3F, 0xF0, 0x00, 0x3F, 0xF0, 0x00, 0x3F, 0xF0, 0x00, 0x3F,
  0xF0, 0x00, 0x7F, 0xF0, 0x00, 0x7F, 0xE0, 0x00, 0x7F, 0xE0, 0x00, 0xFF,
  0xE0, 0x01, 0xFF, 0xC0, 0x03, 0xFF, 0xC0, 0x07, 0xFF, 0x80, 0x7F, 0xFF,
  0x80, 0x7F, 0xFF, 0x00, 0x7F, 0xFE, 0x00, 0x7F, 0xFC, 0x00, 0x7F, 0xF8,
  0x00, 0x7F, 0xF0, 0x00, 0x7F, 0xC0, 0x00, 0x7F, 0x00, 0x00, 0x00, 0x3F,
  0xC0, 0x00, 0x03, 0xFC, 0x00, 0x00, 0x3F, 0xC0, 0x00, 0x03, 0xFC, 0x00,
  0x06, 0x3F, 0x8E, 0x00, 0xFB, 0xF9, 0xF0, 0x0F, 0xFF, 0xFF, 0x01, 0xFF,
  0xFF, 0xF0, 0x1F, 0xFF, 0xFF, 0x81, 0xFF, 0xFF, 0xF8, 0x3F, 0xFF, 0xFF,
  0x81, 0xFF, 0xFF, 0xF8, 0x00, 0xFF, 0xF0, 0x00, 0x0F, 0xFF, 0x00, 0x01,
  0xFF, 0xF8, 0x00, 0x7F, 0xFF, 0xC0, 0x07, 0xFF, 0xFE, 0x00, 0x7F, 0xBF,
  0xE0, 0x03, 0xF9, 0xFC, 0x00, 0x1F, 0x1F, 0x80, 0x00, 0xF0, 0xE0, 0x00,
  0x02, 0x0C, 0x00, 0x00, 0x00, 0x00, 0x00, 0x00, 0x00, 0x00, 0x00, 0x00,
  0x00, 0x00, 0x00, 0x00, 0x00, 0x00, 0x00, 0x00, 0x00, 0x00, 0x00, 0x00,
  0x00, 0x00, 0x00, 0x00, 0x00, 0x00, 0x00, 0x00, 0x00, 0x00, 0x00, 0x00,
  0x00, 0x00, 0x00, 0x00, 0x00, 0x00, 0x00, 0x00, 0x00, 0x00, 0x00, 0x00,
  0x00, 0x00, 0x00, 0x00, 0x00, 0x00, 0x00, 0x00, 0x00, 0x00, 0x00, 0x00,
  0x00, 0x00, 0x00, 0x00, 0x00, 0x00, 0x00, 0x00, 0x00, 0x00, 0x00, 0x00,
  0x00, 0x00, 0x00, 0x00, 0x00, 0x00, 0x00, 0x00, 0x00, 0x00, 0x00, 0x00,
  0x00, 0x01, 0xFE, 0x00, 0x00, 0x00, 0x0F, 0xF0, 0x00, 0x00, 0x00, 0x7F,
  0x80, 0x00, 0x00, 0x03, 0xFC, 0x00, 0x00, 0x00, 0x1F, 0xE0, 0x00, 0x00,
  0x00, 0xFF, 0x00, 0x00, 0x00, 0x07, 0xF8, 0x00, 0x00, 0x00, 0x3F, 0xC0,
  0x00, 0x00, 0x01, 0xFE, 0x00, 0x00, 0x00, 0x0F, 0xF0, 0x00, 0x00, 0x00,
  0x7F, 0x80, 0x00, 0x00, 0x03, 0xFC, 0x00, 0x01, 0xFF, 0xFF, 0xFF, 0xFC,
  0x1F, 0xFF, 0xFF, 0xFF, 0xF0, 0xFF, 0xFF, 0xFF, 0xFF, 0x87, 0xFF, 0xFF,
  0xFF, 0xFC, 0x3F, 0xFF, 0xFF, 0xFF, 0xE1, 0xFF, 0xFF, 0xFF, 0xFF, 0x0F,
  0xFF, 0xFF, 0xFF, 0xF8, 0x7F, 0xFF, 0xFF, 0xFF, 0xC0, 0x00, 0x1F, 0xE0,
  0x00, 0x00, 0x00, 0xFF, 0x00, 0x00, 0x00, 0x07, 0xF8, 0x00, 0x00, 0x00,
  0x3F, 0xC0, 0x00, 0x00, 0x01, 0xFE, 0x00, 0x00, 0x00, 0x0F, 0xF0, 0x00,
  0x00, 0x00, 0x7F, 0x80, 0x00, 0x00, 0x03, 0xFC, 0x00, 0x00, 0x00, 0x1F,
  0xE0, 0x00, 0x00, 0x00, 0xFF, 0x00, 0x00, 0x00, 0x07, 0xF8, 0x00, 0x00,
  0x00, 0x3F, 0xC0, 0x00, 0x00, 0x01, 0xFE, 0x00, 0x00, 0x00, 0x00, 0x00,
  0x00, 0x00, 0x00, 0x00, 0x00, 0x00, 0x07, 0xFE, 0x07, 0xFF, 0x03, 0xFF,
  0x81, 0xFF, 0x80, 0xFF, 0xC0, 0x7F, 0xE0, 0x3F, 0xE0, 0x3F, 0xF0, 0x1F,
  0xF8, 0x0F, 0xF8, 0x07, 0xFC, 0x03, 0xFC, 0x01, 0xFE, 0x01, 0xFF, 0x00,
  0xFF, 0x00, 0x3F, 0x80, 0x0F, 0xFF, 0xFF, 0xE0, 0x3F, 0xFF, 0xFF, 0x80,
  0xFF, 0xFF, 0xFE, 0x03, 0xFF, 0xFF, 0xF8, 0x0F, 0xFF, 0xFF, 0xE0, 0x3F,
  0xFF, 0xFF, 0x80, 0xFF, 0xFF, 0xFE, 0x03, 0xFF, 0xFF, 0xF8, 0x0F, 0xFF,
  0xFF, 0xE0, 0x00, 0x00, 0x00, 0x00, 0x00, 0x00, 0x00, 0x00, 0x00, 0x00,
  0x00, 0x00, 0x00, 0x00, 0x00, 0x00, 0x00, 0x00, 0x00, 0x00, 0x00, 0x00,
  0x00, 0x00, 0x00, 0x00, 0x00, 0x00, 0x00, 0x00, 0x00, 0x00, 0x00, 0x00,
  0x00, 0x00, 0x00, 0x00, 0x00, 0x00, 0x00, 0x00, 0x00, 0x00, 0x00, 0x00,
  0x00, 0x00, 0x00, 0x00, 0x00, 0x00, 0x00, 0x1F, 0xFC, 0x0F, 0xFE, 0x07,
  0xFF, 0x03, 0xFF, 0x81, 0xFF, 0xC0, 0xFF, 0xE0, 0x7F, 0xF0, 0x3F, 0xF8,
  0x1F, 0xFC, 0x0F, 0xFE, 0x07, 0xFE, 0x00, 0x00, 0x00, 0x01, 0xFE, 0x00,
  0x00, 0x01, 0xFF, 0x80, 0x00, 0x00, 0xFF, 0x80, 0x00, 0x00, 0xFF, 0xC0,
  0x00, 0x00, 0x7F, 0xC0, 0x00, 0x00, 0x7F, 0xE0, 0x00, 0x00, 0x3F, 0xF0,
  0x00, 0x00, 0x1F, 0xF0, 0x00, 0x00, 0x1F, 0xF8, 0x00, 0x00, 0x0F, 0xF8,
  0x00, 0x00, 0x0F, 0xFC, 0x00, 0x00, 0x07, 0xFC, 0x00, 0x00, 0x03, 0xFE,
  0x00, 0x00, 0x03, 0xFF, 0x00, 0x00, 0x01, 0xFF, 0x00, 0x00, 0x01, 0xFF,
  0x80, 0x00, 0x00, 0xFF, 0x80, 0x00, 0x00, 0xFF, 0xC0, 0x00, 0x00, 0x7F,
  0xE0, 0x00, 0x00, 0x3F, 0xE0, 0x00, 0x00, 0x3F, 0xF0, 0x00, 0x00, 0x1F,
  0xF0, 0x00, 0x00, 0x1F, 0xF8, 0x00, 0x00, 0x0F, 0xF8, 0x00, 0x00, 0x07,
  0xFC, 0x00, 0x00, 0x07, 0xFE, 0x00, 0x00, 0x03, 0xFE, 0x00, 0x00, 0x03,
  0xFF, 0x00, 0x00, 0x01, 0xFF, 0x00, 0x00, 0x01, 0xFF, 0x80, 0x00, 0x00,
  0xFF, 0x80, 0x00, 0x00, 0x7F, 0xC0, 0x00, 0x00, 0x7F, 0xE0, 0x00, 0x00,
  0x3F, 0xE0, 0x00, 0x00, 0x3F, 0xF0, 0x00, 0x00, 0x1F, 0xF0, 0x00, 0x00,
  0x0F, 0xF8, 0x00, 0x00, 0x0F, 0xFC, 0x00, 0x00, 0x07, 0xFC, 0x00, 0x00,
  0x07, 0xFE, 0x00, 0x00, 0x03, 0xFE, 0x00, 0x00, 0x03, 0xFF, 0x00, 0x00,
  0x01, 0xFF, 0x00, 0x00, 0x00, 0xFF, 0x80, 0x00, 0x00, 0xFF, 0xC0, 0x00,
  0x00, 0x7F, 0xC0, 0x00, 0x00, 0x7F, 0xE0, 0x00, 0x00, 0x3F, 0xE0, 0x00,
  0x00, 0x1F, 0xF0, 0x00, 0x00, 0x1F, 0xF8, 0x00, 0x00, 0x0F, 0xF8, 0x00,
  0x00, 0x0F, 0xFC, 0x00, 0x00, 0x07, 0xFC, 0x00, 0x00, 0x03, 0xFC, 0x00,
  0x00, 0x00, 0x00, 0x00, 0x3E, 0x00, 0x00, 0x00, 0x03, 0xFF, 0xF8, 0x00,
  0x00, 0x07, 0xFF, 0xFF, 0x00, 0x00, 0x0F, 0xFF, 0xFF, 0xE0, 0x00, 0x0F,
  0xFF, 0xFF, 0xF8, 0x00, 0x0F, 0xFF, 0xFF, 0xFE, 0x00, 0x0F, 0xFF, 0xFF,
  0xFF, 0x80, 0x07, 0xFF, 0xFF, 0xFF, 0xC0, 0x07, 0xFF, 0xFF, 0xFF, 0xF0,
  0x07, 0xFF, 0xFF, 0xFF, 0xFC, 0x03, 0xFF, 0xF0, 0x3F, 0xFE, 0x01, 0xFF,
  0xF0, 0x0F, 0xFF, 0x01, 0xFF, 0xF0, 0x03, 0xFF, 0xC0, 0xFF, 0xF8, 0x01,
  0xFF, 0xE0, 0x7F, 0xF8, 0x00, 0x7F, 0xF0, 0x3F, 0xFC, 0x00, 0x3F, 0xF8,
  0x1F, 0xFE, 0x00, 0x1F, 0xFC, 0x0F, 0xFF, 0x00, 0x0F, 0xFE, 0x07, 0xFF,
  0x80, 0x07, 0xFF, 0x03, 0xFF, 0xC0, 0x03, 0xFF, 0x81, 0xFF, 0xE0, 0x01,
  0xFF, 0xC0, 0xFF, 0xF0, 0x00, 0xFF, 0xE0, 0x7F, 0xF8, 0x00, 0x7F, 0xF0,
  0x3F, 0xFC, 0x00, 0x3F, 0xF8, 0x1F, 0xFE, 0x00, 0x1F, 0xFC, 0x0F, 0xFF,
  0x00, 0x0F, 0xFE, 0x07, 0xFF, 0x80, 0x07, 0xFF, 0x03, 0xFF, 0xC0, 0x03,
  0xFF, 0x81, 0xFF, 0xE0, 0x01, 0xFF, 0xC0, 0xFF, 0xF0, 0x00, 0xFF, 0xE0,
  0x7F, 0xF8, 0x00, 0x7F, 0xF0, 0x3F, 0xFC, 0x00, 0x3F, 0xF8, 0x1F, 0xFF,
  0x00, 0x3F, 0xFC, 0x0F, 0xFF, 0x80, 0x1F, 0xFE, 0x03, 0xFF, 0xE0, 0x1F,
  0xFE, 0x01, 0xFF, 0xF8, 0x1F, 0xFF, 0x00, 0xFF, 0xFF, 0xFF, 0xFF, 0x80,
  0x3F, 0xFF, 0xFF, 0xFF, 0x80, 0x0F, 0xFF, 0xFF, 0xFF, 0x80, 0x07, 0xFF,
  0xFF, 0xFF, 0xC0, 0x01, 0xFF, 0xFF, 0xFF, 0xC0, 0x00, 0x7F, 0xFF, 0xFF,
  0xC0, 0x00, 0x1F, 0xFF, 0xFF, 0xC0, 0x00, 0x03, 0xFF, 0xFF, 0x80, 0x00,
  0x00, 0x7F, 0xFF, 0x00, 0x00, 0x00, 0x01, 0xF0, 0x00, 0x00, 0x00, 0x00,
  0xFF, 0xE0, 0x00, 0x03, 0xFF, 0xC0, 0x00, 0x0F, 0xFF, 0x80, 0x00, 0x7F,
  0xFF, 0x00, 0x01, 0xFF, 0xFE, 0x00, 0x07, 0xFF, 0xFC, 0x00, 0x3F, 0xFF,
  0xF8, 0x00, 0xFF, 0xFF, 0xF0, 0x03, 0xFF, 0xFF, 0xE0, 0x0F, 0xFF, 0xFF,
  0xC0, 0x7F, 0xFF, 0xFF, 0x81, 0xFF, 0xFF, 0xFF, 0x07, 0xFF, 0xFF, 0xFE,
  0x0F, 0xFF, 0xDF, 0xFC, 0x0F, 0xFF, 0x3F, 0xF8, 0x0F, 0xF8, 0x7F, 0xF0,
  0x0F, 0xE0, 0xFF, 0xE0, 0x1F, 0x81, 0xFF, 0xC0, 0x1C, 0x03, 0xFF, 0x80,
  0x00, 0x07, 0xFF, 0x00, 0x00, 0x0F, 0xFE, 0x00, 0x00, 0x1F, 0xFC, 0x00,
  0x00, 0x3F, 0xF8, 0x00, 0x00, 0x7F, 0xF0, 0x00, 0x00, 0xFF, 0xE0, 0x00,
  0x01, 0xFF, 0xC0, 0x00, 0x03, 0xFF, 0x80, 0x00, 0x07, 0xFF, 0x00, 0x00,
  0x0F, 0xFE, 0x00, 0x00, 0x1F, 0xFC, 0x00, 0x00, 0x3F, 0xF8, 0x00, 0x00,
  0x7F, 0xF0, 0x00, 0x00, 0xFF, 0xE0, 0x00, 0x01, 0xFF, 0xC0, 0x00, 0x03,
  0xFF, 0x80, 0x00, 0x07, 0xFF, 0x00, 0x00, 0x0F, 0xFE, 0x00, 0x00, 0x1F,
  0xFC, 0x00, 0x00, 0x3F, 0xF8, 0x00, 0x00, 0x7F, 0xF0, 0x00, 0x00, 0xFF,
  0xE0, 0x00, 0x01, 0xFF, 0xC0, 0x00, 0x03, 0xFF, 0x80, 0x00, 0x07, 0xFF,
  0x00, 0x00, 0x00, 0x3E, 0x00, 0x00, 0x00, 0x01, 0xFF, 0xF8, 0x00, 0x00,
  0x07, 0xFF, 0xFF, 0x00, 0x00, 0x07, 0xFF, 0xFF, 0xE0, 0x00, 0x07, 0xFF,
  0xFF, 0xF8, 0x00, 0x07, 0xFF, 0xFF, 0xFE, 0x00, 0x07, 0xFF, 0xFF, 0xFF,
  0x80, 0x07, 0xFF, 0xFF, 0xFF, 0xC0, 0x07, 0xFF, 0xFF, 0xFF, 0xF0, 0x03,
  0xFF, 0xFF, 0xFF, 0xF8, 0x03, 0xFF, 0xE0, 0x7F, 0xFE, 0x01, 0xFF, 0xE0,
  0x1F, 0xFF, 0x00, 0xFF, 0xF0, 0x07, 0xFF, 0x80, 0x7F, 0xF0, 0x03, 0xFF,
  0xC0, 0x3F, 0xF8, 0x01, 0xFF, 0xE0, 0x1F, 0xFC, 0x00, 0xFF, 0xF0, 0x07,
  0xF8, 0x00, 0xFF, 0xF8, 0x00, 0x00, 0x00, 0x7F, 0xFC, 0x00, 0x00, 0x00,
  0x7F, 0xFC, 0x00, 0x00, 0x00, 0x7F, 0xFE, 0x00, 0x00, 0x00, 0x3F, 0xFE,
  0x00, 0x00, 0x00, 0x3F, 0xFF, 0x00, 0x00, 0x00, 0x7F, 0xFF, 0x00, 0x00,
  0x00, 0x7F, 0xFF, 0x00, 0x00, 0x00, 0x7F, 0xFF, 0x80, 0x00, 0x00, 0x7F,
  0xFF, 0x80, 0x00, 0x00, 0x7F, 0xFF, 0x00, 0x00, 0x00, 0xFF, 0xFF, 0x00,
  0x00, 0x00, 0xFF, 0xFF, 0x00, 0x00, 0x00, 0xFF, 0xFF, 0x00, 0x00, 0x00,
  0xFF, 0xFF, 0x00, 0x00, 0x00, 0xFF, 0xFF, 0x00, 0x00, 0x00, 0xFF, 0xFF,
  0x00, 0x00, 0x00, 0xFF, 0xFF, 0x00, 0x00, 0x00, 0xFF, 0xFF, 0x00, 0x00,
  0x00, 0xFF, 0xFF, 0x00, 0x00, 0x00, 0xFF, 0xFF, 0xFF, 0xFF, 0xC0, 0xFF,
  0xFF, 0xFF, 0xFF, 0xE0, 0x7F, 0xFF, 0xFF, 0xFF, 0xF0, 0x3F, 0xFF, 0xFF,
  0xFF, 0xF8, 0x1F, 0xFF, 0xFF, 0xFF, 0xFC, 0x0F, 0xFF, 0xFF, 0xFF, 0xFE,
  0x07, 0xFF, 0xFF, 0xFF, 0xFF, 0x03, 0xFF, 0xFF, 0xFF, 0xFF, 0x81, 0xFF,
  0xFF, 0xFF, 0xFF, 0xC0, 0x0F, 0xFF, 0xFF, 0xFF, 0xF0, 0x0F, 0xFF, 0xFF,
  0xFF, 0xF0, 0x0F, 0xFF, 0xFF, 0xFF, 0xF0, 0x0F, 0xFF, 0xFF, 0xFF, 0xF0,
  0x0F, 0xFF, 0xFF, 0xFF, 0xF0, 0x0F, 0xFF, 0xFF, 0xFF, 0xF0, 0x0F, 0xFF,
  0xFF, 0xFF, 0xF0, 0x0F, 0xFF, 0xFF, 0xFF, 0xF0, 0x0F, 0xFF, 0xFF, 0xFF,
  0xE0, 0x00, 0x00, 0x03, 0xFF, 0xC0, 0x00, 0x00, 0x07, 0xFF, 0x80, 0x00,
  0x00, 0x1F, 0xFF, 0x00, 0x00, 0x00, 0x3F, 0xFE, 0x00, 0x00, 0x00, 0x7F,
  0xFC, 0x00, 0x00, 0x00, 0xFF, 0xF8, 0x00, 0x00, 0x01, 0xFF, 0xF0, 0x00,
  0x00, 0x03, 0xFF, 0xC0, 0x00, 0x00, 0x07, 0xFF, 0x80, 0x00, 0x00, 0x0F,
  0xFF, 0xF8, 0x00, 0x00, 0x1F, 0xFF, 0xFE, 0x00, 0x00, 0x1F, 0xFF, 0xFF,
  0x80, 0x00, 0x1F, 0xFF, 0xFF, 0xC0, 0x00, 0x1F, 0xFF, 0xFF, 0xE0, 0x00,
  0x1F, 0xFF, 0xFF, 0xF0, 0x00, 0x0F, 0xFF, 0xFF, 0xF8, 0x00, 0x00, 0x01,
  0xFF, 0xF8, 0x00, 0x00, 0x00, 0x7F, 0xFC, 0x00, 0x00, 0x00, 0x7F, 0xFC,
  0x00, 0x00, 0x00, 0x3F, 0xFC, 0x00, 0x00, 0x00, 0x3F, 0xFC, 0x00, 0x00,
  0x00, 0x3F, 0xFC, 0x3F, 0xF0, 0x00, 0x3F, 0xFC, 0x7F, 0xF8, 0x00, 0x7F,
  0xFC, 0x7F, 0xFC, 0x00, 0x7F, 0xFC, 0x3F, 0xFE, 0x01, 0xFF, 0xFC, 0x3F,
  0xFF, 0xFF, 0xFF, 0xF8, 0x1F, 0xFF, 0xFF, 0xFF, 0xF8, 0x1F, 0xFF, 0xFF,
  0xFF, 0xF0, 0x0F, 0xFF, 0xFF, 0xFF, 0xE0, 0x07, 0xFF, 0xFF, 0xFF, 0xC0,
  0x03, 0xFF, 0xFF, 0xFF, 0x80, 0x01, 0xFF, 0xFF, 0xFF, 0x00, 0x00, 0x7F,
  0xFF, 0xFC, 0x00, 0x00, 0x0F, 0xFF, 0xF0, 0x00, 0x00, 0x00, 0x7C, 0x00,
  0x00, 0x00, 0x00, 0x07, 0xFF, 0xC0, 0x00, 0x00, 0x01, 0xFF, 0xF8, 0x00,
  0x00, 0x00, 0x3F, 0xFF, 0x00, 0x00, 0x00, 0x0F, 0xFF, 0xE0, 0x00, 0x00,
  0x03, 0xFF, 0xFC, 0x00, 0x00, 0x00, 0xFF, 0xFF, 0x80, 0x00, 0x00, 0x1F,
  0xFF, 0xF0, 0x00, 0x00, 0x07, 0xFF, 0xFE, 0x00, 0x00, 0x01, 0xFF, 0xFF,
  0xC0, 0x00, 0x00, 0x7F, 0xFF, 0xF8, 0x00, 0x00, 0x0F, 0xFF, 0xFF, 0x00,
  0x00, 0x03, 0xFF, 0xFF, 0xE0, 0x00, 0x00, 0xFF, 0xDF, 0xFC, 0x00, 0x00,
  0x1F, 0xFB, 0xFF, 0x80, 0x00, 0x07, 0xFE, 0x7F, 0xF0, 0x00, 0x01, 0xFF,
  0x8F, 0xFE, 0x00, 0x00, 0x7F, 0xF1, 0xFF, 0xC0, 0x00, 0x0F, 0xFC, 0x3F,
  0xF8, 0x00, 0x03, 0xFF, 0x07, 0xFF, 0x00, 0x00, 0xFF, 0xC0, 0xFF, 0xE0,
  0x00, 0x3F, 0xF8, 0x1F, 0xFC, 0x00, 0x07, 0xFE, 0x03, 0xFF, 0x80, 0x01,
  0xFF, 0x80, 0x7F, 0xF0, 0x00, 0x7F, 0xF0, 0x0F, 0xFE, 0x00, 0x1F, 0xFC,
  0x01, 0xFF, 0xC0, 0x03, 0xFF, 0x00, 0x3F, 0xF8, 0x00, 0xFF, 0xFF, 0xFF,
  0xFF, 0xFE, 0x1F, 0xFF, 0xFF, 0xFF, 0xFF, 0xC3, 0xFF, 0xFF, 0xFF, 0xFF,
  0xF8, 0x7F, 0xFF, 0xFF, 0xFF, 0xFF, 0x0F, 0xFF, 0xFF, 0xFF, 0xFF, 0xE1,
  0xFF, 0xFF, 0xFF, 0xFF, 0xFC, 0x3F, 0xFF, 0xFF, 0xFF, 0xFF, 0x87, 0xFF,
  0xFF, 0xFF, 0xFF, 0xF0, 0xFF, 0xFF, 0xFF, 0xFF, 0xFE, 0x00, 0x00, 0x00,
  0xFF, 0xE0, 0x00, 0x00, 0x00, 0x1F, 0xFC, 0x00, 0x00, 0x00, 0x03, 0xFF,
  0x80, 0x00, 0x00, 0x00, 0x7F, 0xF0, 0x00, 0x00, 0x00, 0x0F, 0xFE, 0x00,
  0x00, 0x00, 0x01, 0xFF, 0xC0, 0x00, 0x00, 0x00, 0x3F, 0xF8, 0x00, 0x00,
  0x00, 0x07, 0xFF, 0x00, 0x00, 0x00, 0x00, 0xFF, 0xC0, 0x00, 0x01, 0xFF,
  0xFF, 0xFF, 0xE0, 0x01, 0xFF, 0xFF, 0xFF, 0xE0, 0x01, 0xFF, 0xFF, 0xFF,
  0xE0, 0x01, 0xFF, 0xFF, 0xFF, 0xE0, 0x03, 0xFF, 0xFF, 0xFF, 0xE0, 0x03,
  0xFF, 0xFF, 0xFF, 0xE0, 0x03, 0xFF, 0xFF, 0xFF, 0xE0, 0x03, 0xFF, 0xFF,
  0xFF, 0xE0, 0x03, 0xFF, 0xFF, 0xFF, 0xE0, 0x03, 0xFF, 0x00, 0x00, 0x00,
  0x03, 0xFF, 0x00, 0x00, 0x00, 0x03, 0xFF, 0x00, 0x00, 0x00, 0x03, 0xFF,
  0x00, 0x00, 0x00, 0x03, 0xFF, 0x00, 0x00, 0x00, 0x07, 0xFE, 0x00, 0x00,
  0x00, 0x07, 0xFE, 0x3F, 0xE0, 0x00, 0x07, 0xFE, 0xFF, 0xFC, 0x00, 0x07,
  0xFF, 0xFF, 0xFF, 0x00, 0x07, 0xFF, 0xFF, 0xFF, 0x80, 0x07, 0xFF, 0xFF,
  0xFF, 0xC0, 0x07, 0xFF, 0xFF, 0xFF, 0xE0, 0x07, 0xFF, 0xFF, 0xFF, 0xF0,
  0x07, 0xFF, 0xFF, 0xFF, 0xF0, 0x07, 0xFF, 0x80, 0xFF, 0xF8, 0x07, 0xFF,
  0x00, 0x7F, 0xF8, 0x00, 0x00, 0x00, 0x3F, 0xFC, 0x00, 0x00, 0x00, 0x3F,
  0xFC, 0x00, 0x00, 0x00, 0x1F, 0xFC, 0x00, 0x00, 0x00, 0x1F, 0xFC, 0x00,
  0x00, 0x00, 0x1F, 0xFC, 0x1F, 0xFC, 0x00, 0x1F, 0xFC, 0x3F, 0xFC, 0x00,
  0x3F, 0xFC, 0x3F, 0xFE, 0x00, 0x3F, 0xFC, 0x1F, 0xFF, 0x00, 0x7F, 0xF8,
  0x1F, 0xFF, 0x80, 0xFF, 0xF8, 0x1F, 0xFF, 0xFF, 0xFF, 0xF8, 0x0F, 0xFF,
  0xFF, 0xFF, 0xF0, 0x0F, 0xFF, 0xFF, 0xFF, 0xF0, 0x07, 0xFF, 0xFF, 0xFF,
  0xE0, 0x03, 0xFF, 0xFF, 0xFF, 0xC0, 0x01, 0xFF, 0xFF, 0xFF, 0x80, 0x00,
  0xFF, 0xFF, 0xFF, 0x00, 0x00, 0x3F, 0xFF, 0xFC, 0x00, 0x00, 0x0F, 0xFF,
  0xF0, 0x00, 0x00, 0x00, 0x7E, 0x00, 0x00, 0x00, 0x00, 0x1F, 0xF8, 0x00,
  0x00, 0x00, 0x3F, 0xFC, 0x00, 0x00, 0x00, 0x7F, 0xF8, 0x00, 0x00, 0x00,
  0xFF, 0xF8, 0x00, 0x00, 0x01, 0xFF, 0xF0, 0x00, 0x00, 0x01, 0xFF, 0xE0,
  0x00, 0x00, 0x03, 0xFF, 0xC0, 0x00, 0x00, 0x07, 0xFF, 0xC0, 0x00, 0x00,
  0x07, 0xFF, 0x80, 0x00, 0x00, 0x0F, 0xFF, 0x00, 0x00, 0x00, 0x1F, 0xFE,
  0x00, 0x00, 0x00, 0x3F, 0xFE, 0x00, 0x00, 0x00, 0x3F, 0xFC, 0x00, 0x00,
  0x00, 0x7F, 0xFF, 0x00, 0x00, 0x00, 0xFF, 0xFF, 0xF0, 0x00, 0x01, 0xFF,
  0xFF, 0xFC, 0x00, 0x01, 0xFF, 0xFF, 0xFF, 0x00, 0x03, 0xFF, 0xFF, 0xFF,
  0x80, 0x07, 0xFF, 0xFF, 0xFF, 0xC0, 0x07, 0xFF, 0xFF, 0xFF, 0xE0, 0x0F,
  0xFF, 0xFF, 0xFF, 0xF0, 0x0F, 0xFF, 0xFF, 0xFF, 0xF0, 0x1F, 0xFF, 0xC3,
  0xFF, 0xF8, 0x1F, 0xFF, 0x00, 0xFF, 0xF8, 0x1F, 0xFC, 0x00, 0x3F, 0xF8,
  0x3F, 0xFC, 0x00, 0x3F, 0xFC, 0x3F, 0xF8, 0x00, 0x1F, 0xFC, 0x3F, 0xF8,
  0x00, 0x1F, 0xFC, 0x3F, 0xF8, 0x00, 0x1F, 0xFC, 0x3F, 0xF8, 0x00, 0x1F,
  0xFC, 0x3F, 0xF8, 0x00, 0x1F, 0xFC, 0x3F, 0xFC, 0x00, 0x3F, 0xFC, 0x3F,
  0xFC, 0x00, 0x3F, 0xF8, 0x1F, 0xFE, 0x00, 0x7F, 0xF8, 0x1F, 0xFF, 0x00,
  0xFF, 0xF8, 0x1F, 0xFF, 0xFF, 0xFF, 0xF0, 0x0F, 0xFF, 0xFF, 0xFF, 0xF0,
  0x07, 0xFF, 0xFF, 0xFF, 0xE0, 0x07, 0xFF, 0xFF, 0xFF, 0xC0, 0x03, 0xFF,
  0xFF, 0xFF, 0x80, 0x01, 0xFF, 0xFF, 0xFF, 0x00, 0x00, 0x7F, 0xFF, 0xFE,
  0x00, 0x00, 0x3F, 0xFF, 0xF8, 0x00, 0x00, 0x07, 0xFF, 0xE0, 0x00, 0x00,
  0x00, 0x3E, 0x00, 0x00, 0x3F, 0xFF, 0xFF, 0xFF, 0xC3, 0xFF, 0xFF, 0xFF,
  0xFC, 0x3F, 0xFF, 0xFF, 0xFF, 0xC3, 0xFF, 0xFF, 0xFF, 0xFC, 0x3F, 0xFF,
  0xFF, 0xFF, 0xC3, 0xFF, 0xFF, 0xFF, 0xFC, 0x3F, 0xFF, 0xFF, 0xFF, 0xC3,
  0xFF, 0xFF, 0xFF, 0xFC, 0x3F, 0xFF, 0xFF, 0xFF, 0xC0, 0x00, 0x00, 0x3F,
  0xFC, 0x00, 0x00, 0x07, 0xFF, 0x80, 0x00, 0x00, 0x7F, 0xF8, 0x00, 0x00,
  0x0F, 0xFF, 0x00, 0x00, 0x00, 0xFF, 0xF0, 0x00, 0x00, 0x0F, 0xFE, 0x00,
  0x00, 0x01, 0xFF, 0xE0, 0x00, 0x00, 0x1F, 0xFE, 0x00, 0x00, 0x03, 0xFF,
  0xC0, 0x00, 0x00, 0x3F, 0xFC, 0x00, 0x00, 0x07, 0xFF, 0x80, 0x00, 0x00,
  0x7F, 0xF8, 0x00, 0x00, 0x07, 0xFF, 0x00, 0x00, 0x00, 0xFF, 0xF0, 0x00,
  0x00, 0x0F, 0xFF, 0x00, 0x00, 0x01, 0xFF, 0xE0, 0x00, 0x00, 0x1F, 0xFE,
  0x00, 0x00, 0x03, 0xFF, 0xC0, 0x00, 0x00, 0x3F, 0xFC, 0x00, 0x00, 0x07,
  0xFF, 0x80, 0x00, 0x00, 0x7F, 0xF8, 0x00, 0x00, 0x07, 0xFF, 0x00, 0x00,
  0x00, 0xFF, 0xF0, 0x00, 0x00, 0x0F, 0xFF, 0x00, 0x00, 0x01, 0xFF, 0xE0,
  0x00, 0x00, 0x1F, 0xFE, 0x00, 0x00, 0x03, 0xFF, 0xC0, 0x00, 0x00, 0x3F,
  0xFC, 0x00, 0x00, 0x03, 0xFF, 0x80, 0x00, 0x00, 0x7F, 0xF8, 0x00, 0x00,
  0x07, 0xFF, 0x80, 0x00, 0x00, 0xFF, 0xF0, 0x00, 0x00, 0x0F, 0xFF, 0x00,
  0x00, 0x00, 0xFF, 0xE0, 0x00, 0x00, 0x0F, 0xFC, 0x00, 0x00, 0x00, 0x00,
  0x3F, 0x00, 0x00, 0x00, 0x01, 0xFF, 0xFE, 0x00, 0x00, 0x01, 0xFF, 0xFF,
  0xF0, 0x00, 0x01, 0xFF, 0xFF, 0xFE, 0x00, 0x00, 0xFF, 0xFF, 0xFF, 0xE0,
  0x00, 0x7F, 0xFF, 0xFF, 0xF8, 0x00, 0x3F, 0xFF, 0xFF, 0xFF, 0x00, 0x1F,
  0xFF, 0xFF, 0xFF, 0xE0, 0x07, 0xFF, 0xE1, 0xFF, 0xF8, 0x01, 0xFF, 0xE0,
  0x1F, 0xFF, 0x00, 0xFF, 0xF0, 0x03, 0xFF, 0xC0, 0x3F, 0xF8, 0x00, 0x7F,
  0xF0, 0x0F, 0xFE, 0x00, 0x1F, 0xFC, 0x03, 0xFF, 0x80, 0x07, 0xFF, 0x00,
  0xFF, 0xE0, 0x01, 0xFF, 0xC0, 0x3F, 0xFC, 0x00, 0xFF, 0xF0, 0x07, 0xFF,
  0x00, 0x3F, 0xFC, 0x01, 0xFF, 0xF0, 0x3F, 0xFE, 0x00, 0x3F, 0xFF, 0xFF,
  0xFF, 0x80, 0x0F, 0xFF, 0xFF, 0xFF, 0xC0, 0x01, 0xFF, 0xFF, 0xFF, 0xE0,
  0x00, 0x3F, 0xFF, 0xFF, 0xF0, 0x00, 0x1F, 0xFF, 0xFF, 0xFE, 0x00, 0x0F,
  0xFF, 0xFF, 0xFF, 0xC0, 0x07, 0xFF, 0xFF, 0xFF, 0xF8, 0x01, 0xFF, 0xFF,
  0xFF, 0xFF, 0x00, 0xFF, 0xFC, 0x0F, 0xFF, 0xC0, 0x3F, 0xFC, 0x00, 0xFF,
  0xF0, 0x1F, 0xFE, 0x00, 0x1F, 0xFE, 0x07, 0xFF, 0x00, 0x03, 0xFF, 0x81,
  0xFF, 0xC0, 0x00, 0xFF, 0xE0, 0x7F, 0xF0, 0x00, 0x3F, 0xF8, 0x1F, 0xFC,
  0x00, 0x0F, 0xFE, 0x07, 0xFF, 0x00, 0x03, 0xFF, 0x81, 0xFF, 0xE0, 0x01,
  0xFF, 0xE0, 0x7F, 0xF8, 0x00, 0x7F, 0xF8, 0x0F, 0xFF, 0x00, 0x3F, 0xFC,
  0x03, 0xFF, 0xF8, 0x7F, 0xFF, 0x00, 0x7F, 0xFF, 0xFF, 0xFF, 0x80, 0x1F,
  0xFF, 0xFF, 0xFF, 0xE0, 0x03, 0xFF, 0xFF, 0xFF, 0xF0, 0x00, 0x7F, 0xFF,
  0xFF, 0xF8, 0x00, 0x07, 0xFF, 0xFF, 0xF8, 0x00, 0x00, 0xFF, 0xFF, 0xFC,
  0x00, 0x00, 0x07, 0xFF, 0xF8, 0x00, 0x00, 0x00, 0x0F, 0xC0, 0x00, 0x00,
  0x00, 0x00, 0x7E, 0x00, 0x00, 0x00, 0x07, 0xFF, 0xF0, 0x00, 0x00, 0x3F,
  0xFF, 0xFC, 0x00, 0x00, 0x7F, 0xFF, 0xFF, 0x00, 0x01, 0xFF, 0xFF, 0xFF,
  0x80, 0x03, 0xFF, 0xFF, 0xFF, 0xC0, 0x07, 0xFF, 0xFF, 0xFF, 0xE0, 0x07,
  0xFF, 0xFF, 0xFF, 0xF0, 0x0F, 0xFF, 0xFF, 0xFF, 0xF0, 0x1F, 0xFF, 0xFF,
  0xFF, 0xF8, 0x1F, 0xFF, 0x00, 0xFF, 0xF8, 0x1F, 0xFE, 0x00, 0x7F, 0xFC,
  0x3F, 0xFC, 0x00, 0x3F, 0xFC, 0x3F, 0xF8, 0x00, 0x3F, 0xFC, 0x3F, 0xF8,
  0x00, 0x1F, 0xFC, 0x3F, 0xF8, 0x00, 0x1F, 0xFC, 0x3F, 0xF8, 0x00, 0x1F,
  0xFC, 0x3F, 0xF8, 0x00, 0x1F, 0xFC, 0x3F, 0xF8, 0x00, 0x1F, 0xFC, 0x3F,
  0xFC, 0x00, 0x3F, 0xFC, 0x3F, 0xFC, 0x00, 0x7F, 0xF8, 0x1F, 0xFE, 0x00,
  0xFF, 0xF8, 0x1F, 0xFF, 0x83, 0xFF, 0xF0, 0x0F, 0xFF, 0xFF, 0xFF, 0xF0,
  0x0F, 0xFF, 0xFF, 0xFF, 0xE0, 0x07, 0xFF, 0xFF, 0xFF, 0xE0, 0x03, 0xFF,
  0xFF, 0xFF, 0xC0, 0x01, 0xFF, 0xFF, 0xFF, 0x80, 0x00, 0xFF, 0xFF, 0xFF,
  0x80, 0x00, 0x3F, 0xFF, 0xFF, 0x00, 0x00, 0x07, 0xFF, 0xFE, 0x00, 0x00,
  0x00, 0x3F, 0xFC, 0x00, 0x00, 0x00, 0x7F, 0xFC, 0x00, 0x00, 0x00, 0x7F,
  0xF8, 0x00, 0x00, 0x00, 0xFF, 0xF0, 0x00, 0x00, 0x01, 0xFF, 0xE0, 0x00,
  0x00, 0x03, 0xFF, 0xE0, 0x00, 0x00, 0x03, 0xFF, 0xC0, 0x00, 0x00, 0x07,
  0xFF, 0x80, 0x00, 0x00, 0x0F, 0xFF, 0x80, 0x00, 0x00, 0x1F, 0xFF, 0x00,
  0x00, 0x00, 0x3F, 0xFE, 0x00, 0x00, 0x00, 0x3F, 0xFC, 0x00, 0x00, 0x00,
  0x7F, 0xFC, 0x00, 0x00, 0x00, 0x3F, 0xF8, 0x00, 0x00, 0x0F, 0xFC, 0x03,
  0xFF, 0x80, 0xFF, 0xE0, 0x3F, 0xF8, 0x0F, 0xFE, 0x03, 0xFF, 0x80, 0xFF,
  0xE0, 0x3F, 0xF8, 0x0F, 0xFE, 0x03, 0xFF, 0x80, 0xFF, 0xC0, 0x00, 0x00,
  0x00, 0x00, 0x00, 0x00, 0x00, 0x00, 0x00, 0x00, 0x00, 0x00, 0x00, 0x00,
  0x00, 0x00, 0x00, 0x00, 0x00, 0x00, 0x00, 0x00, 0x03, 0xFF, 0x00, 0xFF,
  0xE0, 0x3F, 0xF8, 0x0F, 0xFE, 0x03, 0xFF, 0x80, 0xFF, 0xE0, 0x3F, 0xF8,
  0x0F, 0xFE, 0x03, 0xFF, 0x80, 0xFF, 0xE0, 0x3F, 0xF0, 0x0F, 0xFE, 0x03,
  0xFF, 0x80, 0xFF, 0xE0, 0x3F, 0xF8, 0x0F, 0xFE, 0x03, 0xFF, 0x80, 0xFF,
  0xE0, 0x3F, 0xF8, 0x0F, 0xFE, 0x03, 0xFF, 0x80, 0xFF, 0xE0, 0x00, 0x00,
  0x00, 0x00, 0x00, 0x00, 0x00, 0x00, 0x00, 0x00, 0x00, 0x00, 0x00, 0x00,
  0x00, 0x00, 0x00, 0x00, 0x00, 0x00, 0x00, 0x00, 0x00, 0x00, 0x00, 0x7F,
  0xC0, 0x3F, 0xF8, 0x0F, 0xFC, 0x03, 0xFF, 0x01, 0xFF, 0xC0, 0x7F, 0xE0,
  0x1F, 0xF8, 0x07, 0xFE, 0x01, 0xFF, 0x00, 0x7F, 0xC0, 0x1F, 0xE0, 0x0F,
  0xF8, 0x03, 0xFE, 0x00, 0xFF, 0x00, 0x3F, 0xC0, 0x0F, 0xE0, 0x00, 0x00,
  0x00, 0x00, 0x30, 0x00, 0x00, 0x00, 0xF8, 0x00, 0x00, 0x01, 0xF8, 0x00,
  0x00, 0x03, 0xF8, 0x00, 0x00, 0x0F, 0xF8, 0x00, 0x00, 0x1F, 0xF8, 0x00,
  0x00, 0x7F, 0xF8, 0x00, 0x00, 0xFF, 0xF8, 0x00, 0x03, 0xFF, 0xF8, 0x00,
  0x07, 0xFF, 0xF0, 0x00, 0x1F, 0xFF, 0xE0, 0x00, 0x3F, 0xFF, 0xC0, 0x00,
  0xFF, 0xFF, 0x00, 0x01, 0xFF, 0xFE, 0x00, 0x03, 0xFF, 0xF8, 0x00, 0x0F,
  0xFF, 0xF0, 0x00, 0x1F, 0xFF, 0xC0, 0x00, 0x3F, 0xFF, 0x00, 0x00, 0x3F,
  0xFE, 0x00, 0x00, 0x3F, 0xFC, 0x00, 0x00, 0x3F, 0xFE, 0x00, 0x00, 0x3F,
  0xFF, 0x00, 0x00, 0x1F, 0xFF, 0xC0, 0x00, 0x0F, 0xFF, 0xE0, 0x00, 0x07,
  0xFF, 0xF8, 0x00, 0x01, 0xFF, 0xFC, 0x00, 0x00, 0xFF, 0xFF, 0x00, 0x00,
  0x3F, 0xFF, 0x80, 0x00, 0x1F, 0xFF, 0xE0, 0x00, 0x07, 0xFF, 0xF0, 0x00,
  0x03, 0xFF, 0xF8, 0x00, 0x00, 0xFF, 0xF8, 0x00, 0x00, 0x7F, 0xF8, 0x00,
  0x00, 0x1F, 0xF8, 0x00, 0x00, 0x0F, 0xF8, 0x00, 0x00, 0x07, 0xF8, 0x00,
  0x00, 0x01, 0xF8, 0x00, 0x00, 0x00, 0xF8, 0x00, 0x00, 0x00, 0x30, 0x07,
  0xFF, 0xFF, 0xFE, 0x00, 0xFF, 0xFF, 0xFF, 0xF0, 0x0F, 0xFF, 0xFF, 0xFF,
  0x00, 0xFF, 0xFF, 0xFF, 0xF0, 0x0F, 0xFF, 0xFF, 0xFF, 0x00, 0xFF, 0xFF,
  0xFF, 0xF0, 0x0F, 0xFF, 0xFF, 0xFF, 0x00, 0xFF, 0xFF, 0xFF, 0xF0, 0x00,
  0x00, 0x00, 0x00, 0x00, 0x00, 0x00, 0x00, 0x00, 0x00, 0x00, 0x00, 0x00,
  0x00, 0x00, 0x00, 0x00, 0x00, 0x00, 0x00, 0x00, 0x00, 0x00, 0x00, 0x00,
  0x00, 0x00, 0x00, 0x00, 0x00, 0x00, 0x00, 0x00, 0x00, 0x00, 0x00, 0x07,
  0xFF, 0xFF, 0xFE, 0x00, 0xFF, 0xFF, 0xFF, 0xF0, 0x0F, 0xFF, 0xFF, 0xFF,
  0x00, 0xFF, 0xFF, 0xFF, 0xF0, 0x0F, 0xFF, 0xFF, 0xFF, 0x00, 0xFF, 0xFF,
  0xFF, 0xF0, 0x0F, 0xFF, 0xFF, 0xFF, 0x00, 0xFF, 0xFF, 0xFF, 0xF0, 0x00,
  0x00, 0x00, 0x00, 0x00, 0x00, 0x00, 0x00, 0x00, 0x00, 0x00, 0x00, 0x00,
  0x00, 0x00, 0x00, 0x00, 0x00, 0x00, 0x00, 0x00, 0x00, 0x00, 0x00, 0x00,
  0x00, 0x00, 0x00, 0x00, 0x00, 0x00, 0x00, 0x0E, 0x00, 0x00, 0x00, 0x0F,
  0x00, 0x00, 0x00, 0x0F, 0x80, 0x00, 0x00, 0x0F, 0xE0, 0x00, 0x00, 0x0F,
  0xF0, 0x00, 0x00, 0x0F, 0xFC, 0x00, 0x00, 0x0F, 0xFE, 0x00, 0x00, 0x0F,
  0xFF, 0x80, 0x00, 0x0F, 0xFF, 0xC0, 0x00, 0x0F, 0xFF, 0xF0, 0x00, 0x07,
  0xFF, 0xF8, 0x00, 0x01, 0xFF, 0xFE, 0x00, 0x00, 0xFF, 0xFF, 0x00, 0x00,
  0x3F, 0xFF, 0x80, 0x00, 0x1F, 0xFF, 0xE0, 0x00, 0x07, 0xFF, 0xF0, 0x00,
  0x03, 0xFF, 0xFC, 0x00, 0x00, 0xFF, 0xFC, 0x00, 0x00, 0x7F, 0xFE, 0x00,
  0x00, 0x1F, 0xFE, 0x00, 0x00, 0x3F, 0xFE, 0x00, 0x00, 0xFF, 0xFC, 0x00,
  0x01, 0xFF, 0xFC, 0x00, 0x07, 0xFF, 0xF8, 0x00, 0x0F, 0xFF, 0xE0, 0x00,
  0x3F, 0xFF, 0xC0, 0x00, 0x7F, 0xFF, 0x00, 0x01, 0xFF, 0xFE, 0x00, 0x03,
  0xFF, 0xF8, 0x00, 0x0F, 0xFF, 0xF0, 0x00, 0x0F, 0xFF, 0xC0, 0x00, 0x0F,
  0xFF, 0x80, 0x00, 0x0F, 0xFE, 0x00, 0x00, 0x0F, 0xFC, 0x00, 0x00, 0x0F,
  0xF0, 0x00, 0x00, 0x0F, 0xE0, 0x00, 0x00, 0x0F, 0xC0, 0x00, 0x00, 0x0F,
  0x00, 0x00, 0x00, 0x0E, 0x00, 0x00, 0x00, 0x00, 0x00, 0xFC, 0x00, 0x00,
  0x00, 0x7F, 0xFF, 0x00, 0x00, 0x1F, 0xFF, 0xFE, 0x00, 0x01, 0xFF, 0xFF,
  0xFC, 0x00, 0x3F, 0xFF, 0xFF, 0xF0, 0x03, 0xFF, 0xFF, 0xFF, 0xC0, 0x3F,
  0xFF, 0xFF, 0xFE, 0x01, 0xFF, 0xFF, 0xFF, 0xF8, 0x1F, 0xFF, 0xFF, 0xFF,
  0xC1, 0xFF, 0xFF, 0xFF, 0xFF, 0x0F, 0xFF, 0x81, 0xFF, 0xF8, 0x7F, 0xF8,
  0x07, 0xFF, 0xC7, 0xFF, 0x80, 0x1F, 0xFE, 0x3F, 0xFC, 0x00, 0xFF, 0xF1,
  0xFF, 0xC0, 0x07, 0xFF, 0x87, 0xFE, 0x00, 0x7F, 0xFC, 0x00, 0x00, 0x03,
  0xFF, 0xC0, 0x00, 0x00, 0x3F, 0xFE, 0x00, 0x00, 0x03, 0xFF, 0xE0, 0x00,
  0x00, 0x3F, 0xFE, 0x00, 0x00, 0x03, 0xFF, 0xF0, 0x00, 0x00, 0x3F, 0xFF,
  0x00, 0x00, 0x03, 0xFF, 0xF0, 0x00, 0x00, 0x1F, 0xFF, 0x00, 0x00, 0x01,
  0xFF, 0xF0, 0x00, 0x00, 0x1F, 0xFF, 0x00, 0x00, 0x00, 0xFF, 0xF8, 0x00,
  0x00, 0x0F, 0xFF, 0x80, 0x00, 0x00, 0x7F, 0xFC, 0x00, 0x00, 0x03, 0xFF,
  0xC0, 0x00, 0x00, 0x1F, 0xFE, 0x00, 0x00, 0x00, 0xFF, 0xE0, 0x00, 0x00,
  0x00, 0x00, 0x00, 0x00, 0x00, 0x00, 0x00, 0x00, 0x00, 0x00, 0x00, 0x00,
  0x00, 0x00, 0x0F, 0xFC, 0x00, 0x00, 0x00, 0x7F, 0xF0, 0x00, 0x00, 0x03,
  0xFF, 0x80, 0x00, 0x00, 0x1F, 0xFC, 0x00, 0x00, 0x00, 0xFF, 0xE0, 0x00,
  0x00, 0x07, 0xFF, 0x00, 0x00, 0x00, 0x3F, 0xF8, 0x00, 0x00, 0x01, 0xFF,
  0xC0, 0x00, 0x00, 0x0F, 0xFE, 0x00, 0x00, 0x00, 0x7F, 0xE0, 0x00, 0x00,
  0x00, 0x00, 0x1F, 0xFF, 0x80, 0x00, 0x00, 0x00, 0x0F, 0xFF, 0xFF, 0x80,
  0x00, 0x00, 0x03, 0xFF, 0xFF, 0xFE, 0x00, 0x00, 0x00, 0xFF, 0xFF, 0xFF,
  0xF8, 0x00, 0x00, 0x1F, 0xFF, 0xFF, 0xFF, 0xC0, 0x00, 0x03, 0xFF, 0xFF,
  0xFF, 0xFE, 0x00, 0x00, 0x7F, 0xF8, 0x01, 0xFF, 0xF0, 0x00, 0x0F, 0xFC,
  0x00, 0x01, 0xFF, 0x80, 0x01, 0xFF, 0x00, 0x00, 0x07, 0xFC, 0x00, 0x3F,
  0xC0, 0x00, 0x00, 0x1F, 0xC0, 0x03, 0xF8, 0x00, 0x00, 0x00, 0xFE, 0x00,
  0x7F, 0x00, 0x00, 0x00, 0x07, 0xE0, 0x07, 0xF0, 0x07, 0xF0, 0xF0, 0x7F,
  0x00, 0xFE, 0x01, 0xFF, 0xDF, 0x83, 0xF0, 0x0F, 0xE0, 0x3F, 0xFF, 0xF8,
  0x3F, 0x00, 0xFC, 0x07, 0xFF, 0xFF, 0x83, 0xF0, 0x1F, 0xC0, 0x7F, 0xFF,
  0xF8, 0x1F, 0x81, 0xFC, 0x0F, 0xFF, 0xFF, 0x81, 0xF8, 0x1F, 0x80, 0xFF,
  0x0F, 0xF8, 0x1F, 0x81, 0xF8, 0x0F, 0xE0, 0x7F, 0x81, 0xF8, 0x1F, 0x81,
  0xFC, 0x03, 0xF8, 0x1F, 0x81, 0xF8, 0x1F, 0xC0, 0x3F, 0x81, 0xF8, 0x1F,
  0x81, 0xF8, 0x01, 0xF8, 0x1F, 0x81, 0xF8, 0x1F, 0x80, 0x1F, 0x81, 0xF8,
  0x1F, 0x81, 0xF8, 0x01, 0xF8, 0x1F, 0x81, 0xF8, 0x1F, 0x80, 0x1F, 0x81,
  0xF8, 0x1F, 0x81, 0xF8, 0x01, 0xF8, 0x1F, 0x81, 0xF8, 0x1F, 0x80, 0x1F,
  0x81, 0xF8, 0x1F, 0x81, 0xFC, 0x03, 0xF8, 0x1F, 0x81, 0xF8, 0x1F, 0xC0,
  0x3F, 0xC3, 0xF8, 0x1F, 0x80, 0xFE, 0x07, 0xFE, 0x7F, 0x81, 0xF8, 0x0F,
  0xF0, 0xFF, 0xFF, 0xF0, 0x1F, 0xC0, 0xFF, 0xFF, 0xFF, 0xFF, 0x01, 0xFC,
  0x07, 0xFF, 0xFF, 0xFF, 0xE0, 0x0F, 0xC0, 0x3F, 0xFF, 0xFF, 0xFC, 0x00,
  0xFE, 0x03, 0xFF, 0xF3, 0xFF, 0x80, 0x0F, 0xE0, 0x0F, 0xFE, 0x0F, 0xE0,
  0x00, 0x7F, 0x00, 0x7F, 0x80, 0x00, 0x00, 0x07, 0xF0, 0x00, 0x00, 0x00,
  0x00, 0x00, 0x7F, 0x80, 0x00, 0x00, 0x00, 0x00, 0x03, 0xFC, 0x00, 0x00,
  0x01, 0xFC, 0x00, 0x1F, 0xF0, 0x00, 0x00, 0x3F, 0xE0, 0x01, 0xFF, 0xC0,
  0x00, 0x0F, 0xFC, 0x00, 0x0F, 0xFF, 0xC0, 0x0F, 0xFF, 0x80, 0x00, 0x7F,
  0xFF, 0xFF, 0xFF, 0xF0, 0x00, 0x03, 0xFF, 0xFF, 0xFF, 0xFE, 0x00, 0x00,
  0x0F, 0xFF, 0xFF, 0xFF, 0x80, 0x00, 0x00, 0x7F, 0xFF, 0xFF, 0xF0, 0x00,
  0x00, 0x00, 0xFF, 0xFF, 0xF8, 0x00, 0x00, 0x00, 0x01, 0xFF, 0xFC, 0x00,
  0x00, 0x00, 0x00, 0xFF, 0xF8, 0x00, 0x00, 0x00, 0x07, 0xFF, 0xE0, 0x00,
  0x00, 0x00, 0x7F, 0xFF, 0x00, 0x00, 0x00, 0x03, 0xFF, 0xF8, 0x00, 0x00,
  0x00, 0x1F, 0xFF, 0xE0, 0x00, 0x00, 0x01, 0xFF, 0xFF, 0x00, 0x00, 0x00,
  0x0F, 0xFF, 0xF8, 0x00, 0x00, 0x00, 0xFF, 0xFF, 0xE0, 0x00, 0x00, 0x07,
  0xFF, 0xFF, 0x00, 0x00, 0x00, 0x3F, 0xFF, 0xFC, 0x00, 0x00, 0x03, 0xFF,
  0xFF, 0xE0, 0x00, 0x00, 0x1F, 0xFB, 0xFF, 0x00, 0x00, 0x00, 0xFF, 0xDF,
  0xFC, 0x00, 0x00, 0x0F, 0xFE, 0x7F, 0xE0, 0x00, 0x00, 0x7F, 0xE3, 0xFF,
  0x00, 0x00, 0x03, 0xFF, 0x1F, 0xFC, 0x00, 0x00, 0x3F, 0xF8, 0x7F, 0xE0,
  0x00, 0x01, 0xFF, 0x83, 0xFF, 0x00, 0x00, 0x1F, 0xFC, 0x1F, 0xFC, 0x00,
  0x00, 0xFF, 0xE0, 0x7F, 0xE0, 0x00, 0x07, 0xFE, 0x03, 0xFF, 0x80, 0x00,
  0x7F, 0xF0, 0x1F, 0xFC, 0x00, 0x03, 0xFF, 0x80, 0x7F, 0xE0, 0x00, 0x1F,
  0xF8, 0x03, 0xFF, 0x80, 0x01, 0xFF, 0xC0, 0x1F, 0xFC, 0x00, 0x0F, 0xFE,
  0x00, 0x7F, 0xE0, 0x00, 0x7F, 0xE0, 0x03, 0xFF, 0x80, 0x07, 0xFF, 0xFF,
  0xFF, 0xFC, 0x00, 0x3F, 0xFF, 0xFF, 0xFF, 0xE0, 0x03, 0xFF, 0xFF, 0xFF,
  0xFF, 0x80, 0x1F, 0xFF, 0xFF, 0xFF, 0xFC, 0x00, 0xFF, 0xFF, 0xFF, 0xFF,
  0xE0, 0x0F, 0xFF, 0xFF, 0xFF, 0xFF, 0x80, 0x7F, 0xFF, 0xFF, 0xFF, 0xFC,
  0x03, 0xFF, 0xFF, 0xFF, 0xFF, 0xF0, 0x3F, 0xFF, 0xFF, 0xFF, 0xFF, 0x81,
  0xFF, 0xC0, 0x00, 0x1F, 0xFC, 0x0F, 0xFE, 0x00, 0x00, 0xFF, 0xF0, 0xFF,
  0xF0, 0x00, 0x03, 0xFF, 0x87, 0xFF, 0x00, 0x00, 0x1F, 0xFC, 0x3F, 0xF8,
  0x00, 0x00, 0xFF, 0xF3, 0xFF, 0x80, 0x00, 0x03, 0xFF, 0x9F, 0xFC, 0x00,
  0x00, 0x1F, 0xFC, 0xFF, 0xE0, 0x00, 0x00, 0x7F, 0xE0, 0x0F, 0xFF, 0xFF,
  0xFE, 0x00, 0x00, 0xFF, 0xFF, 0xFF, 0xF8, 0x00, 0x0F, 0xFF, 0xFF, 0xFF,
  0xE0, 0x00, 0xFF, 0xFF, 0xFF, 0xFF, 0x80, 0x0F, 0xFF, 0xFF, 0xFF, 0xF8,
  0x00, 0xFF, 0xFF, 0xFF, 0xFF, 0xC0, 0x0F, 0xFF, 0xFF, 0xFF, 0xFE, 0x00,
  0xFF, 0xFF, 0xFF, 0xFF, 0xE0, 0x0F, 0xFE, 0x00, 0x3F, 0xFF, 0x00, 0xFF,
  0xE0, 0x01, 0xFF, 0xF0, 0x0F, 0xFE, 0x00, 0x1F, 0xFF, 0x00, 0xFF, 0xE0,
  0x00, 0xFF, 0xF0, 0x0F, 0xFE, 0x00, 0x0F, 0xFF, 0x00, 0xFF, 0xE0, 0x00,
  0xFF, 0xF0, 0x0F, 0xFE, 0x00, 0x0F, 0xFF, 0x00, 0xFF, 0xE0, 0x01, 0xFF,
  0xF0, 0x0F, 0xFE, 0x00, 0x1F, 0xFE, 0x00, 0xFF, 0xE0, 0x07, 0xFF, 0xE0,
  0x0F, 0xFF, 0xFF, 0xFF, 0xFC, 0x00, 0xFF, 0xFF, 0xFF, 0xFF, 0x80, 0x0F,
  0xFF, 0xFF, 0xFF, 0xF0, 0x00, 0xFF, 0xFF, 0xFF, 0xFE, 0x00, 0x0F, 0xFF,
  0xFF, 0xFF, 0xF8, 0x00, 0xFF, 0xFF, 0xFF, 0xFF, 0xC0, 0x0F, 0xFF, 0xFF,
  0xFF, 0xFE, 0x00, 0xFF, 0xFF, 0xFF, 0xFF, 0xF0, 0x0F, 0xFE, 0x00, 0x1F,
  0xFF, 0x00, 0xFF, 0xE0, 0x00, 0xFF, 0xF8, 0x0F, 0xFE, 0x00, 0x0F, 0xFF,
  0x80, 0xFF, 0xE0, 0x00, 0x7F, 0xF8, 0x0F, 0xFE, 0x00, 0x07, 0xFF, 0x80,
  0xFF, 0xE0, 0x00, 0x7F, 0xF8, 0x0F, 0xFE, 0x00, 0x07, 0xFF, 0x80, 0xFF,
  0xE0, 0x00, 0xFF, 0xF8, 0x0F, 0xFE, 0x00, 0x0F, 0xFF, 0x80, 0xFF, 0xE0,
  0x01, 0xFF, 0xF0, 0x0F, 0xFF, 0xFF, 0xFF, 0xFF, 0x00, 0xFF, 0xFF, 0xFF,
  0xFF, 0xF0, 0x0F, 0xFF, 0xFF, 0xFF, 0xFE, 0x00, 0xFF, 0xFF, 0xFF, 0xFF,
  0xC0, 0x0F, 0xFF, 0xFF, 0xFF, 0xF8, 0x00, 0xFF, 0xFF, 0xFF, 0xFF, 0x00,
  0x0F, 0xFF, 0xFF, 0xFF, 0xC0, 0x00, 0xFF, 0xFF, 0xFF, 0xE0, 0x00, 0x00,
  0x00, 0x1F, 0x80, 0x00, 0x00, 0x00, 0x3F, 0xFF, 0xC0, 0x00, 0x00, 0x0F,
  0xFF, 0xFF, 0x80, 0x00, 0x03, 0xFF, 0xFF, 0xFE, 0x00, 0x00, 0x7F, 0xFF,
  0xFF, 0xF0, 0x00, 0x1F, 0xFF, 0xFF, 0xFF, 0x80, 0x03, 0xFF, 0xFF, 0xFF,
  0xFC, 0x00, 0x3F, 0xFF, 0xFF, 0xFF, 0xE0, 0x07, 0xFF, 0xFF, 0xFF, 0xFF,
  0x00, 0x7F, 0xFF, 0xFF, 0xFF, 0xF0, 0x0F, 0xFF, 0xC0, 0x3F, 0xFF, 0x80,
  0xFF, 0xF0, 0x01, 0xFF, 0xF8, 0x1F, 0xFE, 0x00, 0x0F, 0xFF, 0x81, 0xFF,
  0xE0, 0x00, 0x7F, 0xF8, 0x1F, 0xFC, 0x00, 0x07, 0xFF, 0xC1, 0xFF, 0xC0,
  0x00, 0x7F, 0xFC, 0x1F, 0xFC, 0x00, 0x03, 0xFF, 0x81, 0xFF, 0xC0, 0x00,
  0x00, 0x00, 0x1F, 0xFC, 0x00, 0x00, 0x00, 0x01, 0xFF, 0xC0, 0x00, 0x00,
  0x00, 0x1F, 0xFC, 0x00, 0x00, 0x00, 0x01, 0xFF, 0xC0, 0x00, 0x00, 0x00,
  0x1F, 0xFC, 0x00, 0x00, 0x00, 0x01, 0xFF, 0xC0, 0x00, 0x00, 0x00, 0x1F,
  0xFC, 0x00, 0x00, 0x00, 0x01, 0xFF, 0xC0, 0x00, 0x00, 0x00, 0x1F, 0xFC,
  0x00, 0x00, 0x00, 0x01, 0xFF, 0xC0, 0x00, 0x00, 0x00, 0x1F, 0xFC, 0x00,
  0x00, 0x00, 0x01, 0xFF, 0xC0, 0x00, 0x3F, 0xF8, 0x1F, 0xFC, 0x00, 0x07,
  0xFF, 0xC1, 0xFF, 0xC0, 0x00, 0x7F, 0xFC, 0x1F, 0xFE, 0x00, 0x07, 0xFF,
  0x81, 0xFF, 0xE0, 0x00, 0xFF, 0xF8, 0x0F, 0xFF, 0x00, 0x1F, 0xFF, 0x80,
  0xFF, 0xFC, 0x03, 0xFF, 0xF8, 0x0F, 0xFF, 0xFF, 0xFF, 0xFF, 0x00, 0x7F,
  0xFF, 0xFF, 0xFF, 0xF0, 0x03, 0xFF, 0xFF, 0xFF, 0xFE, 0x00, 0x3F, 0xFF,
  0xFF, 0xFF, 0xC0, 0x01, 0xFF, 0xFF, 0xFF, 0xF8, 0x00, 0x0F, 0xFF, 0xFF,
  0xFF, 0x00, 0x00, 0x3F, 0xFF, 0xFF, 0xE0, 0x00, 0x00, 0xFF, 0xFF, 0xF8,
  0x00, 0x00, 0x03, 0xFF, 0xFC, 0x00, 0x00, 0x00, 0x01, 0xF8, 0x00, 0x00,
  0x0F, 0xFF, 0xFF, 0xF0, 0x00, 0x00, 0xFF, 0xFF, 0xFF, 0xE0, 0x00, 0x0F,
  0xFF, 0xFF, 0xFF, 0x80, 0x00, 0xFF, 0xFF, 0xFF, 0xFE, 0x00, 0x0F, 0xFF,
  0xFF, 0xFF, 0xF0, 0x00, 0xFF, 0xFF, 0xFF, 0xFF, 0x80, 0x0F, 0xFF, 0xFF,
  0xFF, 0xFC, 0x00, 0xFF, 0xFF, 0xFF, 0xFF, 0xC0, 0x0F, 0xFF, 0xFF, 0xFF,
  0xFE, 0x00, 0xFF, 0xE0, 0x07, 0xFF, 0xF0, 0x0F, 0xFE, 0x00, 0x1F, 0xFF,
  0x00, 0xFF, 0xE0, 0x00, 0xFF, 0xF0, 0x0F, 0xFE, 0x00, 0x07, 0xFF, 0x00,
  0xFF, 0xE0, 0x00, 0x7F, 0xF8, 0x0F, 0xFE, 0x00, 0x03, 0xFF, 0x80, 0xFF,
  0xE0, 0x00, 0x3F, 0xF8, 0x0F, 0xFE, 0x00, 0x03, 0xFF, 0x80, 0xFF, 0xE0,
  0x00, 0x3F, 0xF8, 0x0F, 0xFE, 0x00, 0x03, 0xFF, 0x80, 0xFF, 0xE0, 0x00,
  0x3F, 0xF8, 0x0F, 0xFE, 0x00, 0x03, 0xFF, 0x80, 0xFF, 0xE0, 0x00, 0x3F,
  0xF8, 0x0F, 0xFE, 0x00, 0x03, 0xFF, 0x80, 0xFF, 0xE0, 0x00, 0x3F, 0xF8,
  0x0F, 0xFE, 0x00, 0x03, 0xFF, 0x80, 0xFF, 0xE0, 0x00, 0x3F, 0xF8, 0x0F,
  0xFE, 0x00, 0x03, 0xFF, 0x80, 0xFF, 0xE0, 0x00, 0x3F, 0xF8, 0x0F, 0xFE,
  0x00, 0x03, 0xFF, 0x80, 0xFF, 0xE0, 0x00, 0x3F, 0xF8, 0x0F, 0xFE, 0x00,
  0x07, 0xFF, 0x80, 0xFF, 0xE0, 0x00, 0x7F, 0xF8, 0x0F, 0xFE, 0x00, 0x0F,
  0xFF, 0x00, 0xFF, 0xE0, 0x01, 0xFF, 0xF0, 0x0F, 0xFE, 0x00, 0x7F, 0xFF,
  0x00, 0xFF, 0xFF, 0xFF, 0xFF, 0xE0, 0x0F, 0xFF, 0xFF, 0xFF, 0xFE, 0x00,
  0xFF, 0xFF, 0xFF, 0xFF, 0xC0, 0x0F, 0xFF, 0xFF, 0xFF, 0xF8, 0x00, 0xFF,
  0xFF, 0xFF, 0xFF, 0x00, 0x0F, 0xFF, 0xFF, 0xFF, 0xE0, 0x00, 0xFF, 0xFF,
  0xFF, 0xFC, 0x00, 0x0F, 0xFF, 0xFF, 0xFF, 0x00, 0x00, 0xFF, 0xFF, 0xFF,
  0x00, 0x00, 0x0F, 0xFF, 0xFF, 0xFF, 0xF0, 0x1F, 0xFF, 0xFF, 0xFF, 0xE0,
  0x3F, 0xFF, 0xFF, 0xFF, 0xC0, 0x7F, 0xFF, 0xFF, 0xFF, 0x80, 0xFF, 0xFF,
  0xFF, 0xFF, 0x01, 0xFF, 0xFF, 0xFF, 0xFE, 0x03, 0xFF, 0xFF, 0xFF, 0xFC,
  0x07, 0xFF, 0xFF, 0xFF, 0xF8, 0x0F, 0xFF, 0xFF, 0xFF, 0xF0, 0x1F, 0xFC,
  0x00, 0x00, 0x00, 0x3F, 0xF8, 0x00, 0x00, 0x00, 0x7F, 0xF0, 0x00, 0x00,
  0x00, 0xFF, 0xE0, 0x00, 0x00, 0x01, 0xFF, 0xC0, 0x00, 0x00, 0x03, 0xFF,
  0x80, 0x00, 0x00, 0x07, 0xFF, 0x00, 0x00, 0x00, 0x0F, 0xFE, 0x00, 0x00,
  0x00, 0x1F, 0xFC, 0x00, 0x00, 0x00, 0x3F, 0xFF, 0xFF, 0xFF, 0x00, 0x7F,
  0xFF, 0xFF, 0xFF, 0x00, 0xFF, 0xFF, 0xFF, 0xFE, 0x01, 0xFF, 0xFF, 0xFF,
  0xFC, 0x03, 0xFF, 0xFF, 0xFF, 0xF8, 0x07, 0xFF, 0xFF, 0xFF, 0xF0, 0x0F,
  0xFF, 0xFF, 0xFF, 0xE0, 0x1F, 0xFF, 0xFF, 0xFF, 0xC0, 0x3F, 0xFF, 0xFF,
  0xFF, 0x00, 0x7F, 0xF0, 0x00, 0x00, 0x00, 0xFF, 0xE0, 0x00, 0x00, 0x01,
  0xFF, 0xC0, 0x00, 0x00, 0x03, 0xFF, 0x80, 0x00, 0x00, 0x07, 0xFF, 0x00,
  0x00, 0x00, 0x0F, 0xFE, 0x00, 0x00, 0x00, 0x1F, 0xFC, 0x00, 0x00, 0x00,
  0x3F, 0xF8, 0x00, 0x00, 0x00, 0x7F, 0xFF, 0xFF, 0xFF, 0x80, 0xFF, 0xFF,
  0xFF, 0xFF, 0x81, 0xFF, 0xFF, 0xFF, 0xFF, 0x03, 0xFF, 0xFF, 0xFF, 0xFE,
  0x07, 0xFF, 0xFF, 0xFF, 0xFC, 0x0F, 0xFF, 0xFF, 0xFF, 0xF8, 0x1F, 0xFF,
  0xFF, 0xFF, 0xF0, 0x3F, 0xFF, 0xFF, 0xFF, 0xE0, 0x7F, 0xFF, 0xFF, 0xFF,
  0x80, 0x0F, 0xFF, 0xFF, 0xFF, 0xE0, 0x3F, 0xFF, 0xFF, 0xFF, 0xC0, 0xFF,
  0xFF, 0xFF, 0xFF, 0x03, 0xFF, 0xFF, 0xFF, 0xFC, 0x0F, 0xFF, 0xFF, 0xFF,
  0xF0, 0x3F, 0xFF, 0xFF, 0xFF, 0xC0, 0xFF, 0xFF, 0xFF, 0xFF, 0x03, 0xFF,
  0xFF, 0xFF, 0xFC, 0x0F, 0xFF, 0xFF, 0xFF, 0xE0, 0x3F, 0xF8, 0x00, 0x00,
  0x00, 0xFF, 0xE0, 0x00, 0x00, 0x03, 0xFF, 0x80, 0x00, 0x00, 0x0F, 0xFE,
  0x00, 0x00, 0x00, 0x3F, 0xF8, 0x00, 0x00, 0x00, 0xFF, 0xE0, 0x00, 0x00,
  0x03, 0xFF, 0x80, 0x00, 0x00, 0x0F, 0xFE, 0x00, 0x00, 0x00, 0x3F, 0xF8,
  0x00, 0x00, 0x00, 0xFF, 0xE0, 0x00, 0x00, 0x03, 0xFF, 0xFF, 0xFF, 0xF0,
  0x0F, 0xFF, 0xFF, 0xFF, 0xE0, 0x3F, 0xFF, 0xFF, 0xFF, 0x80, 0xFF, 0xFF,
  0xFF, 0xFE, 0x03, 0xFF, 0xFF, 0xFF, 0xF8, 0x0F, 0xFF, 0xFF, 0xFF, 0xE0,
  0x3F, 0xFF, 0xFF, 0xFF, 0x80, 0xFF, 0xFF, 0xFF, 0xFE, 0x03, 0xFF, 0xFF,
  0xFF, 0xF0, 0x0F, 0xFE, 0x00, 0x00, 0x00, 0x3F, 0xF8, 0x00, 0x00, 0x00,
  0xFF, 0xE0, 0x00, 0x00, 0x03, 0xFF, 0x80, 0x00, 0x00, 0x0F, 0xFE, 0x00,
  0x00, 0x00, 0x3F, 0xF8, 0x00, 0x00, 0x00, 0xFF, 0xE0, 0x00, 0x00, 0x03,
  0xFF, 0x80, 0x00, 0x00, 0x0F, 0xFE, 0x00, 0x00, 0x00, 0x3F, 0xF8, 0x00,
  0x00, 0x00, 0xFF, 0xE0, 0x00, 0x00, 0x03, 0xFF, 0x80, 0x00, 0x00, 0x0F,
  0xFE, 0x00, 0x00, 0x00, 0x3F, 0xF8, 0x00, 0x00, 0x00, 0xFF, 0xE0, 0x00,
  0x00, 0x03, 0xFF, 0x80, 0x00, 0x00, 0x00, 0x00, 0x1F, 0x80, 0x00, 0x00,
  0x00, 0x1F, 0xFF, 0xE0, 0x00, 0x00, 0x03, 0xFF, 0xFF, 0xE0, 0x00, 0x00,
  0x7F, 0xFF, 0xFF, 0xC0, 0x00, 0x0F, 0xFF, 0xFF, 0xFF, 0x00, 0x00, 0xFF,
  0xFF, 0xFF, 0xFE, 0x00, 0x0F, 0xFF, 0xFF, 0xFF, 0xF8, 0x00, 0x7F, 0xFF,
  0xFF, 0xFF, 0xE0, 0x07, 0xFF, 0xFF, 0xFF, 0xFF, 0x00, 0x7F, 0xFF, 0xFF,
  0xFF, 0xFC, 0x03, 0xFF, 0xF0, 0x0F, 0xFF, 0xE0, 0x1F, 0xFE, 0x00, 0x3F,
  0xFF, 0x81, 0xFF, 0xE0, 0x00, 0xFF, 0xFC, 0x0F, 0xFF, 0x00, 0x03, 0xFF,
  0xE0, 0x7F, 0xF0, 0x00, 0x0F, 0xFF, 0x03, 0xFF, 0x80, 0x00, 0x00, 0x00,
  0x1F, 0xFC, 0x00, 0x00, 0x00, 0x00, 0xFF, 0xE0, 0x00, 0x00, 0x00, 0x07,
  0xFF, 0x00, 0x00, 0x00, 0x00, 0x3F, 0xF8, 0x00, 0x00, 0x00, 0x01, 0xFF,
  0xC0, 0x0F, 0xFF, 0xFC, 0x0F, 0xFE, 0x00, 0xFF, 0xFF, 0xE0, 0x7F, 0xF0,
  0x07, 0xFF, 0xFF, 0x03, 0xFF, 0x80, 0x3F, 0xFF, 0xF8, 0x1F, 0xFC, 0x01,
  0xFF, 0xFF, 0xC0, 0xFF, 0xE0, 0x0F, 0xFF, 0xFE, 0x07, 0xFF, 0x00, 0x7F,
  0xFF, 0xF0, 0x3F, 0xF8, 0x01, 0xFF, 0xFF, 0x81, 0xFF, 0xC0, 0x00, 0x1F,
  0xFC, 0x0F, 0xFE, 0x00, 0x00, 0xFF, 0xE0, 0x7F, 0xF0, 0x00, 0x07, 0xFF,
  0x03, 0xFF, 0xC0, 0x00, 0x3F, 0xF8, 0x1F, 0xFE, 0x00, 0x03, 0xFF, 0xC0,
  0xFF, 0xF0, 0x00, 0x1F, 0xFE, 0x03, 0xFF, 0xC0, 0x01, 0xFF, 0xE0, 0x1F,
  0xFF, 0x80, 0x3F, 0xFF, 0x00, 0x7F, 0xFF, 0xFF, 0xFF, 0xF0, 0x03, 0xFF,
  0xFF, 0xFF, 0xFF, 0x80, 0x0F, 0xFF, 0xFF, 0xFF, 0xF8, 0x00, 0x7F, 0xFF,
  0xFF, 0xFF, 0x80, 0x01, 0xFF, 0xFF, 0xFF, 0xF8, 0x00, 0x03, 0xFF, 0xFF,
  0xFF, 0x80, 0x00, 0x0F, 0xFF, 0xFF, 0xF8, 0x00, 0x00, 0x1F, 0xFF, 0xFF,
  0x00, 0x00, 0x00, 0x3F, 0xFF, 0xC0, 0x00, 0x00, 0x00, 0x0F, 0xC0, 0x00,
  0x00, 0x0F, 0xFE, 0x00, 0x03, 0xFF, 0x80, 0x7F, 0xF0, 0x00, 0x1F, 0xFC,
  0x03, 0xFF, 0x80, 0x00, 0xFF, 0xE0, 0x1F, 0xFC, 0x00, 0x07, 0xFF, 0x00,
  0xFF, 0xE0, 0x00, 0x3F, 0xF8, 0x07, 0xFF, 0x00, 0x01, 0xFF, 0xC0, 0x3F,
  0xF8, 0x00, 0x0F, 0xFE, 0x01, 0xFF, 0xC0, 0x00, 0x7F, 0xF0, 0x0F, 0xFE,
  0x00, 0x03, 0xFF, 0x80, 0x7F, 0xF0, 0x00, 0x1F, 0xFC, 0x03, 0xFF, 0x80,
  0x00, 0xFF, 0xE0, 0x1F, 0xFC, 0x00, 0x07, 0xFF, 0x00, 0xFF, 0xE0, 0x00,
  0x3F, 0xF8, 0x07, 0xFF, 0x00, 0x01, 0xFF, 0xC0, 0x3F, 0xF8, 0x00, 0x0F,
  0xFE, 0x01, 0xFF, 0xC0, 0x00, 0x7F, 0xF0, 0x0F, 0xFE, 0x00, 0x03, 0xFF,
  0x80, 0x7F, 0xFF, 0xFF, 0xFF, 0xFC, 0x03, 0xFF, 0xFF, 0xFF, 0xFF, 0xE0,
  0x1F, 0xFF, 0xFF, 0xFF, 0xFF, 0x00, 0xFF, 0xFF, 0xFF, 0xFF, 0xF8, 0x07,
  0xFF, 0xFF, 0xFF, 0xFF, 0xC0, 0x3F, 0xFF, 0xFF, 0xFF, 0xFE, 0x01, 0xFF,
  0xFF, 0xFF, 0xFF, 0xF0, 0x0F, 0xFF, 0xFF, 0xFF, 0xFF, 0x80, 0x7F, 0xFF,
  0xFF, 0xFF, 0xFC, 0x03, 0xFF, 0xFF, 0xFF, 0xFF, 0xE0, 0x1F, 0xFC, 0x00,
  0x07, 0xFF, 0x00, 0xFF, 0xE0, 0x00, 0x3F, 0xF8, 0x07, 0xFF, 0x00, 0x01,
  0xFF, 0xC0, 0x3F, 0xF8, 0x00, 0x0F, 0xFE, 0x01, 0xFF, 0xC0, 0x00, 0x7F,
  0xF0, 0x0F, 0xFE, 0x00, 0x03, 0xFF, 0x80, 0x7F, 0xF0, 0x00, 0x1F, 0xFC,
  0x03, 0xFF, 0x80, 0x00, 0xFF, 0xE0, 0x1F, 0xFC, 0x00, 0x07, 0xFF, 0x00,
  0xFF, 0xE0, 0x00, 0x3F, 0xF8, 0x07, 0xFF, 0x00, 0x01, 0xFF, 0xC0, 0x3F,
  0xF8, 0x00, 0x0F, 0xFE, 0x01, 0xFF, 0xC0, 0x00, 0x7F, 0xF0, 0x0F, 0xFE,
  0x00, 0x03, 0xFF, 0x80, 0x7F, 0xF0, 0x00, 0x1F, 0xFC, 0x03, 0xFF, 0x80,
  0x00, 0xFF, 0xE0, 0x1F, 0xF8, 0x00, 0x07, 0xFF, 0x00, 0x0F, 0xFE, 0x01,
  0xFF, 0xC0, 0x3F, 0xF8, 0x07, 0xFF, 0x00, 0xFF, 0xE0, 0x1F, 0xFC, 0x03,
  0xFF, 0x80, 0x7F, 0xF0, 0x0F, 0xFE, 0x01, 0xFF, 0xC0, 0x3F, 0xF8, 0x07,
  0xFF, 0x00, 0xFF, 0xE0, 0x1F, 0xFC, 0x03, 0xFF, 0x80, 0x7F, 0xF0, 0x0F,
  0xFE, 0x01, 0xFF, 0xC0, 0x3F, 0xF8, 0x07, 0xFF, 0x00, 0xFF, 0xE0, 0x1F,
  0xFC, 0x03, 0xFF, 0x80, 0x7F, 0xF0, 0x0F, 0xFE, 0x01, 0xFF, 0xC0, 0x3F,
  0xF8, 0x07, 0xFF, 0x00, 0xFF, 0xE0, 0x1F, 0xFC, 0x03, 0xFF, 0x80, 0x7F,
  0xF0, 0x0F, 0xFE, 0x01, 0xFF, 0xC0, 0x3F, 0xF8, 0x07, 0xFF, 0x00, 0xFF,
  0xE0, 0x1F, 0xFC, 0x03, 0xFF, 0x80, 0x7F, 0xF0, 0x0F, 0xFE, 0x01, 0xFF,
  0xC0, 0x3F, 0xF8, 0x07, 0xFF, 0x00, 0x07, 0xFF, 0xFF, 0xFF, 0xFC, 0x03,
  0xFF, 0xFF, 0xFF, 0xFF, 0x00, 0xFF, 0xFF, 0xFF, 0xFF, 0xC0, 0x3F, 0xFF,
  0xFF, 0xFF, 0xF0, 0x0F, 0xFF, 0xFF, 0xFF, 0xFC, 0x03, 0xFF, 0xFF, 0xFF,
  0xFF, 0x00, 0xFF, 0xFF, 0xFF, 0xFF, 0xC0, 0x3F, 0xFF, 0xFF, 0xFF, 0xF0,
  0x07, 0xFF, 0xFF, 0xFF, 0xFC, 0x00, 0x00, 0x00, 0x0F, 0xFF, 0x00, 0x00,
  0x00, 0x03, 0xFF, 0xC0, 0x00, 0x00, 0x00, 0xFF, 0xF0, 0x00, 0x00, 0x00,
  0x3F, 0xFC, 0x00, 0x00, 0x00, 0x0F, 0xFF, 0x00, 0x00, 0x00, 0x03, 0xFF,
  0xC0, 0x00, 0x00, 0x00, 0xFF, 0xF0, 0x00, 0x00, 0x00, 0x3F, 0xFC, 0x00,
  0x00, 0x00, 0x0F, 0xFF, 0x00, 0x00, 0x00, 0x03, 0xFF, 0xC0, 0x00, 0x00,
  0x00, 0xFF, 0xF0, 0x00, 0x00, 0x00, 0x3F, 0xFC, 0x00, 0x00, 0x00, 0x0F,
  0xFF, 0x00, 0x00, 0x00, 0x03, 0xFF, 0xC0, 0x00, 0x00, 0x00, 0xFF, 0xF0,
  0x00, 0x00, 0x00, 0x3F, 0xFC, 0x00, 0x00, 0x00, 0x0F, 0xFF, 0x00, 0x00,
  0x00, 0x03, 0xFF, 0xC0, 0x00, 0x00, 0x00, 0xFF, 0xF0, 0x00, 0x00, 0x00,
  0x3F, 0xFC, 0x0F, 0xFE, 0x00, 0x0F, 0xFF, 0x07, 0xFF, 0x80, 0x03, 0xFF,
  0xC1, 0xFF, 0xF0, 0x01, 0xFF, 0xF0, 0x3F, 0xFC, 0x00, 0x7F, 0xFC, 0x0F,
  0xFF, 0x80, 0x3F, 0xFE, 0x03, 0xFF, 0xF0, 0x1F, 0xFF, 0x80, 0xFF, 0xFF,
  0xFF, 0xFF, 0xE0, 0x1F, 0xFF, 0xFF, 0xFF, 0xF0, 0x03, 0xFF, 0xFF, 0xFF,
  0xF8, 0x00, 0xFF, 0xFF, 0xFF, 0xFE, 0x00, 0x1F, 0xFF, 0xFF, 0xFF, 0x00,
  0x03, 0xFF, 0xFF, 0xFF, 0x80, 0x00, 0x3F, 0xFF, 0xFF, 0x80, 0x00, 0x03,
  0xFF, 0xFF, 0xC0, 0x00, 0x00, 0x3F, 0xFF, 0x80, 0x00, 0x00, 0x00, 0x7C,
  0x00, 0x00, 0x00, 0x0F, 0xFE, 0x00, 0x1F, 0xFE, 0x07, 0xFF, 0x00, 0x1F,
  0xFF, 0x03, 0xFF, 0x80, 0x1F, 0xFF, 0x81, 0xFF, 0xC0, 0x1F, 0xFF, 0x80,
  0xFF, 0xE0, 0x0F, 0xFF, 0x80, 0x7F, 0xF0, 0x0F, 0xFF, 0x80, 0x3F, 0xF8,
  0x0F, 0xFF, 0x80, 0x1F, 0xFC, 0x0F, 0xFF, 0xC0, 0x0F, 0xFE, 0x0F, 0xFF,
  0xC0, 0x07, 0xFF, 0x07, 0xFF, 0xC0, 0x03, 0xFF, 0x87, 0xFF, 0xC0, 0x01,
  0xFF, 0xC7, 0xFF, 0xE0, 0x00, 0xFF, 0xE7, 0xFF, 0xE0, 0x00, 0x7F, 0xF7,
  0xFF, 0xE0, 0x00, 0x3F, 0xFB, 0xFF, 0xE0, 0x00, 0x1F, 0xFF, 0xFF, 0xE0,
  0x00, 0x0F, 0xFF, 0xFF, 0xF0, 0x00, 0x07, 0xFF, 0xFF, 0xF0, 0x00, 0x03,
  0xFF, 0xFF, 0xF0, 0x00, 0x01, 0xFF, 0xFF, 0xF0, 0x00, 0x00, 0xFF, 0xFF,
  0xF0, 0x00, 0x00, 0x7F, 0xFF, 0xF8, 0x00, 0x00, 0x3F, 0xFF, 0xFE, 0x00,
  0x00, 0x1F, 0xFF, 0xFF, 0x80, 0x00, 0x0F, 0xFF, 0xFF, 0xE0, 0x00, 0x07,
  0xFF, 0xFF, 0xF0, 0x00, 0x03, 0xFF, 0xFF, 0xFC, 0x00, 0x01, 0xFF, 0xFF,
  0xFF, 0x00, 0x00, 0xFF, 0xEF, 0xFF, 0xC0, 0x00, 0x7F, 0xF3, 0xFF, 0xE0,
  0x00, 0x3F, 0xF9, 0xFF, 0xF8, 0x00, 0x1F, 0xFC, 0x7F, 0xFE, 0x00, 0x0F,
  0xFE, 0x1F, 0xFF, 0x80, 0x07, 0xFF, 0x07, 0xFF, 0xE0, 0x03, 0xFF, 0x83,
  0xFF, 0xF0, 0x01, 0xFF, 0xC0, 0xFF, 0xFC, 0x00, 0xFF, 0xE0, 0x3F, 0xFF,
  0x00, 0x7F, 0xF0, 0x0F, 0xFF, 0xC0, 0x3F, 0xF8, 0x03, 0xFF, 0xE0, 0x1F,
  0xFC, 0x01, 0xFF, 0xF8, 0x0F, 0xFE, 0x00, 0x7F, 0xFE, 0x07, 0xFF, 0x00,
  0x1F, 0xFF, 0x83, 0xFF, 0x80, 0x07, 0xFF, 0xC1, 0xFF, 0xC0, 0x01, 0xFF,
  0xE0, 0x0F, 0xFE, 0x00, 0x00, 0x00, 0x7F, 0xF0, 0x00, 0x00, 0x03, 0xFF,
  0x80, 0x00, 0x00, 0x1F, 0xFC, 0x00, 0x00, 0x00, 0xFF, 0xE0, 0x00, 0x00,
  0x07, 0xFF, 0x00, 0x00, 0x00, 0x3F, 0xF8, 0x00, 0x00, 0x01, 0xFF, 0xC0,
  0x00, 0x00, 0x0F, 0xFE, 0x00, 0x00, 0x00, 0x7F, 0xF0, 0x00, 0x00, 0x03,
  0xFF, 0x80, 0x00, 0x00, 0x1F, 0xFC, 0x00, 0x00, 0x00, 0xFF, 0xE0, 0x00,
  0x00, 0x07, 0xFF, 0x00, 0x00, 0x00, 0x3F, 0xF8, 0x00, 0x00, 0x01, 0xFF,
  0xC0, 0x00, 0x00, 0x0F, 0xFE, 0x00, 0x00, 0x00, 0x7F, 0xF0, 0x00, 0x00,
  0x03, 0xFF, 0x80, 0x00, 0x00, 0x1F, 0xFC, 0x00, 0x00, 0x00, 0xFF, 0xE0,
  0x00, 0x00, 0x07, 0xFF, 0x00, 0x00, 0x00, 0x3F, 0xF8, 0x00, 0x00, 0x01,
  0xFF, 0xC0, 0x00, 0x00, 0x0F, 0xFE, 0x00, 0x00, 0x00, 0x7F, 0xF0, 0x00,
  0x00, 0x03, 0xFF, 0x80, 0x00, 0x00, 0x1F, 0xFC, 0x00, 0x00, 0x00, 0xFF,
  0xE0, 0x00, 0x00, 0x07, 0xFF, 0x00, 0x00, 0x00, 0x3F, 0xF8, 0x00, 0x00,
  0x01, 0xFF, 0xC0, 0x00, 0x00, 0x0F, 0xFE, 0x00, 0x00, 0x00, 0x7F, 0xF0,
  0x00, 0x00, 0x03, 0xFF, 0x80, 0x00, 0x00, 0x1F, 0xFF, 0xFF, 0xFF, 0xC0,
  0xFF, 0xFF, 0xFF, 0xFF, 0x07, 0xFF, 0xFF, 0xFF, 0xF8, 0x3F, 0xFF, 0xFF,
  0xFF, 0xC1, 0xFF, 0xFF, 0xFF, 0xFE, 0x0F, 0xFF, 0xFF, 0xFF, 0xF0, 0x7F,
  0xFF, 0xFF, 0xFF, 0x83, 0xFF, 0xFF, 0xFF, 0xFC, 0x1F, 0xFF, 0xFF, 0xFF,
  0xC0, 0x0F, 0xFC, 0x00, 0x00, 0x07, 0xFE, 0x01, 0xFF, 0xC0, 0x00, 0x01,
  0xFF, 0xC0, 0x3F, 0xF8, 0x00, 0x00, 0x3F, 0xF8, 0x07, 0xFF, 0x80, 0x00,
  0x0F, 0xFF, 0x00, 0xFF, 0xF0, 0x00, 0x01, 0xFF, 0xE0, 0x1F, 0xFF, 0x00,
  0x00, 0x7F, 0xFC, 0x03, 0xFF, 0xE0, 0x00, 0x1F, 0xFF, 0x80, 0x7F, 0xFE,
  0x00, 0x03, 0xFF, 0xF0, 0x0F, 0xFF, 0xE0, 0x00, 0xFF, 0xFE, 0x01, 0xFF,
  0xFC, 0x00, 0x1F, 0xFF, 0xC0, 0x3F, 0xFF, 0xC0, 0x07, 0xFF, 0xF8, 0x07,
  0xFF, 0xF8, 0x00, 0xFF, 0xFF, 0x00, 0xFF, 0xFF, 0x80, 0x3F, 0xFF, 0xE0,
  0x1F, 0xFF, 0xF0, 0x07, 0xFF, 0xFC, 0x03, 0xFF, 0xFF, 0x01, 0xFF, 0xFF,
  0x80, 0x7F, 0xFF, 0xE0, 0x7F, 0xFF, 0xF0, 0x0F, 0xFF, 0xFE, 0x0F, 0xFF,
  0xFE, 0x01, 0xFF, 0xFF, 0xE3, 0xFF, 0xFF, 0xC0, 0x3F, 0xFF, 0xFC, 0x7F,
  0xFF, 0xF8, 0x07, 0xFF, 0xFF, 0xDF, 0xFF, 0xFF, 0x00, 0xFF, 0xEF, 0xFB,
  0xFE, 0xFF, 0xE0, 0x1F, 0xFD, 0xFF, 0xFF, 0xDF, 0xFC, 0x03, 0xFF, 0x9F,
  0xFF, 0xF3, 0xFF, 0x80, 0x7F, 0xF3, 0xFF, 0xFE, 0x7F, 0xF0, 0x0F, 0xFE,
  0x3F, 0xFF, 0x8F, 0xFE, 0x01, 0xFF, 0xC7, 0xFF, 0xF1, 0xFF, 0xC0, 0x3F,
  0xF8, 0x7F, 0xFC, 0x3F, 0xF8, 0x07, 0xFF, 0x0F, 0xFF, 0x87, 0xFF, 0x00,
  0xFF, 0xE0, 0xFF, 0xE0, 0xFF, 0xE0, 0x1F, 0xFC, 0x1F, 0xFC, 0x1F, 0xFC,
  0x03, 0xFF, 0x81, 0xFF, 0x03, 0xFF, 0x80, 0x7F, 0xF0, 0x3F, 0xE0, 0x7F,
  0xF0, 0x0F, 0xFE, 0x03, 0xF8, 0x0F, 0xFE, 0x01, 0xFF, 0xC0, 0x3E, 0x01,
  0xFF, 0xC0, 0x3F, 0xF8, 0x00, 0x00, 0x3F, 0xF8, 0x07, 0xFF, 0x00, 0x00,
  0x07, 0xFF, 0x00, 0xFF, 0xE0, 0x00, 0x00, 0xFF, 0xE0, 0x1F, 0xFC, 0x00,
  0x00, 0x1F, 0xFC, 0x03, 0xFF, 0x80, 0x00, 0x03, 0xFF, 0x80, 0x7F, 0xF0,
  0x00, 0x00, 0x7F, 0xF0, 0x0F, 0xFE, 0x00, 0x00, 0x0F, 0xFE, 0x01, 0xFF,
  0xC0, 0x00, 0x01, 0xFF, 0xC0, 0x3F, 0xF8, 0x00, 0x00, 0x3F, 0xF8, 0x07,
  0xFE, 0x00, 0x00, 0x07, 0xFE, 0x00, 0x0F, 0xFC, 0x00, 0x07, 0xFF, 0x00,
  0xFF, 0xC0, 0x00, 0x7F, 0xF0, 0x0F, 0xFE, 0x00, 0x07, 0xFF, 0x00, 0xFF,
  0xF0, 0x00, 0x7F, 0xF0, 0x0F, 0xFF, 0x00, 0x07, 0xFF, 0x00, 0xFF, 0xF8,
  0x00, 0x7F, 0xF0, 0x0F, 0xFF, 0xC0, 0x07, 0xFF, 0x00, 0xFF, 0xFC, 0x00,
  0x7F, 0xF0, 0x0F, 0xFF, 0xE0, 0x07, 0xFF, 0x00, 0xFF, 0xFE, 0x00, 0x7F,
  0xF0, 0x0F, 0xFF, 0xF0, 0x07, 0xFF, 0x00, 0xFF, 0xFF, 0x80, 0x7F, 0xF0,
  0x0F, 0xFF, 0xF8, 0x07, 0xFF, 0x00, 0xFF, 0xFF, 0xC0, 0x7F, 0xF0, 0x0F,
  0xFF, 0xFE, 0x07, 0xFF, 0x00, 0xFF, 0xFF, 0xE0, 0x7F, 0xF0, 0x0F, 0xFF,
  0xFF, 0x07, 0xFF, 0x00, 0xFF, 0xFF, 0xF0, 0x7F, 0xF0, 0x0F, 0xFF, 0xFF,
  0x87, 0xFF, 0x00, 0xFF, 0xFF, 0xFC, 0x7F, 0xF0, 0x0F, 0xFF, 0xFF, 0xC7,
  0xFF, 0x00, 0xFF, 0xEF, 0xFE, 0x7F, 0xF0, 0x0F, 0xFE, 0x7F, 0xF7, 0xFF,
  0x00, 0xFF, 0xE7, 0xFF, 0x7F, 0xF0, 0x0F, 0xFE, 0x3F, 0xFF, 0xFF, 0x00,
  0xFF, 0xE1, 0xFF, 0xFF, 0xF0, 0x0F, 0xFE, 0x1F, 0xFF, 0xFF, 0x00, 0xFF,
  0xE0, 0xFF, 0xFF, 0xF0, 0x0F, 0xFE, 0x07, 0xFF, 0xFF, 0x00, 0xFF, 0xE0,
  0x7F, 0xFF, 0xF0, 0x0F, 0xFE, 0x03, 0xFF, 0xFF, 0x00, 0xFF, 0xE0, 0x3F,
  0xFF, 0xF0, 0x0F, 0xFE, 0x01, 0xFF, 0xFF, 0x00, 0xFF, 0xE0, 0x0F, 0xFF,
  0xF0, 0x0F, 0xFE, 0x00, 0xFF, 0xFF, 0x00, 0xFF, 0xE0, 0x07, 0xFF, 0xF0,
  0x0F, 0xFE, 0x00, 0x3F, 0xFF, 0x00, 0xFF, 0xE0, 0x03, 0xFF, 0xF0, 0x0F,
  0xFE, 0x00, 0x1F, 0xFF, 0x00, 0xFF, 0xE0, 0x00, 0xFF, 0xF0, 0x0F, 0xFE,
  0x00, 0x0F, 0xFF, 0x00, 0xFF, 0xE0, 0x00, 0x7F, 0xF0, 0x0F, 0xFE, 0x00,
  0x03, 0xFF, 0x00, 0xFF, 0xC0, 0x00, 0x3F, 0xF0, 0x00, 0x00, 0x1F, 0x80,
  0x00, 0x00, 0x00, 0x3F, 0xFF, 0xC0, 0x00, 0x00, 0x0F, 0xFF, 0xFF, 0x00,
  0x00, 0x03, 0xFF, 0xFF, 0xFC, 0x00, 0x00, 0x7F, 0xFF, 0xFF, 0xE0, 0x00,
  0x1F, 0xFF, 0xFF, 0xFF, 0x00, 0x01, 0xFF, 0xFF, 0xFF, 0xF8, 0x00, 0x3F,
  0xFF, 0xFF, 0xFF, 0xC0, 0x07, 0xFF, 0xFF, 0xFF, 0xFE, 0x00, 0x7F, 0xFF,
  0xFF, 0xFF, 0xE0, 0x0F, 0xFF, 0xE0, 0x3F, 0xFF, 0x00, 0xFF, 0xF8, 0x00,
  0xFF, 0xF0, 0x1F, 0xFF, 0x80, 0x07, 0xFF, 0x81, 0xFF, 0xF0, 0x00, 0x7F,
  0xF8, 0x1F, 0xFF, 0x00, 0x07, 0xFF, 0x81, 0xFF, 0xE0, 0x00, 0x3F, 0xF8,
  0x1F, 0xFE, 0x00, 0x03, 0xFF, 0x81, 0xFF, 0xE0, 0x00, 0x3F, 0xF8, 0x1F,
  0xFE, 0x00, 0x03, 0xFF, 0x81, 0xFF, 0xE0, 0x00, 0x3F, 0xF8, 0x1F, 0xFE,
  0x00, 0x03, 0xFF, 0x81, 0xFF, 0xE0, 0x00, 0x3F, 0xF8, 0x1F, 0xFE, 0x00,
  0x03, 0xFF, 0x81, 0xFF, 0xE0, 0x00, 0x3F, 0xF8, 0x1F, 0xFE, 0x00, 0x03,
  0xFF, 0x81, 0xFF, 0xE0, 0x00, 0x3F, 0xF8, 0x1F, 0xFE, 0x00, 0x03, 0xFF,
  0x81, 0xFF, 0xE0, 0x00, 0x3F, 0xF8, 0x1F, 0xFE, 0x00, 0x03, 0xFF, 0x81,
  0xFF, 0xE0, 0x00, 0x3F, 0xF8, 0x1F, 0xFE, 0x00, 0x03, 0xFF, 0x81, 0xFF,
  0xF0, 0x00, 0x7F, 0xF8, 0x1F, 0xFF, 0x00, 0x07, 0xFF, 0x81, 0xFF, 0xF0,
  0x00, 0x7F, 0xF8, 0x0F, 0xFF, 0x80, 0x0F, 0xFF, 0x00, 0xFF, 0xFE, 0x03,
  0xFF, 0xF0, 0x0F, 0xFF, 0xFF, 0xFF, 0xFF, 0x00, 0x7F, 0xFF, 0xFF, 0xFF,
  0xE0, 0x03, 0xFF, 0xFF, 0xFF, 0xFC, 0x00, 0x3F, 0xFF, 0xFF, 0xFF, 0xC0,
  0x01, 0xFF, 0xFF, 0xFF, 0xF8, 0x00, 0x0F, 0xFF, 0xFF, 0xFF, 0x00, 0x00,
  0x3F, 0xFF, 0xFF, 0xC0, 0x00, 0x01, 0xFF, 0xFF, 0xF0, 0x00, 0x00, 0x03,
  0xFF, 0xFC, 0x00, 0x00, 0x00, 0x01, 0xF8, 0x00, 0x00, 0x0F, 0xFF, 0xFF,
  0xF8, 0x00, 0x03, 0xFF, 0xFF, 0xFF, 0xC0, 0x00, 0xFF, 0xFF, 0xFF, 0xFC,
  0x00, 0x3F, 0xFF, 0xFF, 0xFF, 0x80, 0x0F, 0xFF, 0xFF, 0xFF, 0xF0, 0x03,
  0xFF, 0xFF, 0xFF, 0xFE, 0x00, 0xFF, 0xFF, 0xFF, 0xFF, 0xC0, 0x3F, 0xFF,
  0xFF, 0xFF, 0xF8, 0x0F, 0xFF, 0xFF, 0xFF, 0xFE, 0x03, 0xFF, 0xC0, 0x1F,
  0xFF, 0x80, 0xFF, 0xF0, 0x01, 0xFF, 0xF0, 0x3F, 0xFC, 0x00, 0x7F, 0xFC,
  0x0F, 0xFF, 0x00, 0x0F, 0xFF, 0x03, 0xFF, 0xC0, 0x03, 0xFF, 0xC0, 0xFF,
  0xF0, 0x00, 0xFF, 0xF0, 0x3F, 0xFC, 0x00, 0x3F, 0xFC, 0x0F, 0xFF, 0x00,
  0x0F, 0xFF, 0x03, 0xFF, 0xC0, 0x07, 0xFF, 0xC0, 0xFF, 0xF0, 0x01, 0xFF,
  0xF0, 0x3F, 0xFC, 0x01, 0xFF, 0xF8, 0x0F, 0xFF, 0xFF, 0xFF, 0xFE, 0x03,
  0xFF, 0xFF, 0xFF, 0xFF, 0x80, 0xFF, 0xFF, 0xFF, 0xFF, 0xC0, 0x3F, 0xFF,
  0xFF, 0xFF, 0xE0, 0x0F, 0xFF, 0xFF, 0xFF, 0xF8, 0x03, 0xFF, 0xFF, 0xFF,
  0xFC, 0x00, 0xFF, 0xFF, 0xFF, 0xFC, 0x00, 0x3F, 0xFF, 0xFF, 0xFC, 0x00,
  0x0F, 0xFF, 0xFF, 0xF8, 0x00, 0x03, 0xFF, 0xC0, 0x00, 0x00, 0x00, 0xFF,
  0xF0, 0x00, 0x00, 0x00, 0x3F, 0xFC, 0x00, 0x00, 0x00, 0x0F, 0xFF, 0x00,
  0x00, 0x00, 0x03, 0xFF, 0xC0, 0x00, 0x00, 0x00, 0xFF, 0xF0, 0x00, 0x00,
  0x00, 0x3F, 0xFC, 0x00, 0x00, 0x00, 0x0F, 0xFF, 0x00, 0x00, 0x00, 0x03,
  0xFF, 0xC0, 0x00, 0x00, 0x00, 0xFF, 0xF0, 0x00, 0x00, 0x00, 0x3F, 0xFC,
  0x00, 0x00, 0x00, 0x0F, 0xFF, 0x00, 0x00, 0x00, 0x03, 0xFF, 0xC0, 0x00,
  0x00, 0x00, 0xFF, 0xF0, 0x00, 0x00, 0x00, 0x3F, 0xFC, 0x00, 0x00, 0x00,
  0x00, 0x00, 0x1F, 0x80, 0x00, 0x00, 0x00, 0x3F, 0xFF, 0xC0, 0x00, 0x00,
  0x0F, 0xFF, 0xFF, 0x00, 0x00, 0x03, 0xFF, 0xFF, 0xFC, 0x00, 0x00, 0x7F,
  0xFF, 0xFF, 0xE0, 0x00, 0x1F, 0xFF, 0xFF, 0xFF, 0x00, 0x01, 0xFF, 0xFF,
  0xFF, 0xF8, 0x00, 0x3F, 0xFF, 0xFF, 0xFF, 0xC0, 0x07, 0xFF, 0xFF, 0xFF,
  0xFE, 0x00, 0x7F, 0xFF, 0xFF, 0xFF, 0xE0, 0x0F, 0xFF, 0xE0, 0x3F, 0xFF,
  0x00, 0xFF, 0xF8, 0x00, 0xFF, 0xF0, 0x1F, 0xFF, 0x00, 0x0F, 0xFF, 0x01,
  0xFF, 0xF0, 0x00, 0x7F, 0xF8, 0x1F, 0xFF, 0x00, 0x07, 0xFF, 0x81, 0xFF,
  0xE0, 0x00, 0x3F, 0xF8, 0x1F, 0xFE, 0x00, 0x03, 0xFF, 0x81, 0xFF, 0xE0,
  0x00, 0x3F, 0xF8, 0x1F, 0xFE, 0x00, 0x03, 0xFF, 0x81, 0xFF, 0xE0, 0x00,
  0x3F, 0xF8, 0x1F, 0xFE, 0x00, 0x03, 0xFF, 0x81, 0xFF, 0xE0, 0x00, 0x3F,
  0xF8, 0x1F, 0xFE, 0x00, 0x03, 0xFF, 0x81, 0xFF, 0xE0, 0x00, 0x3F, 0xF8,
  0x1F, 0xFE, 0x00, 0x03, 0xFF, 0x81, 0xFF, 0xE0, 0x00, 0x3F, 0xF8, 0x1F,
  0xFE, 0x00, 0x03, 0xFF, 0x81, 0xFF, 0xE0, 0x00, 0x3F, 0xF8, 0x1F, 0xFE,
  0x00, 0x03, 0xFF, 0x81, 0xFF, 0xE0, 0x00, 0x3F, 0xF8, 0x1F, 0xFE, 0x00,
  0x03, 0xFF, 0x81, 0xFF, 0xF0, 0x00, 0x7F, 0xF8, 0x1F, 0xFF, 0x00, 0x07,
  0xFF, 0x81, 0xFF, 0xF0, 0x00, 0x7F, 0xF0, 0x0F, 0xFF, 0x80, 0x0F, 0xFF,
  0x00, 0xFF, 0xFE, 0x03, 0xFF, 0xF0, 0x07, 0xFF, 0xFF, 0xFF, 0xFE, 0x00,
  0x7F, 0xFF, 0xFF, 0xFF, 0xE0, 0x03, 0xFF, 0xFF, 0xFF, 0xFC, 0x00, 0x3F,
  0xFF, 0xFF, 0xFF, 0xC0, 0x01, 0xFF, 0xFF, 0xFF, 0xF8, 0x00, 0x0F, 0xFF,
  0xFF, 0xFF, 0xC0, 0x00, 0x3F, 0xFF, 0xFF, 0xFC, 0x00, 0x00, 0xFF, 0xFF,
  0xFF, 0xE0, 0x00, 0x03, 0xFF, 0xFF, 0xFF, 0x00, 0x00, 0x01, 0xF8, 0xFF,
  0xF0, 0x00, 0x00, 0x00, 0x07, 0xFF, 0x80, 0x00, 0x00, 0x00, 0x3F, 0xFC,
  0x00, 0x00, 0x00, 0x01, 0xFF, 0x80, 0x0F, 0xFF, 0xFF, 0xF8, 0x00, 0x01,
  0xFF, 0xFF, 0xFF, 0xE0, 0x00, 0x3F, 0xFF, 0xFF, 0xFF, 0x00, 0x07, 0xFF,
  0xFF, 0xFF, 0xF0, 0x00, 0xFF, 0xFF, 0xFF, 0xFF, 0x00, 0x1F, 0xFF, 0xFF,
  0xFF, 0xF0, 0x03, 0xFF, 0xFF, 0xFF, 0xFF, 0x00, 0x7F, 0xFF, 0xFF, 0xFF,
  0xF0, 0x0F, 0xFF, 0xFF, 0xFF, 0xFE, 0x01, 0xFF, 0xC0, 0x0F, 0xFF, 0xC0,
  0x3F, 0xF8, 0x00, 0xFF, 0xFC, 0x07, 0xFF, 0x00, 0x0F, 0xFF, 0x80, 0xFF,
  0xE0, 0x00, 0xFF, 0xF0, 0x1F, 0xFC, 0x00, 0x1F, 0xFE, 0x03, 0xFF, 0x80,
  0x03, 0xFF, 0xC0, 0x7F, 0xF0, 0x00, 0x7F, 0xF8, 0x0F, 0xFE, 0x00, 0x0F,
  0xFF, 0x01, 0xFF, 0xC0, 0x03, 0xFF, 0xE0, 0x3F, 0xF8, 0x00, 0xFF, 0xFC,
  0x07, 0xFF, 0x00, 0x3F, 0xFF, 0x00, 0xFF, 0xFF, 0xFF, 0xFF, 0xE0, 0x1F,
  0xFF, 0xFF, 0xFF, 0xF8, 0x03, 0xFF, 0xFF, 0xFF, 0xFF, 0x00, 0x7F, 0xFF,
  0xFF, 0xFF, 0xC0, 0x0F, 0xFF, 0xFF, 0xFF, 0xF0, 0x01, 0xFF, 0xFF, 0xFF,
  0xFC, 0x00, 0x3F, 0xFF, 0xFF, 0xFE, 0x00, 0x07, 0xFF, 0xFF, 0xFF, 0x80,
  0x00, 0xFF, 0xFF, 0xFF, 0xF8, 0x00, 0x1F, 0xFC, 0x0F, 0xFF, 0x80, 0x03,
  0xFF, 0x80, 0xFF, 0xF0, 0x00, 0x7F, 0xF0, 0x1F, 0xFF, 0x00, 0x0F, 0xFE,
  0x01, 0xFF, 0xE0, 0x01, 0xFF, 0xC0, 0x1F, 0xFE, 0x00, 0x3F, 0xF8, 0x03,
  0xFF, 0xC0, 0x07, 0xFF, 0x00, 0x3F, 0xFC, 0x00, 0xFF, 0xE0, 0x07, 0xFF,
  0x80, 0x1F, 0xFC, 0x00, 0x7F, 0xF8, 0x03, 0xFF, 0x80, 0x0F, 0xFF, 0x80,
  0x7F, 0xF0, 0x00, 0xFF, 0xF0, 0x0F, 0xFE, 0x00, 0x1F, 0xFF, 0x01, 0xFF,
  0xC0, 0x01, 0xFF, 0xE0, 0x3F, 0xF8, 0x00, 0x3F, 0xFE, 0x07, 0xFF, 0x00,
  0x03, 0xFF, 0x80, 0x00, 0x00, 0x7E, 0x00, 0x00, 0x00, 0x03, 0xFF, 0xF8,
  0x00, 0x00, 0x0F, 0xFF, 0xFF, 0x00, 0x00, 0x1F, 0xFF, 0xFF, 0xE0, 0x00,
  0x1F, 0xFF, 0xFF, 0xF8, 0x00, 0x1F, 0xFF, 0xFF, 0xFE, 0x00, 0x1F, 0xFF,
  0xFF, 0xFF, 0x80, 0x0F, 0xFF, 0xFF, 0xFF, 0xE0, 0x0F, 0xFF, 0xFF, 0xFF,
  0xF0, 0x07, 0xFF, 0xFF, 0xFF, 0xFC, 0x07, 0xFF, 0xC0, 0x3F, 0xFE, 0x03,
  0xFF, 0xC0, 0x0F, 0xFF, 0x81, 0xFF, 0xC0, 0x03, 0xFF, 0xC0, 0xFF, 0xE0,
  0x01, 0xFF, 0xC0, 0x7F, 0xF0, 0x00, 0x00, 0x00, 0x3F, 0xFC, 0x00, 0x00,
  0x00, 0x1F, 0xFF, 0x00, 0x00, 0x00, 0x0F, 0xFF, 0xF0, 0x00, 0x00, 0x03,
  0xFF, 0xFF, 0x80, 0x00, 0x01, 0xFF, 0xFF, 0xFC, 0x00, 0x00, 0x7F, 0xFF,
  0xFF, 0xC0, 0x00, 0x1F, 0xFF, 0xFF, 0xFC, 0x00, 0x07, 0xFF, 0xFF, 0xFF,
  0x00, 0x01, 0xFF, 0xFF, 0xFF, 0xE0, 0x00, 0x3F, 0xFF, 0xFF, 0xF8, 0x00,
  0x07, 0xFF, 0xFF, 0xFC, 0x00, 0x00, 0x3F, 0xFF, 0xFF, 0x00, 0x00, 0x01,
  0xFF, 0xFF, 0x80, 0x00, 0x00, 0x0F, 0xFF, 0xE0, 0x00, 0x00, 0x01, 0xFF,
  0xF0, 0x00, 0x00, 0x00, 0x7F, 0xF8, 0x1F, 0xC0, 0x00, 0x1F, 0xFC, 0x3F,
  0xF8, 0x00, 0x0F, 0xFE, 0x1F, 0xFE, 0x00, 0x07, 0xFF, 0x0F, 0xFF, 0x80,
  0x07, 0xFF, 0x87, 0xFF, 0xE0, 0x07, 0xFF, 0xC1, 0xFF, 0xFF, 0xFF, 0xFF,
  0xC0, 0xFF, 0xFF, 0xFF, 0xFF, 0xE0, 0x3F, 0xFF, 0xFF, 0xFF, 0xE0, 0x1F,
  0xFF, 0xFF, 0xFF, 0xE0, 0x07, 0xFF, 0xFF, 0xFF, 0xE0, 0x01, 0xFF, 0xFF,
  0xFF, 0xE0, 0x00, 0x3F, 0xFF, 0xFF, 0xE0, 0x00, 0x07, 0xFF, 0xFF, 0xC0,
  0x00, 0x00, 0xFF, 0xFF, 0x80, 0x00, 0x00, 0x03, 0xF0, 0x00, 0x00, 0x7F,
  0xFF, 0xFF, 0xFF, 0xF9, 0xFF, 0xFF, 0xFF, 0xFF, 0xE7, 0xFF, 0xFF, 0xFF,
  0xFF, 0x9F, 0xFF, 0xFF, 0xFF, 0xFE, 0x7F, 0xFF, 0xFF, 0xFF, 0xF9, 0xFF,
  0xFF, 0xFF, 0xFF, 0xE7, 0xFF, 0xFF, 0xFF, 0xFF, 0x9F, 0xFF, 0xFF, 0xFF,
  0xFE, 0x7F, 0xFF, 0xFF, 0xFF, 0xF9, 0xFF, 0xFF, 0xFF, 0xFF, 0xE0, 0x00,
  0x3F, 0xF8, 0x00, 0x00, 0x00, 0xFF, 0xE0, 0x00, 0x00, 0x03, 0xFF, 0x80,
  0x00, 0x00, 0x0F, 0xFE, 0x00, 0x00, 0x00, 0x3F, 0xF8, 0x00, 0x00, 0x00,
  0xFF, 0xE0, 0x00, 0x00, 0x03, 0xFF, 0x80, 0x00, 0x00, 0x0F, 0xFE, 0x00,
  0x00, 0x00, 0x3F, 0xF8, 0x00, 0x00, 0x00, 0xFF, 0xE0, 0x00, 0x00, 0x03,
  0xFF, 0x80, 0x00, 0x00, 0x0F, 0xFE, 0x00, 0x00, 0x00, 0x3F, 0xF8, 0x00,
  0x00, 0x00, 0xFF, 0xE0, 0x00, 0x00, 0x03, 0xFF, 0x80, 0x00, 0x00, 0x0F,
  0xFE, 0x00, 0x00, 0x00, 0x3F, 0xF8, 0x00, 0x00, 0x00, 0xFF, 0xE0, 0x00,
  0x00, 0x03, 0xFF, 0x80, 0x00, 0x00, 0x0F, 0xFE, 0x00, 0x00, 0x00, 0x3F,
  0xF8, 0x00, 0x00, 0x00, 0xFF, 0xE0, 0x00, 0x00, 0x03, 0xFF, 0x80, 0x00,
  0x00, 0x0F, 0xFE, 0x00, 0x00, 0x00, 0x3F, 0xF8, 0x00, 0x00, 0x00, 0xFF,
  0xE0, 0x00, 0x00, 0x03, 0xFF, 0x80, 0x00, 0x00, 0x0F, 0xFE, 0x00, 0x00,
  0x00, 0x3F, 0xF8, 0x00, 0x00, 0x00, 0xFF, 0xE0, 0x00, 0x00, 0x03, 0xFF,
  0x80, 0x00, 0x00, 0x0F, 0xFE, 0x00, 0x00, 0x00, 0x3F, 0xF8, 0x00, 0x00,
  0x00, 0xFF, 0xE0, 0x00, 0x0F, 0xFE, 0x00, 0x03, 0xFF, 0x80, 0x7F, 0xF0,
  0x00, 0x1F, 0xFC, 0x03, 0xFF, 0x80, 0x00, 0xFF, 0xE0, 0x1F, 0xFC, 0x00,
  0x07, 0xFF, 0x00, 0xFF, 0xE0, 0x00, 0x3F, 0xF8, 0x07, 0xFF, 0x00, 0x01,
  0xFF, 0xC0, 0x3F, 0xF8, 0x00, 0x0F, 0xFE, 0x01, 0xFF, 0xC0, 0x00, 0x7F,
  0xF0, 0x0F, 0xFE, 0x00, 0x03, 0xFF, 0x80, 0x7F, 0xF0, 0x00, 0x1F, 0xFC,
  0x03, 0xFF, 0x80, 0x00, 0xFF, 0xE0, 0x1F, 0xFC, 0x00, 0x07, 0xFF, 0x00,
  0xFF, 0xE0, 0x00, 0x3F, 0xF8, 0x07, 0xFF, 0x00, 0x01, 0xFF, 0xC0, 0x3F,
  0xF8, 0x00, 0x0F, 0xFE, 0x01, 0xFF, 0xC0, 0x00, 0x7F, 0xF0, 0x0F, 0xFE,
  0x00, 0x03, 0xFF, 0x80, 0x7F, 0xF0, 0x00, 0x1F, 0xFC, 0x03, 0xFF, 0x80,
  0x00, 0xFF, 0xE0, 0x1F, 0xFC, 0x00, 0x07, 0xFF, 0x00, 0xFF, 0xE0, 0x00,
  0x3F, 0xF8, 0x07, 0xFF, 0x00, 0x01, 0xFF, 0xC0, 0x3F, 0xF8, 0x00, 0x0F,
  0xFE, 0x01, 0xFF, 0xC0, 0x00, 0x7F, 0xF0, 0x0F, 0xFE, 0x00, 0x03, 0xFF,
  0x80, 0x7F, 0xF0, 0x00, 0x1F, 0xFC, 0x03, 0xFF, 0x80, 0x00, 0xFF, 0xE0,
  0x1F, 0xFC, 0x00, 0x07, 0xFF, 0x00, 0xFF, 0xE0, 0x00, 0x3F, 0xF8, 0x07,
  0xFF, 0x00, 0x01, 0xFF, 0xC0, 0x3F, 0xF8, 0x00, 0x0F, 0xFE, 0x01, 0xFF,
  0xE0, 0x00, 0xFF, 0xF0, 0x0F, 0xFF, 0x00, 0x07, 0xFF, 0x80, 0x3F, 0xFC,
  0x00, 0x7F, 0xF8, 0x01, 0xFF, 0xF0, 0x0F, 0xFF, 0xC0, 0x0F, 0xFF, 0xFF,
  0xFF, 0xFE, 0x00, 0x3F, 0xFF, 0xFF, 0xFF, 0xE0, 0x00, 0xFF, 0xFF, 0xFF,
  0xFE, 0x00, 0x07, 0xFF, 0xFF, 0xFF, 0xF0, 0x00, 0x1F, 0xFF, 0xFF, 0xFF,
  0x00, 0x00, 0x7F, 0xFF, 0xFF, 0xF0, 0x00, 0x01, 0xFF, 0xFF, 0xFF, 0x00,
  0x00, 0x03, 0xFF, 0xFF, 0xE0, 0x00, 0x00, 0x03, 0xFF, 0xF8, 0x00, 0x00,
  0x00, 0x00, 0xF8, 0x00, 0x00, 0x00, 0x3F, 0xF8, 0x00, 0x01, 0xFF, 0xC7,
  0xFF, 0x00, 0x00, 0x3F, 0xF8, 0xFF, 0xF0, 0x00, 0x0F, 0xFF, 0x1F, 0xFE,
  0x00, 0x01, 0xFF, 0xC1, 0xFF, 0xC0, 0x00, 0x3F, 0xF8, 0x3F, 0xF8, 0x00,
  0x0F, 0xFF, 0x07, 0xFF, 0x80, 0x01, 0xFF, 0xE0, 0x7F, 0xF0, 0x00, 0x3F,
  0xF8, 0x0F, 0xFE, 0x00, 0x07, 0xFF, 0x01, 0xFF, 0xE0, 0x01, 0xFF, 0xE0,
  0x1F, 0xFC, 0x00, 0x3F, 0xF8, 0x03, 0xFF, 0x80, 0x07, 0xFF, 0x00, 0x7F,
  0xF8, 0x01, 0xFF, 0xE0, 0x07, 0xFF, 0x00, 0x3F, 0xF8, 0x00, 0xFF, 0xE0,
  0x07, 0xFF, 0x00, 0x1F, 0xFC, 0x01, 0xFF, 0xE0, 0x03, 0xFF, 0xC0, 0x3F,
  0xF8, 0x00, 0x3F, 0xF8, 0x07, 0xFF, 0x00, 0x07, 0xFF, 0x00, 0xFF, 0xE0,
  0x00, 0xFF, 0xF0, 0x3F, 0xF8, 0x00, 0x0F, 0xFE, 0x07, 0xFF, 0x00, 0x01,
  0xFF, 0xC0, 0xFF, 0xE0, 0x00, 0x3F, 0xFC, 0x3F, 0xFC, 0x00, 0x03, 0xFF,
  0x87, 0xFF, 0x00, 0x00, 0x7F, 0xF0, 0xFF, 0xE0, 0x00, 0x0F, 0xFF, 0x3F,
  0xFC, 0x00, 0x00, 0xFF, 0xE7, 0xFF, 0x00, 0x00, 0x1F, 0xFC, 0xFF, 0xE0,
  0x00, 0x03, 0xFF, 0xBF, 0xFC, 0x00, 0x00, 0x3F, 0xFF, 0xFF, 0x00, 0x00,
  0x07, 0xFF, 0xFF, 0xE0, 0x00, 0x00, 0xFF, 0xFF, 0xFC, 0x00, 0x00, 0x0F,
  0xFF, 0xFF, 0x00, 0x00, 0x01, 0xFF, 0xFF, 0xE0, 0x00, 0x00, 0x3F, 0xFF,
  0xFC, 0x00, 0x00, 0x07, 0xFF, 0xFF, 0x00, 0x00, 0x00, 0x7F, 0xFF, 0xE0,
  0x00, 0x00, 0x0F, 0xFF, 0xFC, 0x00, 0x00, 0x01, 0xFF, 0xFF, 0x00, 0x00,
  0x00, 0x1F, 0xFF, 0xE0, 0x00, 0x00, 0x03, 0xFF, 0xFC, 0x00, 0x00, 0x00,
  0x7F, 0xFF, 0x80, 0x00, 0x00, 0x07, 0xFF, 0xE0, 0x00, 0x00, 0x00, 0xFF,
  0xF8, 0x00, 0x00, 0x3F, 0xF0, 0x00, 0x00, 0x03, 0xFF, 0x87, 0xFF, 0x00,
  0x00, 0x00, 0x7F, 0xF0, 0xFF, 0xE0, 0x00, 0x00, 0x0F, 0xFE, 0x1F, 0xFC,
  0x00, 0x00, 0x01, 0xFF, 0xC3, 0xFF, 0x80, 0x00, 0x00, 0x7F, 0xF8, 0x7F,
  0xF8, 0x00, 0x00, 0x0F, 0xFE, 0x07, 0xFF, 0x00, 0x00, 0x01, 0xFF, 0xC0,
  0xFF, 0xE0, 0x00, 0x00, 0x3F, 0xF8, 0x1F, 0xFC, 0x00, 0x00, 0x07, 0xFF,
  0x03, 0xFF, 0x80, 0x00, 0x00, 0xFF, 0xE0, 0x7F, 0xF0, 0x0F, 0xE0, 0x1F,
  0xFC, 0x0F, 0xFF, 0x03, 0xFE, 0x07, 0xFF, 0x00, 0xFF, 0xE0, 0x7F, 0xC0,
  0xFF, 0xE0, 0x1F, 0xFC, 0x1F, 0xF8, 0x1F, 0xFC, 0x03, 0xFF, 0x83, 0xFF,
  0x83, 0xFF, 0x80, 0x7F, 0xF0, 0x7F, 0xF0, 0x7F, 0xF0, 0x0F, 0xFE, 0x0F,
  0xFE, 0x0F, 0xFE, 0x01, 0xFF, 0xE3, 0xFF, 0xE3, 0xFF, 0x80, 0x1F, 0xFC,
  0x7F, 0xFC, 0x7F, 0xF0, 0x03, 0xFF, 0x8F, 0xFF, 0x8F, 0xFE, 0x00, 0x7F,
  0xF3, 0xFF, 0xF9, 0xFF, 0xC0, 0x0F, 0xFE, 0x7F, 0xFF, 0x3F, 0xF8, 0x01,
  0xFF, 0xCF, 0xFF, 0xE7, 0xFF, 0x00, 0x3F, 0xFF, 0xFF, 0xFF, 0xFF, 0xC0,
  0x03, 0xFF, 0xFF, 0xFF, 0xFF, 0xF8, 0x00, 0x7F, 0xFF, 0xF7, 0xFF, 0xFF,
  0x00, 0x0F, 0xFF, 0xFE, 0xFF, 0xFF, 0xE0, 0x01, 0xFF, 0xFF, 0xDF, 0xFF,
  0xFC, 0x00, 0x3F, 0xFF, 0xF1, 0xFF, 0xFF, 0x80, 0x03, 0xFF, 0xFE, 0x3F,
  0xFF, 0xE0, 0x00, 0x7F, 0xFF, 0x87, 0xFF, 0xFC, 0x00, 0x0F, 0xFF, 0xF0,
  0x7F, 0xFF, 0x80, 0x01, 0xFF, 0xFE, 0x0F, 0xFF, 0xF0, 0x00, 0x3F, 0xFF,
  0x81, 0xFF, 0xFE, 0x00, 0x07, 0xFF, 0xF0, 0x1F, 0xFF, 0xC0, 0x00, 0x7F,
  0xFE, 0x03, 0xFF, 0xF0, 0x00, 0x0F, 0xFF, 0x80, 0x3F, 0xFE, 0x00, 0x01,
  0xFF, 0xF0, 0x07, 0xFF, 0xC0, 0x00, 0x3F, 0xFE, 0x00, 0xFF, 0xF8, 0x00,
  0x07, 0xFF, 0x80, 0x0F, 0xFF, 0x00, 0x00, 0xFF, 0xF0, 0x01, 0xFF, 0xE0,
  0x00, 0x0F, 0xFE, 0x00, 0x3F, 0xF8, 0x00, 0x01, 0xFF, 0x80, 0x03, 0xFF,
  0x00, 0x00, 0x3F, 0xF0, 0x00, 0x7F, 0xC0, 0x00, 0x3F, 0xFC, 0x00, 0x03,
  0xFF, 0x87, 0xFF, 0xC0, 0x00, 0xFF, 0xF0, 0xFF, 0xF8, 0x00, 0x3F, 0xFE,
  0x0F, 0xFF, 0x80, 0x07, 0xFF, 0x80, 0xFF, 0xF8, 0x01, 0xFF, 0xE0, 0x1F,
  0xFF, 0x00, 0x7F, 0xFC, 0x01, 0xFF, 0xF0, 0x0F, 0xFF, 0x00, 0x1F, 0xFE,
  0x03, 0xFF, 0xC0, 0x03, 0xFF, 0xE0, 0xFF, 0xF8, 0x00, 0x3F, 0xFE, 0x1F,
  0xFE, 0x00, 0x07, 0xFF, 0xC7, 0xFF, 0x80, 0x00, 0x7F, 0xFD, 0xFF, 0xF0,
  0x00, 0x07, 0xFF, 0xFF, 0xFC, 0x00, 0x00, 0xFF, 0xFF, 0xFF, 0x80, 0x00,
  0x0F, 0xFF, 0xFF, 0xE0, 0x00, 0x00, 0xFF, 0xFF, 0xF8, 0x00, 0x00, 0x1F,
  0xFF, 0xFF, 0x00, 0x00, 0x01, 0xFF, 0xFF, 0xC0, 0x00, 0x00, 0x1F, 0xFF,
  0xF0, 0x00, 0x00, 0x03, 0xFF, 0xFE, 0x00, 0x00, 0x00, 0x3F, 0xFF, 0x80,
  0x00, 0x00, 0x07, 0xFF, 0xF0, 0x00, 0x00, 0x00, 0xFF, 0xFE, 0x00, 0x00,
  0x00, 0x3F, 0xFF, 0xE0, 0x00, 0x00, 0x07, 0xFF, 0xFC, 0x00, 0x00, 0x01,
  0xFF, 0xFF, 0xC0, 0x00, 0x00, 0x7F, 0xFF, 0xFC, 0x00, 0x00, 0x0F, 0xFF,
  0xFF, 0x80, 0x00, 0x03, 0xFF, 0xFF, 0xF8, 0x00, 0x00, 0xFF, 0xFF, 0xFF,
  0x80, 0x00, 0x1F, 0xFF, 0xFF, 0xF0, 0x00, 0x07, 0xFF, 0xDF, 0xFF, 0x00,
  0x01, 0xFF, 0xF3, 0xFF, 0xF0, 0x00, 0x3F, 0xFE, 0x3F, 0xFE, 0x00, 0x0F,
  0xFF, 0x83, 0xFF, 0xE0, 0x03, 0xFF, 0xE0, 0x7F, 0xFE, 0x00, 0x7F, 0xFC,
  0x07, 0xFF, 0xC0, 0x1F, 0xFF, 0x00, 0x7F, 0xFC, 0x07, 0xFF, 0xC0, 0x0F,
  0xFF, 0xC0, 0xFF, 0xF8, 0x00, 0xFF, 0xF8, 0x3F, 0xFE, 0x00, 0x0F, 0xFF,
  0x8F, 0xFF, 0x80, 0x01, 0xFF, 0xF9, 0xFF, 0xF0, 0x00, 0x1F, 0xFF, 0x3F,
  0xFC, 0x00, 0x01, 0xFF, 0xE0, 0x7F, 0xF0, 0x00, 0x01, 0xFF, 0x9F, 0xFE,
  0x00, 0x00, 0xFF, 0xE7, 0xFF, 0x80, 0x00, 0x7F, 0xF8, 0xFF, 0xF0, 0x00,
  0x1F, 0xFC, 0x3F, 0xFC, 0x00, 0x0F, 0xFF, 0x07, 0xFF, 0x80, 0x03, 0xFF,
  0x80, 0xFF, 0xE0, 0x01, 0xFF, 0xE0, 0x3F, 0xFC, 0x00, 0x7F, 0xF0, 0x07,
  0xFF, 0x80, 0x3F, 0xFC, 0x01, 0xFF, 0xE0, 0x0F, 0xFE, 0x00, 0x3F, 0xFC,
  0x07, 0xFF, 0x80, 0x0F, 0xFF, 0x03, 0xFF, 0xC0, 0x01, 0xFF, 0xE0, 0xFF,
  0xF0, 0x00, 0x7F, 0xF8, 0x7F, 0xF8, 0x00, 0x0F, 0xFF, 0x1F, 0xFC, 0x00,
  0x03, 0xFF, 0xCF, 0xFF, 0x00, 0x00, 0x7F, 0xFB, 0xFF, 0x80, 0x00, 0x0F,
  0xFF, 0xFF, 0xE0, 0x00, 0x03, 0xFF, 0xFF, 0xF0, 0x00, 0x00, 0x7F, 0xFF,
  0xFC, 0x00, 0x00, 0x1F, 0xFF, 0xFE, 0x00, 0x00, 0x03, 0xFF, 0xFF, 0x80,
  0x00, 0x00, 0xFF, 0xFF, 0xC0, 0x00, 0x00, 0x1F, 0xFF, 0xF0, 0x00, 0x00,
  0x07, 0xFF, 0xF8, 0x00, 0x00, 0x00, 0xFF, 0xFE, 0x00, 0x00, 0x00, 0x1F,
  0xFF, 0x00, 0x00, 0x00, 0x07, 0xFF, 0xC0, 0x00, 0x00, 0x00, 0xFF, 0xE0,
  0x00, 0x00, 0x00, 0x3F, 0xF8, 0x00, 0x00, 0x00, 0x0F, 0xFE, 0x00, 0x00,
  0x00, 0x03, 0xFF, 0x80, 0x00, 0x00, 0x00, 0xFF, 0xE0, 0x00, 0x00, 0x00,
  0x3F, 0xF8, 0x00, 0x00, 0x00, 0x0F, 0xFE, 0x00, 0x00, 0x00, 0x03, 0xFF,
  0x80, 0x00, 0x00, 0x00, 0xFF, 0xE0, 0x00, 0x00, 0x00, 0x3F, 0xF8, 0x00,
  0x00, 0x00, 0x0F, 0xFE, 0x00, 0x00, 0x00, 0x03, 0xFF, 0x80, 0x00, 0x00,
  0x00, 0xFF, 0xE0, 0x00, 0x00, 0x00, 0x3F, 0xF8, 0x00, 0x00, 0x00, 0x0F,
  0xFE, 0x00, 0x00, 0x00, 0x03, 0xFF, 0x00, 0x00, 0x1F, 0xFF, 0xFF, 0xFF,
  0xF8, 0x1F, 0xFF, 0xFF, 0xFF, 0xF8, 0x1F, 0xFF, 0xFF, 0xFF, 0xF8, 0x1F,
  0xFF, 0xFF, 0xFF, 0xF8, 0x1F, 0xFF, 0xFF, 0xFF, 0xF8, 0x1F, 0xFF, 0xFF,
  0xFF, 0xF8, 0x1F, 0xFF, 0xFF, 0xFF, 0xF8, 0x1F, 0xFF, 0xFF, 0xFF, 0xF8,
  0x1F, 0xFF, 0xFF, 0xFF, 0xF8, 0x00, 0x00, 0x01, 0xFF, 0xF8, 0x00, 0x00,
  0x03, 0xFF, 0xF0, 0x00, 0x00, 0x07, 0xFF, 0xE0, 0x00, 0x00, 0x0F, 0xFF,
  0xC0, 0x00, 0x00, 0x1F, 0xFF, 0xC0, 0x00, 0x00, 0x1F, 0xFF, 0x80, 0x00,
  0x00, 0x3F, 0xFF, 0x00, 0x00, 0x00, 0x7F, 0xFE, 0x00, 0x00, 0x00, 0xFF,
  0xFE, 0x00, 0x00, 0x01, 0xFF, 0xFC, 0x00, 0x00, 0x03, 0xFF, 0xF8, 0x00,
  0x00, 0x03, 0xFF, 0xF0, 0x00, 0x00, 0x07, 0xFF, 0xE0, 0x00, 0x00, 0x0F,
  0xFF, 0xE0, 0x00, 0x00, 0x1F, 0xFF, 0xC0, 0x00, 0x00, 0x3F, 0xFF, 0x80,
  0x00, 0x00, 0x3F, 0xFF, 0x00, 0x00, 0x00, 0x7F, 0xFF, 0x00, 0x00, 0x00,
  0xFF, 0xFE, 0x00, 0x00, 0x01, 0xFF, 0xFC, 0x00, 0x00, 0x03, 0xFF, 0xF8,
  0x00, 0x00, 0x03, 0xFF, 0xF8, 0x00, 0x00, 0x07, 0xFF, 0xF0, 0x00, 0x00,
  0x0F, 0xFF, 0xE0, 0x00, 0x00, 0x1F, 0xFF, 0xC0, 0x00, 0x00, 0x3F, 0xFF,
  0xC0, 0x00, 0x00, 0x3F, 0xFF, 0xFF, 0xFF, 0xFC, 0x3F, 0xFF, 0xFF, 0xFF,
  0xFC, 0x3F, 0xFF, 0xFF, 0xFF, 0xFC, 0x3F, 0xFF, 0xFF, 0xFF, 0xFC, 0x3F,
  0xFF, 0xFF, 0xFF, 0xFC, 0x3F, 0xFF, 0xFF, 0xFF, 0xFC, 0x3F, 0xFF, 0xFF,
  0xFF, 0xFC, 0x3F, 0xFF, 0xFF, 0xFF, 0xFC, 0x3F, 0xFF, 0xFF, 0xFF, 0xFC,
  0x0F, 0xFF, 0xFC, 0x0F, 0xFF, 0xFE, 0x0F, 0xFF, 0xFE, 0x0F, 0xFF, 0xFE,
  0x0F, 0xFF, 0xFE, 0x0F, 0xFF, 0xFE, 0x0F, 0xFF, 0xFE, 0x0F, 0xFF, 0xFC,
  0x0F, 0xFC, 0x00, 0x0F, 0xFC, 0x00, 0x0F, 0xFC, 0x00, 0x0F, 0xFC, 0x00,
  0x0F, 0xFC, 0x00, 0x0F, 0xFC, 0x00, 0x0F, 0xFC, 0x00, 0x0F, 0xFC, 0x00,
  0x0F, 0xFC, 0x00, 0x0F, 0xFC, 0x00, 0x0F, 0xFC, 0x00, 0x0F, 0xFC, 0x00,
  0x0F, 0xFC, 0x00, 0x0F, 0xFC, 0x00, 0x0F, 0xFC, 0x00, 0x0F, 0xFC, 0x00,
  0x0F, 0xFC, 0x00, 0x0F, 0xFC, 0x00, 0x0F, 0xFC, 0x00, 0x0F, 0xFC, 0x00,
  0x0F, 0xFC, 0x00, 0x0F, 0xFC, 0x00, 0x0F, 0xFC, 0x00, 0x0F, 0xFC, 0x00,
  0x0F, 0xFC, 0x00, 0x0F, 0xFC, 0x00, 0x0F, 0xFC, 0x00, 0x0F, 0xFC, 0x00,
  0x0F, 0xFC, 0x00, 0x0F, 0xFC, 0x00, 0x0F, 0xFC, 0x00, 0x0F, 0xFC, 0x00,
  0x0F, 0xFC, 0x00, 0x0F, 0xFC, 0x00, 0x0F, 0xFC, 0x00, 0x0F, 0xFC, 0x00,
  0x0F, 0xFC, 0x00, 0x0F, 0xFC, 0x00, 0x0F, 0xFC, 0x00, 0x0F, 0xFC, 0x00,
  0x0F, 0xFC, 0x00, 0x0F, 0xFF, 0xFC, 0x0F, 0xFF, 0xFE, 0x0F, 0xFF, 0xFE,
  0x0F, 0xFF, 0xFE, 0x0F, 0xFF, 0xFE, 0x0F, 0xFF, 0xFE, 0x0F, 0xFF, 0xFE,
  0x0F, 0xFF, 0xFE, 0x0F, 0xFF, 0xFC, 0x7F, 0xC0, 0x00, 0x00, 0x3F, 0xE0,
  0x00, 0x00, 0x1F, 0xF8, 0x00, 0x00, 0x07, 0xFC, 0x00, 0x00, 0x03, 0xFF,
  0x00, 0x00, 0x00, 0xFF, 0x80, 0x00, 0x00, 0x7F, 0xC0, 0x00, 0x00, 0x3F,
  0xF0, 0x00, 0x00, 0x0F, 0xF8, 0x00, 0x00, 0x07, 0xFE, 0x00, 0x00, 0x01,
  0xFF, 0x00, 0x00, 0x00, 0xFF, 0x80, 0x00, 0x00, 0x7F, 0xE0, 0x00, 0x00,
  0x1F, 0xF0, 0x00, 0x00, 0x0F, 0xFC, 0x00, 0x00, 0x03, 0xFE, 0x00, 0x00,
  0x01, 0xFF, 0x00, 0x00, 0x00, 0x7F, 0xC0, 0x00, 0x00, 0x3F, 0xE0, 0x00,
  0x00, 0x1F, 0xF8, 0x00, 0x00, 0x07, 0xFC, 0x00, 0x00, 0x03, 0xFF, 0x00,
  0x00, 0x00, 0xFF, 0x80, 0x00, 0x00, 0x7F, 0xC0, 0x00, 0x00, 0x3F, 0xF0,
  0x00, 0x00, 0x0F, 0xF8, 0x00, 0x00, 0x07, 0xFE, 0x00, 0x00, 0x01, 0xFF,
  0x00, 0x00, 0x00, 0xFF, 0x80, 0x00, 0x00, 0x3F, 0xE0, 0x00, 0x00, 0x1F,
  0xF0, 0x00, 0x00, 0x0F, 0xFC, 0x00, 0x00, 0x03, 0xFE, 0x00, 0x00, 0x01,
  0xFF, 0x80, 0x00, 0x00, 0x7F, 0xC0, 0x00, 0x00, 0x3F, 0xE0, 0x00, 0x00,
  0x1F, 0xF8, 0x00, 0x00, 0x07, 0xFC, 0x00, 0x00, 0x03, 0xFF, 0x00, 0x00,
  0x00, 0xFF, 0x80, 0x00, 0x00, 0x7F, 0xC0, 0x00, 0x00, 0x1F, 0xF0, 0x00,
  0x00, 0x0F, 0xF8, 0x00, 0x00, 0x07, 0xFE, 0x00, 0x00, 0x01, 0xFF, 0x00,
  0x00, 0x00, 0xFF, 0xC0, 0x00, 0x00, 0x3F, 0xE0, 0x00, 0x00, 0x1F, 0xF0,
  0x00, 0x00, 0x0F, 0xFC, 0x00, 0x00, 0x03, 0xFE, 0x00, 0x00, 0x01, 0xFF,
  0x80, 0x00, 0x00, 0x7F, 0xC0, 0x00, 0x00, 0x3F, 0xE0, 0x00, 0x00, 0x0F,
  0xF0, 0x3F, 0xFF, 0xF0, 0x7F, 0xFF, 0xF0, 0x7F, 0xFF, 0xF0, 0x7F, 0xFF,
  0xF0, 0x7F, 0xFF, 0xF0, 0x7F, 0xFF, 0xF0, 0x7F, 0xFF, 0xF0, 0x3F, 0xFF,
  0xF0, 0x00, 0x3F, 0xF0, 0x00, 0x3F, 0xF0, 0x00, 0x3F, 0xF0, 0x00, 0x3F,
  0xF0, 0x00, 0x3F, 0xF0, 0x00, 0x3F, 0xF0, 0x00, 0x3F, 0xF0, 0x00, 0x3F,
  0xF0, 0x00, 0x3F, 0xF0, 0x00, 0x3F, 0xF0, 0x00, 0x3F, 0xF0, 0x00, 0x3F,
  0xF0, 0x00, 0x3F, 0xF0, 0x00, 0x3F, 0xF0, 0x00, 0x3F, 0xF0, 0x00, 0x3F,
  0xF0, 0x00, 0x3F, 0xF0, 0x00, 0x3F, 0xF0, 0x00, 0x3F, 0xF0, 0x00, 0x3F,
  0xF0, 0x00, 0x3F, 0xF0, 0x00, 0x3F, 0xF0, 0x00, 0x3F, 0xF0, 0x00, 0x3F,
  0xF0, 0x00, 0x3F, 0xF0, 0x00, 0x3F, 0xF0, 0x00, 0x3F, 0xF0, 0x00, 0x3F,
  0xF0, 0x00, 0x3F, 0xF0, 0x00, 0x3F, 0xF0, 0x00, 0x3F, 0xF0, 0x00, 0x3F,
  0xF0, 0x00, 0x3F, 0xF0, 0x00, 0x3F, 0xF0, 0x00, 0x3F, 0xF0, 0x00, 0x3F,
  0xF0, 0x00, 0x3F, 0xF0, 0x00, 0x3F, 0xF0, 0x00, 0x3F, 0xF0, 0x00, 0x3F,
  0xF0, 0x00, 0x3F, 0xF0, 0x3F, 0xFF, 0xF0, 0x7F, 0xFF, 0xF0, 0x7F, 0xFF,
  0xF0, 0x7F, 0xFF, 0xF0, 0x7F, 0xFF, 0xF0, 0x7F, 0xFF, 0xF0, 0x7F, 0xFF,
  0xF0, 0x7F, 0xFF, 0xF0, 0x3F, 0xFF, 0xF0, 0x00, 0x1F, 0xC0, 0x00, 0x01,
  0xFF, 0x00, 0x00, 0x1F, 0xFC, 0x00, 0x01, 0xFF, 0xF0, 0x00, 0x1F, 0xFF,
  0xC0, 0x01, 0xFF, 0xFF, 0x00, 0x1F, 0xFF, 0xFC, 0x01, 0xFF, 0x1F, 0xF0,
  0x1F, 0xE0, 0x3F, 0xC0, 0xFC, 0x00, 0x7E, 0x00, 0x00, 0x00, 0x00, 0x00,
  0x00, 0x00, 0x00, 0x00, 0x00, 0x00, 0x00, 0x00, 0x00, 0x00, 0x00, 0x00,
  0x00, 0x00, 0x00, 0x00, 0x00, 0x00, 0x00, 0x00, 0x00, 0x00, 0x00, 0x00,
  0x00, 0x00, 0x00, 0x00, 0x00, 0x00, 0x00, 0x00, 0x00, 0x00, 0x00, 0x00,
  0x00, 0x00, 0x00, 0x00, 0x00, 0x00, 0x00, 0x00, 0x00, 0x00, 0x00, 0x00,
  0x00, 0x00, 0x00, 0x00, 0x00, 0x00, 0x00, 0x00, 0x00, 0x00, 0x00, 0x00,
  0x00, 0x00, 0x00, 0x00, 0x00, 0x00, 0x00, 0x00, 0x00, 0x00, 0x00, 0x00,
  0x00, 0x00, 0x00, 0x00, 0x00, 0x00, 0x00, 0x00, 0x00, 0x00, 0x00, 0x00,
  0x00, 0x00, 0x00, 0x00, 0x00, 0x00, 0x00, 0x00, 0x00, 0x00, 0x00, 0x00,
  0x00, 0x00, 0x00, 0x00, 0x00, 0x00, 0x00, 0x00, 0x00, 0x00, 0x00, 0x00,
  0x00, 0x00, 0x00, 0x00, 0x00, 0x00, 0x00, 0x00, 0x00, 0x00, 0x00, 0x00,
  0x00, 0x00, 0x00, 0x00, 0x00, 0x00, 0x00, 0x00, 0x00, 0x00, 0x1F, 0xFF,
  0xFF, 0xFF, 0xFF, 0xE0, 0x7F, 0xFF, 0xFF, 0xFF, 0xFF, 0x81, 0xFF, 0xFF,
  0xFF, 0xFF, 0xFE, 0x07, 0xFF, 0xFF, 0xFF, 0xFF, 0xF8, 0x1F, 0xFF, 0xFF,
  0xFF, 0xFF, 0xE0, 0x7F, 0xFF, 0xFF, 0xFF, 0xFF, 0x81, 0xFF, 0xFF, 0xFF,
  0xFF, 0xFE, 0x07, 0xFF, 0xFF, 0xFF, 0xFF, 0xF8, 0x1F, 0xFF, 0xFF, 0xFF,
  0xFF, 0xE0, 0x07, 0xFC, 0x00, 0x07, 0xFF, 0x80, 0x03, 0xFF, 0xE0, 0x00,
  0xFF, 0xF0, 0x00, 0x1F, 0xFC, 0x00, 0x07, 0xFF, 0x00, 0x01, 0xFF, 0xC0,
  0x00, 0x7F, 0xF0, 0x00, 0x0F, 0xF8, 0x00, 0x03, 0xFC, 0x00, 0x00, 0x00,
  0x00, 0x00, 0x00, 0x00, 0x00, 0x00, 0x00, 0x00, 0x00, 0x00, 0x00, 0x00,
  0x00, 0x00, 0x00, 0x00, 0x00, 0x00, 0x00, 0x00, 0x00, 0x00, 0x00, 0x00,
  0x00, 0x00, 0x00, 0x00, 0x00, 0x00, 0x00, 0x00, 0x00, 0x00, 0x00, 0x00,
  0x00, 0x00, 0x00, 0x00, 0x00, 0x00, 0x00, 0x00, 0x00, 0x00, 0x00, 0x00,
  0x00, 0x00, 0x00, 0x00, 0x00, 0x00, 0x00, 0x00, 0x00, 0x00, 0x00, 0x00,
  0x00, 0x00, 0x00, 0x00, 0x00, 0x00, 0x00, 0x00, 0x00, 0x00, 0x00, 0x00,
  0x00, 0x00, 0x00, 0x00, 0x00, 0x00, 0x00, 0x00, 0x00, 0x00, 0x00, 0x00,
  0x00, 0x00, 0x00, 0x00, 0x00, 0x00, 0x00, 0x00, 0x00, 0x00, 0x00, 0x00,
  0x00, 0x00, 0x00, 0x00, 0x00, 0x00, 0x00, 0x00, 0x00, 0x00, 0x00, 0x00,
  0x00, 0x00, 0x00, 0x00, 0x00, 0x00, 0x00, 0xFC, 0x00, 0x00, 0x00, 0x7F,
  0xFE, 0x00, 0x00, 0x1F, 0xFF, 0xFC, 0x00, 0x01, 0xFF, 0xFF, 0xF8, 0x00,
  0x1F, 0xFF, 0xFF, 0xE0, 0x01, 0xFF, 0xFF, 0xFF, 0x80, 0x1F, 0xFF, 0xFF,
  0xFC, 0x01, 0xFF, 0xFF, 0xFF, 0xF0, 0x0F, 0xFE, 0x03, 0xFF, 0x80, 0x7F,
  0xE0, 0x1F, 0xFE, 0x01, 0xFE, 0x00, 0x7F, 0xF0, 0x00, 0x00, 0x03, 0xFF,
  0x80, 0x00, 0x00, 0x1F, 0xFC, 0x00, 0x00, 0x7F, 0xFF, 0xE0, 0x00, 0x7F,
  0xFF, 0xFF, 0x00, 0x1F, 0xFF, 0xFF, 0xF8, 0x01, 0xFF, 0xFF, 0xFF, 0xC0,
  0x3F, 0xFF, 0xFF, 0xFE, 0x03, 0xFF, 0xFF, 0x7F, 0xF0, 0x3F, 0xFE, 0x03,
  0xFF, 0x81, 0xFF, 0xC0, 0x1F, 0xFC, 0x1F, 0xFC, 0x00, 0xFF, 0xE0, 0xFF,
  0xC0, 0x0F, 0xFF, 0x07, 0xFE, 0x00, 0x7F, 0xF8, 0x3F, 0xF8, 0x07, 0xFF,
  0xC1, 0xFF, 0xF0, 0xFF, 0xFE, 0x0F, 0xFF, 0xFF, 0xFF, 0xF0, 0x3F, 0xFF,
  0xFF, 0xFF, 0x81, 0xFF, 0xFF, 0xFF, 0xFC, 0x07, 0xFF, 0xFF, 0xFF, 0xE0,
  0x1F, 0xFF, 0xF7, 0xFF, 0x00, 0x7F, 0xFF, 0x3F, 0xF8, 0x00, 0xFF, 0xE0,
  0xFF, 0x80, 0x00, 0x78, 0x00, 0x00, 0x00, 0x0F, 0xFE, 0x00, 0x00, 0x00,
  0x1F, 0xFC, 0x00, 0x00, 0x00, 0x3F, 0xF8, 0x00, 0x00, 0x00, 0x7F, 0xF0,
  0x00, 0x00, 0x00, 0xFF, 0xE0, 0x00, 0x00, 0x01, 0xFF, 0xC0, 0x00, 0x00,
  0x03, 0xFF, 0x80, 0x00, 0x00, 0x07, 0xFF, 0x00, 0x00, 0x00, 0x0F, 0xFE,
  0x00, 0x00, 0x00, 0x1F, 0xFC, 0x00, 0x00, 0x00, 0x3F, 0xF8, 0x00, 0x00,
  0x00, 0x7F, 0xF0, 0x1E, 0x00, 0x00, 0xFF, 0xE3, 0xFF, 0xC0, 0x01, 0xFF,
  0xCF, 0xFF, 0xC0, 0x03, 0xFF, 0xFF, 0xFF, 0xE0, 0x07, 0xFF, 0xFF, 0xFF,
  0xE0, 0x0F, 0xFF, 0xFF, 0xFF, 0xC0, 0x1F, 0xFF, 0xFF, 0xFF, 0xC0, 0x3F,
  0xFF, 0xFF, 0xFF, 0x80, 0x7F, 0xFF, 0xFF, 0xFF, 0x80, 0xFF, 0xF8, 0x0F,
  0xFF, 0x01, 0xFF, 0xE0, 0x0F, 0xFE, 0x03, 0xFF, 0xC0, 0x1F, 0xFE, 0x07,
  0xFF, 0x00, 0x1F, 0xFC, 0x0F, 0xFE, 0x00, 0x3F, 0xF8, 0x1F, 0xFC, 0x00,
  0x7F, 0xF0, 0x3F, 0xF8, 0x00, 0xFF, 0xE0, 0x7F, 0xF0, 0x01, 0xFF, 0xC0,
  0xFF, 0xE0, 0x03, 0xFF, 0x81, 0xFF, 0xC0, 0x07, 0xFF, 0x03, 0xFF, 0x80,
  0x0F, 0xFE, 0x07, 0xFF, 0x00, 0x1F, 0xFC, 0x0F, 0xFE, 0x00, 0x3F, 0xF8,
  0x1F, 0xFE, 0x00, 0xFF, 0xF0, 0x3F, 0xFC, 0x01, 0xFF, 0xE0, 0x7F, 0xFC,
  0x07, 0xFF, 0x80, 0xFF, 0xFF, 0xFF, 0xFF, 0x01, 0xFF, 0xFF, 0xFF, 0xFE,
  0x03, 0xFF, 0xFF, 0xFF, 0xF8, 0x07, 0xFF, 0xFF, 0xFF, 0xE0, 0x0F, 0xFF,
  0xFF, 0xFF, 0xC0, 0x1F, 0xFB, 0xFF, 0xFF, 0x00, 0x3F, 0xF3, 0xFF, 0xF8,
  0x00, 0x7F, 0xE1, 0xFF, 0xE0, 0x00, 0x00, 0x00, 0x3C, 0x00, 0x00, 0x00,
  0x00, 0xF8, 0x00, 0x00, 0x00, 0x7F, 0xFE, 0x00, 0x00, 0x0F, 0xFF, 0xFC,
  0x00, 0x01, 0xFF, 0xFF, 0xF8, 0x00, 0x1F, 0xFF, 0xFF, 0xE0, 0x01, 0xFF,
  0xFF, 0xFF, 0x80, 0x1F, 0xFF, 0xFF, 0xFE, 0x00, 0xFF, 0xFF, 0xFF, 0xF8,
  0x0F, 0xFF, 0x87, 0xFF, 0xC0, 0x7F, 0xF8, 0x1F, 0xFF, 0x07, 0xFF, 0x80,
  0x7F, 0xF8, 0x3F, 0xF8, 0x01, 0xFF, 0xC1, 0xFF, 0xC0, 0x0F, 0xFE, 0x0F,
  0xFE, 0x00, 0x00, 0x00, 0x7F, 0xF0, 0x00, 0x00, 0x03, 0xFF, 0x80, 0x00,
  0x00, 0x1F, 0xFC, 0x00, 0x00, 0x00, 0xFF, 0xE0, 0x00, 0x00, 0x07, 0xFF,
  0x00, 0x00, 0x00, 0x3F, 0xF8, 0x00, 0x00, 0x01, 0xFF, 0xC0, 0x00, 0x00,
  0x0F, 0xFE, 0x00, 0x7F, 0xF0, 0x7F, 0xF0, 0x03, 0xFF, 0x83, 0xFF, 0xC0,
  0x3F, 0xFC, 0x0F, 0xFE, 0x03, 0xFF, 0xE0, 0x7F, 0xFC, 0x3F, 0xFE, 0x01,
  0xFF, 0xFF, 0xFF, 0xF0, 0x0F, 0xFF, 0xFF, 0xFF, 0x00, 0x3F, 0xFF, 0xFF,
  0xF0, 0x00, 0xFF, 0xFF, 0xFF, 0x00, 0x03, 0xFF, 0xFF, 0xF0, 0x00, 0x07,
  0xFF, 0xFE, 0x00, 0x00, 0x0F, 0xFF, 0xC0, 0x00, 0x00, 0x07, 0xC0, 0x00,
  0x00, 0x00, 0x00, 0x00, 0x7F, 0xF0, 0x00, 0x00, 0x00, 0x7F, 0xF0, 0x00,
  0x00, 0x00, 0x7F, 0xF0, 0x00, 0x00, 0x00, 0x7F, 0xF0, 0x00, 0x00, 0x00,
  0x7F, 0xF0, 0x00, 0x00, 0x00, 0x7F, 0xF0, 0x00, 0x00, 0x00, 0x7F, 0xF0,
  0x00, 0x00, 0x00, 0x7F, 0xF0, 0x00, 0x00, 0x00, 0x7F, 0xF0, 0x00, 0x00,
  0x00, 0x7F, 0xF0, 0x00, 0x00, 0x00, 0x7F, 0xF0, 0x00, 0x03, 0xC0, 0x7F,
  0xF0, 0x00, 0x3F, 0xFC, 0x7F, 0xF0, 0x00, 0x7F, 0xFE, 0x7F, 0xF0, 0x01,
  0xFF, 0xFF, 0xFF, 0xF0, 0x03, 0xFF, 0xFF, 0xFF, 0xF0, 0x03, 0xFF, 0xFF,
  0xFF, 0xF0, 0x07, 0xFF, 0xFF, 0xFF, 0xF0, 0x0F, 0xFF, 0xFF, 0xFF, 0xF0,
  0x0F, 0xFF, 0xFF, 0xFF, 0xF0, 0x0F, 0xFF, 0x01, 0xFF, 0xF0, 0x1F, 0xFE,
  0x00, 0xFF, 0xF0, 0x1F, 0xFE, 0x00, 0xFF, 0xF0, 0x1F, 0xFC, 0x00, 0x7F,
  0xF0, 0x1F, 0xFC, 0x00, 0x7F, 0xF0, 0x1F, 0xFC, 0x00, 0x7F, 0xF0, 0x1F,
  0xFC, 0x00, 0x7F, 0xF0, 0x1F, 0xFC, 0x00, 0x7F, 0xF0, 0x1F, 0xFC, 0x00,
  0x7F, 0xF0, 0x1F, 0xFC, 0x00, 0x7F, 0xF0, 0x1F, 0xFC, 0x00, 0x7F, 0xF0,
  0x1F, 0xFC, 0x00, 0x7F, 0xF0, 0x1F, 0xFC, 0x00, 0x7F, 0xF0, 0x1F, 0xFE,
  0x00, 0xFF, 0xF0, 0x1F, 0xFE, 0x00, 0xFF, 0xF0, 0x0F, 0xFF, 0x01, 0xFF,
  0xF0, 0x0F, 0xFF, 0xFF, 0xFF, 0xF0, 0x0F, 0xFF, 0xFF, 0xFF, 0xF0, 0x07,
  0xFF, 0xFF, 0xFF, 0xF0, 0x07, 0xFF, 0xFF, 0xFF, 0xF0, 0x03, 0xFF, 0xFF,
  0xFF, 0xF0, 0x01, 0xFF, 0xFF, 0xBF, 0xF0, 0x00, 0xFF, 0xFF, 0x3F, 0xF0,
  0x00, 0x3F, 0xFC, 0x3F, 0xF0, 0x00, 0x03, 0xC0, 0x00, 0x00, 0x00, 0x00,
  0xF0, 0x00, 0x00, 0x01, 0xFF, 0xF8, 0x00, 0x00, 0x7F, 0xFF, 0xE0, 0x00,
  0x1F, 0xFF, 0xFF, 0x00, 0x03, 0xFF, 0xFF, 0xFC, 0x00, 0x7F, 0xFF, 0xFF,
  0xE0, 0x07, 0xFF, 0xFF, 0xFE, 0x00, 0xFF, 0xFF, 0xFF, 0xF0, 0x1F, 0xFE,
  0x07, 0xFF, 0x81, 0xFF, 0xC0, 0x3F, 0xF8, 0x1F, 0xF8, 0x01, 0xFF, 0x83,
  0xFF, 0x80, 0x1F, 0xFC, 0x3F, 0xF8, 0x01, 0xFF, 0xC3, 0xFF, 0xFF, 0xFF,
  0xFC, 0x3F, 0xFF, 0xFF, 0xFF, 0xC3, 0xFF, 0xFF, 0xFF, 0xFC, 0x3F, 0xFF,
  0xFF, 0xFF, 0xC3, 0xFF, 0xFF, 0xFF, 0xFC, 0x3F, 0xFF, 0xFF, 0xFF, 0xC3,
  0xFF, 0x80, 0x00, 0x00, 0x3F, 0xF8, 0x00, 0x00, 0x03, 0xFF, 0x80, 0x00,
  0x00, 0x3F, 0xF8, 0x00, 0x00, 0x01, 0xFF, 0xC0, 0x1F, 0xF8, 0x1F, 0xFC,
  0x03, 0xFF, 0x81, 0xFF, 0xE0, 0x7F, 0xF8, 0x0F, 0xFF, 0xFF, 0xFF, 0x80,
  0xFF, 0xFF, 0xFF, 0xF0, 0x07, 0xFF, 0xFF, 0xFE, 0x00, 0x3F, 0xFF, 0xFF,
  0xC0, 0x01, 0xFF, 0xFF, 0xF8, 0x00, 0x07, 0xFF, 0xFE, 0x00, 0x00, 0x1F,
  0xFF, 0x80, 0x00, 0x00, 0x0F, 0x00, 0x00, 0x00, 0x01, 0xFF, 0xE0, 0x00,
  0xFF, 0xFE, 0x00, 0x1F, 0xFF, 0xE0, 0x03, 0xFF, 0xFE, 0x00, 0x7F, 0xFF,
  0xE0, 0x0F, 0xFF, 0xFE, 0x00, 0xFF, 0xFF, 0xE0, 0x1F, 0xFF, 0xFC, 0x01,
  0xFF, 0xE0, 0x00, 0x1F, 0xFC, 0x00, 0x01, 0xFF, 0xC0, 0x00, 0x1F, 0xFC,
  0x00, 0x01, 0xFF, 0xC0, 0x00, 0x1F, 0xFC, 0x00, 0x7F, 0xFF, 0xFF, 0xE7,
  0xFF, 0xFF, 0xFE, 0x7F, 0xFF, 0xFF, 0xE7, 0xFF, 0xFF, 0xFE, 0x7F, 0xFF,
  0xFF, 0xE7, 0xFF, 0xFF, 0xFE, 0x7F, 0xFF, 0xFF, 0xE3, 0xFF, 0xFF, 0xFC,
  0x01, 0xFF, 0xC0, 0x00, 0x1F, 0xFC, 0x00, 0x01, 0xFF, 0xC0, 0x00, 0x1F,
  0xFC, 0x00, 0x01, 0xFF, 0xC0, 0x00, 0x1F, 0xFC, 0x00, 0x01, 0xFF, 0xC0,
  0x00, 0x1F, 0xFC, 0x00, 0x01, 0xFF, 0xC0, 0x00, 0x1F, 0xFC, 0x00, 0x01,
  0xFF, 0xC0, 0x00, 0x1F, 0xFC, 0x00, 0x01, 0xFF, 0xC0, 0x00, 0x1F, 0xFC,
  0x00, 0x01, 0xFF, 0xC0, 0x00, 0x1F, 0xFC, 0x00, 0x01, 0xFF, 0xC0, 0x00,
  0x1F, 0xFC, 0x00, 0x01, 0xFF, 0xC0, 0x00, 0x1F, 0xFC, 0x00, 0x01, 0xFF,
  0xC0, 0x00, 0x1F, 0xFC, 0x00, 0x01, 0xFF, 0xC0, 0x00, 0x1F, 0xF8, 0x00,
  0x00, 0x03, 0xC0, 0x00, 0x00, 0x00, 0x3F, 0xFC, 0x3F, 0xF0, 0x00, 0xFF,
  0xFE, 0x3F, 0xF0, 0x01, 0xFF, 0xFF, 0xBF, 0xF0, 0x03, 0xFF, 0xFF, 0xFF,
  0xF0, 0x07, 0xFF, 0xFF, 0xFF, 0xF0, 0x07, 0xFF, 0xFF, 0xFF, 0xF0, 0x0F,
  0xFF, 0xFF, 0xFF, 0xF0, 0x0F, 0xFF, 0xFF, 0xFF, 0xF0, 0x0F, 0xFF, 0x01,
  0xFF, 0xF0, 0x1F, 0xFE, 0x00, 0xFF, 0xF0, 0x1F, 0xFE, 0x00, 0xFF, 0xF0,
  0x1F, 0xFC, 0x00, 0x7F, 0xF0, 0x1F, 0xFC, 0x00, 0x7F, 0xF0, 0x1F, 0xFC,
  0x00, 0x7F, 0xF0, 0x1F, 0xFC, 0x00, 0x7F, 0xF0, 0x1F, 0xFC, 0x00, 0x7F,
  0xF0, 0x1F, 0xFC, 0x00, 0x7F, 0xF0, 0x1F, 0xFC, 0x00, 0x7F, 0xF0, 0x1F,
  0xFC, 0x00, 0x7F, 0xF0, 0x1F, 0xFC, 0x00, 0x7F, 0xF0, 0x1F, 0xFE, 0x00,
  0xFF, 0xF0, 0x1F, 0xFE, 0x00, 0xFF, 0xF0, 0x0F, 0xFF, 0x01, 0xFF, 0xF0,
  0x0F, 0xFF, 0xFF, 0xFF, 0xF0, 0x0F, 0xFF, 0xFF, 0xFF, 0xF0, 0x07, 0xFF,
  0xFF, 0xFF, 0xF0, 0x03, 0xFF, 0xFF, 0xFF, 0xF0, 0x03, 0xFF, 0xFF, 0xFF,
  0xF0, 0x01, 0xFF, 0xFF, 0x7F, 0xF0, 0x00, 0x7F, 0xFE, 0x7F, 0xF0, 0x00,
  0x1F, 0xF8, 0x7F, 0xF0, 0x00, 0x00, 0x00, 0x7F, 0xF0, 0x00, 0x00, 0x00,
  0x7F, 0xF0, 0x07, 0xF8, 0x00, 0x7F, 0xF0, 0x0F, 0xFE, 0x00, 0x7F, 0xF0,
  0x1F, 0xFE, 0x00, 0x7F, 0xF0, 0x0F, 0xFF, 0x00, 0xFF, 0xE0, 0x0F, 0xFF,
  0x81, 0xFF, 0xE0, 0x0F, 0xFF, 0xFF, 0xFF, 0xE0, 0x07, 0xFF, 0xFF, 0xFF,
  0xC0, 0x03, 0xFF, 0xFF, 0xFF, 0xC0, 0x01, 0xFF, 0xFF, 0xFF, 0x80, 0x00,
  0xFF, 0xFF, 0xFF, 0x00, 0x00, 0x7F, 0xFF, 0xFC, 0x00, 0x00, 0x1F, 0xFF,
  0xF0, 0x00, 0x00, 0x03, 0xFF, 0xC0, 0x00, 0x0F, 0xFE, 0x00, 0x00, 0x00,
  0x0F, 0xFE, 0x00, 0x00, 0x00, 0x0F, 0xFE, 0x00, 0x00, 0x00, 0x0F, 0xFE,
  0x00, 0x00, 0x00, 0x0F, 0xFE, 0x00, 0x00, 0x00, 0x0F, 0xFE, 0x00, 0x00,
  0x00, 0x0F, 0xFE, 0x00, 0x00, 0x00, 0x0F, 0xFE, 0x00, 0x00, 0x00, 0x0F,
  0xFE, 0x00, 0x00, 0x00, 0x0F, 0xFE, 0x00, 0x00, 0x00, 0x0F, 0xFE, 0x00,
  0x00, 0x00, 0x0F, 0xFE, 0x01, 0xE0, 0x00, 0x0F, 0xFE, 0x1F, 0xFC, 0x00,
  0x0F, 0xFE, 0x7F, 0xFF, 0x00, 0x0F, 0xFE, 0xFF, 0xFF, 0x80, 0x0F, 0xFF,
  0xFF, 0xFF, 0xC0, 0x0F, 0xFF, 0xFF, 0xFF, 0xE0, 0x0F, 0xFF, 0xFF, 0xFF,
  0xE0, 0x0F, 0xFF, 0xFF, 0xFF, 0xF0, 0x0F, 0xFF, 0xFF, 0xFF, 0xF0, 0x0F,
  0xFF, 0x80, 0xFF, 0xF8, 0x0F, 0xFF, 0x00, 0x7F, 0xF8, 0x0F, 0xFF, 0x00,
  0x7F, 0xF8, 0x0F, 0xFE, 0x00, 0x3F, 0xF8, 0x0F, 0xFE, 0x00, 0x3F, 0xF8,
  0x0F, 0xFE, 0x00, 0x3F, 0xF8, 0x0F, 0xFE, 0x00, 0x3F, 0xF8, 0x0F, 0xFE,
  0x00, 0x3F, 0xF8, 0x0F, 0xFE, 0x00, 0x3F, 0xF8, 0x0F, 0xFE, 0x00, 0x3F,
  0xF8, 0x0F, 0xFE, 0x00, 0x3F, 0xF8, 0x0F, 0xFE, 0x00, 0x3F, 0xF8, 0x0F,
  0xFE, 0x00, 0x3F, 0xF8, 0x0F, 0xFE, 0x00, 0x3F, 0xF8, 0x0F, 0xFE, 0x00,
  0x3F, 0xF8, 0x0F, 0xFE, 0x00, 0x3F, 0xF8, 0x0F, 0xFE, 0x00, 0x3F, 0xF8,
  0x0F, 0xFE, 0x00, 0x3F, 0xF8, 0x0F, 0xFE, 0x00, 0x3F, 0xF8, 0x0F, 0xFE,
  0x00, 0x3F, 0xF8, 0x0F, 0xFE, 0x00, 0x3F, 0xF8, 0x0F, 0xFE, 0x00, 0x3F,
  0xF8, 0x0F, 0xFE, 0x00, 0x3F, 0xF8, 0x0F, 0xFE, 0x00, 0x1F, 0xF8, 0x0F,
  0xFC, 0x01, 0xFF, 0xC0, 0x3F, 0xF8, 0x07, 0xFF, 0x00, 0xFF, 0xE0, 0x1F,
  0xFC, 0x03, 0xFF, 0x80, 0x7F, 0xF0, 0x0F, 0xFC, 0x00, 0x00, 0x00, 0x00,
  0x00, 0x00, 0x00, 0x00, 0x00, 0x00, 0x00, 0x00, 0x03, 0xFF, 0x80, 0x7F,
  0xF0, 0x0F, 0xFE, 0x01, 0xFF, 0xC0, 0x3F, 0xF8, 0x07, 0xFF, 0x00, 0xFF,
  0xE0, 0x1F, 0xFC, 0x03, 0xFF, 0x80, 0x7F, 0xF0, 0x0F, 0xFE, 0x01, 0xFF,
  0xC0, 0x3F, 0xF8, 0x07, 0xFF, 0x00, 0xFF, 0xE0, 0x1F, 0xFC, 0x03, 0xFF,
  0x80, 0x7F, 0xF0, 0x0F, 0xFE, 0x01, 0xFF, 0xC0, 0x3F, 0xF8, 0x07, 0xFF,
  0x00, 0xFF, 0xE0, 0x1F, 0xFC, 0x03, 0xFF, 0x80, 0x7F, 0xF0, 0x0F, 0xFE,
  0x01, 0xFF, 0xC0, 0x3F, 0xF8, 0x07, 0xFF, 0x00, 0xFF, 0xE0, 0x1F, 0xFC,
  0x00, 0x00, 0xFF, 0xC0, 0x01, 0xFF, 0xC0, 0x03, 0xFF, 0x80, 0x07, 0xFF,
  0x00, 0x0F, 0xFE, 0x00, 0x1F, 0xFC, 0x00, 0x3F, 0xF8, 0x00, 0x7F, 0xF0,
  0x00, 0xFF, 0xE0, 0x00, 0x00, 0x00, 0x00, 0x00, 0x00, 0x00, 0x00, 0x00,
  0x00, 0x00, 0x00, 0x00, 0x00, 0x00, 0x3F, 0xF8, 0x00, 0x7F, 0xF0, 0x00,
  0xFF, 0xE0, 0x01, 0xFF, 0xC0, 0x03, 0xFF, 0x80, 0x07, 0xFF, 0x00, 0x0F,
  0xFE, 0x00, 0x1F, 0xFC, 0x00, 0x3F, 0xF8, 0x00, 0x7F, 0xF0, 0x00, 0xFF,
  0xE0, 0x01, 0xFF, 0xC0, 0x03, 0xFF, 0x80, 0x07, 0xFF, 0x00, 0x0F, 0xFE,
  0x00, 0x1F, 0xFC, 0x00, 0x3F, 0xF8, 0x00, 0x7F, 0xF0, 0x00, 0xFF, 0xE0,
  0x01, 0xFF, 0xC0, 0x03, 0xFF, 0x80, 0x07, 0xFF, 0x00, 0x0F, 0xFE, 0x00,
  0x1F, 0xFC, 0x00, 0x3F, 0xF8, 0x00, 0x7F, 0xF0, 0x00, 0xFF, 0xE0, 0x01,
  0xFF, 0xC0, 0x03, 0xFF, 0x80, 0x07, 0xFF, 0x00, 0x0F, 0xFE, 0x00, 0x1F,
  0xFC, 0x00, 0x3F, 0xF8, 0x00, 0x7F, 0xF0, 0x01, 0xFF, 0xE0, 0x03, 0xFF,
  0xC1, 0xFF, 0xFF, 0x07, 0xFF, 0xFE, 0x0F, 0xFF, 0xF8, 0x1F, 0xFF, 0xF0,
  0x3F, 0xFF, 0xC0, 0x7F, 0xFF, 0x00, 0xFF, 0xF8, 0x00, 0xFF, 0xC0, 0x00,
  0x0F, 0xFE, 0x00, 0x00, 0x00, 0x7F, 0xF0, 0x00, 0x00, 0x03, 0xFF, 0x80,
  0x00, 0x00, 0x1F, 0xFC, 0x00, 0x00, 0x00, 0xFF, 0xE0, 0x00, 0x00, 0x07,
  0xFF, 0x00, 0x00, 0x00, 0x3F, 0xF8, 0x00, 0x00, 0x01, 0xFF, 0xC0, 0x00,
  0x00, 0x0F, 0xFE, 0x00, 0x00, 0x00, 0x7F, 0xF0, 0x00, 0x00, 0x03, 0xFF,
  0x80, 0x00, 0x00, 0x1F, 0xFC, 0x00, 0x00, 0x00, 0xFF, 0xE0, 0x0F, 0xFC,
  0x07, 0xFF, 0x00, 0xFF, 0xF0, 0x3F, 0xF8, 0x0F, 0xFF, 0x01, 0xFF, 0xC0,
  0xFF, 0xF0, 0x0F, 0xFE, 0x0F, 0xFF, 0x00, 0x7F, 0xF0, 0xFF, 0xF0, 0x03,
  0xFF, 0x8F, 0xFF, 0x00, 0x1F, 0xFC, 0xFF, 0xF8, 0x00, 0xFF, 0xEF, 0xFF,
  0x80, 0x07, 0xFF, 0x7F, 0xF8, 0x00, 0x3F, 0xFF, 0xFF, 0x80, 0x01, 0xFF,
  0xFF, 0xF8, 0x00, 0x0F, 0xFF, 0xFF, 0x80, 0x00, 0x7F, 0xFF, 0xF8, 0x00,
  0x03, 0xFF, 0xFF, 0xC0, 0x00, 0x1F, 0xFF, 0xFE, 0x00, 0x00, 0xFF, 0xFF,
  0xF8, 0x00, 0x07, 0xFF, 0xFF, 0xE0, 0x00, 0x3F, 0xFF, 0xFF, 0x80, 0x01,
  0xFF, 0xFF, 0xFC, 0x00, 0x0F, 0xFE, 0xFF, 0xF0, 0x00, 0x7F, 0xF3, 0xFF,
  0xC0, 0x03, 0xFF, 0x9F, 0xFF, 0x00, 0x1F, 0xFC, 0x7F, 0xFC, 0x00, 0xFF,
  0xE1, 0xFF, 0xE0, 0x07, 0xFF, 0x07, 0xFF, 0x80, 0x3F, 0xF8, 0x1F, 0xFE,
  0x01, 0xFF, 0xC0, 0xFF, 0xF8, 0x0F, 0xFE, 0x03, 0xFF, 0xE0, 0x7F, 0xF0,
  0x0F, 0xFF, 0x83, 0xFF, 0x80, 0x3F, 0xFC, 0x1F, 0xF8, 0x00, 0xFF, 0xE0,
  0x0F, 0xFE, 0x01, 0xFF, 0xC0, 0x3F, 0xF8, 0x07, 0xFF, 0x00, 0xFF, 0xE0,
  0x1F, 0xFC, 0x03, 0xFF, 0x80, 0x7F, 0xF0, 0x0F, 0xFE, 0x01, 0xFF, 0xC0,
  0x3F, 0xF8, 0x07, 0xFF, 0x00, 0xFF, 0xE0, 0x1F, 0xFC, 0x03, 0xFF, 0x80,
  0x7F, 0xF0, 0x0F, 0xFE, 0x01, 0xFF, 0xC0, 0x3F, 0xF8, 0x07, 0xFF, 0x00,
  0xFF, 0xE0, 0x1F, 0xFC, 0x03, 0xFF, 0x80, 0x7F, 0xF0, 0x0F, 0xFE, 0x01,
  0xFF, 0xC0, 0x3F, 0xF8, 0x07, 0xFF, 0x00, 0xFF, 0xE0, 0x1F, 0xFC, 0x03,
  0xFF, 0x80, 0x7F, 0xF0, 0x0F, 0xFE, 0x01, 0xFF, 0xC0, 0x3F, 0xF8, 0x07,
  0xFF, 0x00, 0xFF, 0xE0, 0x1F, 0xFC, 0x03, 0xFF, 0x80, 0x7F, 0xF0, 0x0F,
  0xFE, 0x01, 0xFF, 0xC0, 0x3F, 0xF8, 0x07, 0xFE, 0x00, 0x00, 0x00, 0x07,
  0x80, 0x00, 0xF0, 0x00, 0x07, 0xFE, 0x1F, 0xF8, 0x03, 0xFF, 0x80, 0x03,
  0xFF, 0x3F, 0xFF, 0x07, 0xFF, 0xE0, 0x01, 0xFF, 0xBF, 0xFF, 0xC7, 0xFF,
  0xF8, 0x00, 0xFF, 0xFF, 0xFF, 0xF7, 0xFF, 0xFE, 0x00, 0x7F, 0xFF, 0xFF,
  0xFF, 0xFF, 0xFF, 0x80, 0x3F, 0xFF, 0xFF, 0xFF, 0xFF, 0xFF, 0xE0, 0x1F,
  0xFF, 0xFF, 0xFF, 0xFF, 0xFF, 0xF0, 0x0F, 0xFF, 0xFF, 0xFF, 0xFF, 0xFF,
  0xF8, 0x07, 0xFF, 0xC3, 0xFF, 0xF8, 0x3F, 0xFE, 0x03, 0xFF, 0xC0, 0xFF,
  0xF8, 0x0F, 0xFF, 0x01, 0xFF, 0xC0, 0x3F, 0xFC, 0x03, 0xFF, 0x80, 0xFF,
  0xE0, 0x1F, 0xFC, 0x01, 0xFF, 0xC0, 0x7F, 0xF0, 0x0F, 0xFE, 0x00, 0xFF,
  0xE0, 0x3F, 0xF8, 0x07, 0xFF, 0x00, 0x7F, 0xF0, 0x1F, 0xFC, 0x03, 0xFF,
  0x80, 0x3F, 0xF8, 0x0F, 0xFE, 0x01, 0xFF, 0xC0, 0x1F, 0xFC, 0x07, 0xFF,
  0x00, 0xFF, 0xE0, 0x0F, 0xFE, 0x03, 0xFF, 0x80, 0x7F, 0xF0, 0x07, 0xFF,
  0x01, 0xFF, 0xC0, 0x3F, 0xF8, 0x03, 0xFF, 0x80, 0xFF, 0xE0, 0x1F, 0xFC,
  0x01, 0xFF, 0xC0, 0x7F, 0xF0, 0x0F, 0xFE, 0x00, 0xFF, 0xE0, 0x3F, 0xF8,
  0x07, 0xFF, 0x00, 0x7F, 0xF0, 0x1F, 0xFC, 0x03, 0xFF, 0x80, 0x3F, 0xF8,
  0x0F, 0xFE, 0x01, 0xFF, 0xC0, 0x1F, 0xFC, 0x07, 0xFF, 0x00, 0xFF, 0xE0,
  0x0F, 0xFE, 0x03, 0xFF, 0x80, 0x7F, 0xF0, 0x07, 0xFF, 0x01, 0xFF, 0xC0,
  0x3F, 0xF8, 0x03, 0xFF, 0x80, 0xFF, 0xE0, 0x1F, 0xFC, 0x01, 0xFF, 0xC0,
  0x7F, 0xF0, 0x0F, 0xFE, 0x00, 0xFF, 0xE0, 0x3F, 0xF8, 0x07, 0xFF, 0x00,
  0x7F, 0xF0, 0x1F, 0xFC, 0x03, 0xFF, 0x80, 0x3F, 0xF8, 0x0F, 0xFC, 0x00,
  0xFF, 0xC0, 0x0F, 0xFC, 0x00, 0x00, 0x00, 0x03, 0xC0, 0x00, 0x0F, 0xFC,
  0x1F, 0xFC, 0x00, 0x0F, 0xFC, 0x7F, 0xFF, 0x00, 0x0F, 0xFD, 0xFF, 0xFF,
  0x80, 0x0F, 0xFF, 0xFF, 0xFF, 0xC0, 0x0F, 0xFF, 0xFF, 0xFF, 0xE0, 0x0F,
  0xFF, 0xFF, 0xFF, 0xE0, 0x0F, 0xFF, 0xFF, 0xFF, 0xF0, 0x0F, 0xFF, 0xFF,
  0xFF, 0xF0, 0x0F, 0xFF, 0x80, 0xFF, 0xF0, 0x0F, 0xFF, 0x00, 0x7F, 0xF8,
  0x0F, 0xFF, 0x00, 0x7F, 0xF8, 0x0F, 0xFE, 0x00, 0x3F, 0xF8, 0x0F, 0xFE,
  0x00, 0x3F, 0xF8, 0x0F, 0xFE, 0x00, 0x3F, 0xF8, 0x0F, 0xFE, 0x00, 0x3F,
  0xF8, 0x0F, 0xFE, 0x00, 0x3F, 0xF8, 0x0F, 0xFE, 0x00, 0x3F, 0xF8, 0x0F,
  0xFE, 0x00, 0x3F, 0xF8, 0x0F, 0xFE, 0x00, 0x3F, 0xF8, 0x0F, 0xFE, 0x00,
  0x3F, 0xF8, 0x0F, 0xFE, 0x00, 0x3F, 0xF8, 0x0F, 0xFE, 0x00, 0x3F, 0xF8,
  0x0F, 0xFE, 0x00, 0x3F, 0xF8, 0x0F, 0xFE, 0x00, 0x3F, 0xF8, 0x0F, 0xFE,
  0x00, 0x3F, 0xF8, 0x0F, 0xFE, 0x00, 0x3F, 0xF8, 0x0F, 0xFE, 0x00, 0x3F,
  0xF8, 0x0F, 0xFE, 0x00, 0x3F, 0xF8, 0x0F, 0xFE, 0x00, 0x3F, 0xF8, 0x0F,
  0xFE, 0x00, 0x3F, 0xF8, 0x0F, 0xFE, 0x00, 0x3F, 0xF8, 0x0F, 0xFC, 0x00,
  0x3F, 0xF8, 0x00, 0x00, 0x7C, 0x00, 0x00, 0x00, 0x1F, 0xFF, 0xC0, 0x00,
  0x00, 0xFF, 0xFF, 0xE0, 0x00, 0x07, 0xFF, 0xFF, 0xF0, 0x00, 0x1F, 0xFF,
  0xFF, 0xF0, 0x00, 0x7F, 0xFF, 0xFF, 0xF0, 0x01, 0xFF, 0xFF, 0xFF, 0xF0,
  0x03, 0xFF, 0xFF, 0xFF, 0xE0, 0x0F, 0xFF, 0x83, 0xFF, 0xE0, 0x1F, 0xFE,
  0x03, 0xFF, 0xC0, 0x7F, 0xF8, 0x03, 0xFF, 0xC0, 0xFF, 0xE0, 0x07, 0xFF,
  0x81, 0xFF, 0xC0, 0x07, 0xFF, 0x03, 0xFF, 0x80, 0x0F, 0xFE, 0x07, 0xFF,
  0x00, 0x1F, 0xFC, 0x0F, 0xFE, 0x00, 0x3F, 0xF8, 0x1F, 0xFC, 0x00, 0x7F,
  0xF0, 0x3F, 0xF8, 0x00, 0xFF, 0xE0, 0x7F, 0xF0, 0x01, 0xFF, 0xC0, 0xFF,
  0xE0, 0x03, 0xFF, 0x81, 0xFF, 0xC0, 0x07, 0xFF, 0x03, 0xFF, 0x80, 0x0F,
  0xFE, 0x07, 0xFF, 0x00, 0x3F, 0xFC, 0x0F, 0xFF, 0x00, 0x7F, 0xF8, 0x0F,
  0xFF, 0x01, 0xFF, 0xE0, 0x1F, 0xFF, 0x07, 0xFF, 0xC0, 0x3F, 0xFF, 0xFF,
  0xFF, 0x00, 0x3F, 0xFF, 0xFF, 0xFE, 0x00, 0x3F, 0xFF, 0xFF, 0xF8, 0x00,
  0x3F, 0xFF, 0xFF, 0xE0, 0x00, 0x3F, 0xFF, 0xFF, 0x80, 0x00, 0x1F, 0xFF,
  0xFC, 0x00, 0x00, 0x0F, 0xFF, 0xE0, 0x00, 0x00, 0x00, 0xF8, 0x00, 0x00,
  0x00, 0x00, 0x03, 0xC0, 0x00, 0x1F, 0xF8, 0x7F, 0xF8, 0x00, 0x3F, 0xF1,
  0xFF, 0xF8, 0x00, 0x7F, 0xEF, 0xFF, 0xFC, 0x00, 0xFF, 0xFF, 0xFF, 0xFC,
  0x01, 0xFF, 0xFF, 0xFF, 0xF8, 0x03, 0xFF, 0xFF, 0xFF, 0xF8, 0x07, 0xFF,
  0xFF, 0xFF, 0xF8, 0x0F, 0xFF, 0xFF, 0xFF, 0xF0, 0x1F, 0xFF, 0x01, 0xFF,
  0xE0, 0x3F, 0xFC, 0x01, 0xFF, 0xE0, 0x7F, 0xF8, 0x03, 0xFF, 0xC0, 0xFF,
  0xE0, 0x03, 0xFF, 0x81, 0xFF, 0xC0, 0x07, 0xFF, 0x03, 0xFF, 0x80, 0x0F,
  0xFE, 0x07, 0xFF, 0x00, 0x1F, 0xFC, 0x0F, 0xFE, 0x00, 0x3F, 0xF8, 0x1F,
  0xFC, 0x00, 0x7F, 0xF0, 0x3F, 0xF8, 0x00, 0xFF, 0xE0, 0x7F, 0xF0, 0x01,
  0xFF, 0xC0, 0xFF, 0xE0, 0x03, 0xFF, 0x81, 0xFF, 0xC0, 0x07, 0xFF, 0x03,
  0xFF, 0xC0, 0x1F, 0xFE, 0x07, 0xFF, 0x80, 0x3F, 0xFC, 0x0F, 0xFF, 0x80,
  0xFF, 0xF0, 0x1F, 0xFF, 0xFF, 0xFF, 0xE0, 0x3F, 0xFF, 0xFF, 0xFF, 0xC0,
  0x7F, 0xFF, 0xFF, 0xFF, 0x00, 0xFF, 0xFF, 0xFF, 0xFC, 0x01, 0xFF, 0xFF,
  0xFF, 0xF8, 0x03, 0xFF, 0xBF, 0xFF, 0xE0, 0x07, 0xFF, 0x3F, 0xFF, 0x00,
  0x0F, 0xFE, 0x3F, 0xFC, 0x00, 0x1F, 0xFC, 0x07, 0x80, 0x00, 0x3F, 0xF8,
  0x00, 0x00, 0x00, 0x7F, 0xF0, 0x00, 0x00, 0x00, 0xFF, 0xE0, 0x00, 0x00,
  0x01, 0xFF, 0xC0, 0x00, 0x00, 0x03, 0xFF, 0x80, 0x00, 0x00, 0x07, 0xFF,
  0x00, 0x00, 0x00, 0x0F, 0xFE, 0x00, 0x00, 0x00, 0x1F, 0xFC, 0x00, 0x00,
  0x00, 0x3F, 0xF8, 0x00, 0x00, 0x00, 0x7F, 0xF0, 0x00, 0x00, 0x00, 0xFF,
  0xE0, 0x00, 0x00, 0x00, 0x00, 0x03, 0xC0, 0x00, 0x00, 0x00, 0x3F, 0xFC,
  0x3F, 0xF0, 0x00, 0xFF, 0xFE, 0x3F, 0xF0, 0x01, 0xFF, 0xFF, 0xBF, 0xF0,
  0x03, 0xFF, 0xFF, 0xFF, 0xF0, 0x07, 0xFF, 0xFF, 0xFF, 0xF0, 0x07, 0xFF,
  0xFF, 0xFF, 0xF0, 0x0F, 0xFF, 0xFF, 0xFF, 0xF0, 0x0F, 0xFF, 0xFF, 0xFF,
  0xF0, 0x0F, 0xFF, 0x01, 0xFF, 0xF0, 0x1F, 0xFE, 0x00, 0xFF, 0xF0, 0x1F,
  0xFE, 0x00, 0xFF, 0xF0, 0x1F, 0xFC, 0x00, 0x7F, 0xF0, 0x1F, 0xFC, 0x00,
  0x7F, 0xF0, 0x1F, 0xFC, 0x00, 0x7F, 0xF0, 0x1F, 0xFC, 0x00, 0x7F, 0xF0,
  0x1F, 0xFC, 0x00, 0x7F, 0xF0, 0x1F, 0xFC, 0x00, 0x7F, 0xF0, 0x1F, 0xFC,
  0x00, 0x7F, 0xF0, 0x1F, 0xFC, 0x00, 0x7F, 0xF0, 0x1F, 0xFC, 0x00, 0x7F,
  0xF0, 0x1F, 0xFC, 0x00, 0x7F, 0xF0, 0x1F, 0xFE, 0x00, 0xFF, 0xF0, 0x1F,
  0xFE, 0x00, 0xFF, 0xF0, 0x0F, 0xFF, 0x01, 0xFF, 0xF0, 0x0F, 0xFF, 0xFF,
  0xFF, 0xF0, 0x0F, 0xFF, 0xFF, 0xFF, 0xF0, 0x07, 0xFF, 0xFF, 0xFF, 0xF0,
  0x03, 0xFF, 0xFF, 0xFF, 0xF0, 0x03, 0xFF, 0xFF, 0xFF, 0xF0, 0x01, 0xFF,
  0xFF, 0x7F, 0xF0, 0x00, 0x7F, 0xFE, 0x7F, 0xF0, 0x00, 0x3F, 0xFC, 0x7F,
  0xF0, 0x00, 0x03, 0xC0, 0x7F, 0xF0, 0x00, 0x00, 0x00, 0x7F, 0xF0, 0x00,
  0x00, 0x00, 0x7F, 0xF0, 0x00, 0x00, 0x00, 0x7F, 0xF0, 0x00, 0x00, 0x00,
  0x7F, 0xF0, 0x00, 0x00, 0x00, 0x7F, 0xF0, 0x00, 0x00, 0x00, 0x7F, 0xF0,
  0x00, 0x00, 0x00, 0x7F, 0xF0, 0x00, 0x00, 0x00, 0x7F, 0xF0, 0x00, 0x00,
  0x00, 0x7F, 0xF0, 0x00, 0x00, 0x00, 0x7F, 0xF0, 0x00, 0x00, 0x00, 0x7F,
  0xF0, 0x0F, 0xFC, 0x0F, 0xF0, 0x7F, 0xE3, 0xFF, 0x83, 0xFF, 0x3F, 0xFC,
  0x1F, 0xFF, 0xFF, 0xE0, 0xFF, 0xFF, 0xFF, 0x07, 0xFF, 0xFF, 0xF8, 0x3F,
  0xFF, 0xFF, 0xC1, 0xFF, 0xFF, 0xFE, 0x0F, 0xFF, 0xFF, 0xF0, 0x7F, 0xFF,
  0xFF, 0x83, 0xFF, 0xF0, 0x00, 0x1F, 0xFE, 0x00, 0x00, 0xFF, 0xF0, 0x00,
  0x07, 0xFF, 0x00, 0x00, 0x3F, 0xF8, 0x00, 0x01, 0xFF, 0xC0, 0x00, 0x0F,
  0xFE, 0x00, 0x00, 0x7F, 0xF0, 0x00, 0x03, 0xFF, 0x80, 0x00, 0x1F, 0xFC,
  0x00, 0x00, 0xFF, 0xE0, 0x00, 0x07, 0xFF, 0x00, 0x00, 0x3F, 0xF8, 0x00,
  0x01, 0xFF, 0xC0, 0x00, 0x0F, 0xFE, 0x00, 0x00, 0x7F, 0xF0, 0x00, 0x03,
  0xFF, 0x80, 0x00, 0x1F, 0xFC, 0x00, 0x00, 0xFF, 0xE0, 0x00, 0x07, 0xFF,
  0x00, 0x00, 0x3F, 0xF8, 0x00, 0x01, 0xFF, 0x80, 0x00, 0x00, 0x03, 0xE0,
  0x00, 0x00, 0x1F, 0xFF, 0x80, 0x00, 0x1F, 0xFF, 0xF8, 0x00, 0x0F, 0xFF,
  0xFF, 0x80, 0x0F, 0xFF, 0xFF, 0xF0, 0x03, 0xFF, 0xFF, 0xFE, 0x01, 0xFF,
  0xFF, 0xFF, 0xC0, 0xFF, 0xFF, 0xFF, 0xF0, 0x3F, 0xFC, 0x0F, 0xFE, 0x0F,
  0xFE, 0x01, 0xFF, 0x03, 0xFF, 0x80, 0x00, 0x00, 0xFF, 0xF0, 0x00, 0x00,
  0x3F, 0xFE, 0x00, 0x00, 0x0F, 0xFF, 0xF8, 0x00, 0x01, 0xFF, 0xFF, 0xF0,
  0x00, 0x3F, 0xFF, 0xFF, 0x00, 0x07, 0xFF, 0xFF, 0xF0, 0x00, 0xFF, 0xFF,
  0xFE, 0x00, 0x0F, 0xFF, 0xFF, 0xC0, 0x00, 0x7F, 0xFF, 0xF8, 0x00, 0x00,
  0xFF, 0xFE, 0x00, 0x00, 0x07, 0xFF, 0xC0, 0x00, 0x00, 0xFF, 0xF0, 0x7F,
  0x00, 0x1F, 0xFC, 0x3F, 0xF0, 0x07, 0xFF, 0x1F, 0xFF, 0x03, 0xFF, 0xC3,
  0xFF, 0xFF, 0xFF, 0xE0, 0xFF, 0xFF, 0xFF, 0xF8, 0x1F, 0xFF, 0xFF, 0xFC,
  0x03, 0xFF, 0xFF, 0xFF, 0x00, 0x7F, 0xFF, 0xFF, 0x00, 0x07, 0xFF, 0xFF,
  0x80, 0x00, 0x7F, 0xFF, 0x00, 0x00, 0x00, 0xF8, 0x00, 0x00, 0x00, 0xFF,
  0xC0, 0x00, 0x0F, 0xFE, 0x00, 0x00, 0x7F, 0xF0, 0x00, 0x03, 0xFF, 0x80,
  0x00, 0x1F, 0xFC, 0x00, 0x00, 0xFF, 0xE0, 0x00, 0x07, 0xFF, 0x00, 0x00,
  0x3F, 0xF8, 0x00, 0x01, 0xFF, 0xC0, 0x00, 0x0F, 0xFE, 0x00, 0x00, 0x7F,
  0xF0, 0x00, 0x03, 0xFF, 0x80, 0x07, 0xFF, 0xFF, 0xFE, 0x3F, 0xFF, 0xFF,
  0xF1, 0xFF, 0xFF, 0xFF, 0x8F, 0xFF, 0xFF, 0xFC, 0x7F, 0xFF, 0xFF, 0xE3,
  0xFF, 0xFF, 0xFF, 0x1F, 0xFF, 0xFF, 0xF8, 0x7F, 0xFF, 0xFF, 0x80, 0x1F,
  0xFC, 0x00, 0x00, 0xFF, 0xE0, 0x00, 0x07, 0xFF, 0x00, 0x00, 0x3F, 0xF8,
  0x00, 0x01, 0xFF, 0xC0, 0x00, 0x0F, 0xFE, 0x00, 0x00, 0x7F, 0xF0, 0x00,
  0x03, 0xFF, 0x80, 0x00, 0x1F, 0xFC, 0x00, 0x00, 0xFF, 0xE0, 0x00, 0x07,
  0xFF, 0x00, 0x00, 0x3F, 0xF8, 0x00, 0x01, 0xFF, 0xC0, 0x00, 0x0F, 0xFF,
  0x00, 0x00, 0x7F, 0xFC, 0x00, 0x03, 0xFF, 0xFF, 0xC0, 0x0F, 0xFF, 0xFF,
  0x00, 0x7F, 0xFF, 0xF8, 0x03, 0xFF, 0xFF, 0xC0, 0x0F, 0xFF, 0xFE, 0x00,
  0x3F, 0xFF, 0xF0, 0x00, 0xFF, 0xFF, 0x80, 0x01, 0xFF, 0xFC, 0x00, 0x03,
  0xFF, 0xC0, 0x1F, 0xFC, 0x00, 0x7F, 0xF0, 0x1F, 0xFC, 0x00, 0x7F, 0xF0,
  0x1F, 0xFC, 0x00, 0x7F, 0xF0, 0x1F, 0xFC, 0x00, 0x7F, 0xF0, 0x1F, 0xFC,
  0x00, 0x7F, 0xF0, 0x1F, 0xFC, 0x00, 0x7F, 0xF0, 0x1F, 0xFC, 0x00, 0x7F,
  0xF0, 0x1F, 0xFC, 0x00, 0x7F, 0xF0, 0x1F, 0xFC, 0x00, 0x7F, 0xF0, 0x1F,
  0xFC, 0x00, 0x7F, 0xF0, 0x1F, 0xFC, 0x00, 0x7F, 0xF0, 0x1F, 0xFC, 0x00,
  0x7F, 0xF0, 0x1F, 0xFC, 0x00, 0x7F, 0xF0, 0x1F, 0xFC, 0x00, 0x7F, 0xF0,
  0x1F, 0xFC, 0x00, 0x7F, 0xF0, 0x1F, 0xFC, 0x00, 0x7F, 0xF0, 0x1F, 0xFC,
  0x00, 0x7F, 0xF0, 0x1F, 0xFC, 0x00, 0x7F, 0xF0, 0x1F, 0xFC, 0x00, 0x7F,
  0xF0, 0x1F, 0xFC, 0x00, 0x7F, 0xF0, 0x1F, 0xFC, 0x00, 0x7F, 0xF0, 0x1F,
  0xFC, 0x00, 0xFF, 0xF0, 0x1F, 0xFE, 0x00, 0xFF, 0xF0, 0x1F, 0xFF, 0x01,
  0xFF, 0xF0, 0x0F, 0xFF, 0xFF, 0xFF, 0xF0, 0x0F, 0xFF, 0xFF, 0xFF, 0xF0,
  0x07, 0xFF, 0xFF, 0xFF, 0xF0, 0x07, 0xFF, 0xFF, 0xFF, 0xF0, 0x03, 0xFF,
  0xFF, 0xFF, 0xF0, 0x01, 0xFF, 0xFF, 0x7F, 0xF0, 0x00, 0xFF, 0xFE, 0x7F,
  0xF0, 0x00, 0x3F, 0xF8, 0x3F, 0xF0, 0x00, 0x07, 0x80, 0x00, 0x00, 0x7F,
  0xE0, 0x00, 0x3F, 0xF3, 0xFF, 0x80, 0x03, 0xFF, 0x9F, 0xFC, 0x00, 0x1F,
  0xFC, 0x7F, 0xE0, 0x00, 0xFF, 0xC3, 0xFF, 0x80, 0x0F, 0xFE, 0x1F, 0xFC,
  0x00, 0x7F, 0xF0, 0x7F, 0xE0, 0x03, 0xFF, 0x03, 0xFF, 0x80, 0x3F, 0xF8,
  0x0F, 0xFC, 0x01, 0xFF, 0x80, 0x7F, 0xF0, 0x1F, 0xFC, 0x01, 0xFF, 0x80,
  0xFF, 0xC0, 0x0F, 0xFC, 0x07, 0xFE, 0x00, 0x7F, 0xF0, 0x7F, 0xF0, 0x01,
  0xFF, 0x83, 0xFF, 0x00, 0x0F, 0xFC, 0x3F, 0xF8, 0x00, 0x3F, 0xF1, 0xFF,
  0x80, 0x01, 0xFF, 0x8F, 0xFC, 0x00, 0x0F, 0xFE, 0xFF, 0xE0, 0x00, 0x3F,
  0xF7, 0xFE, 0x00, 0x01, 0xFF, 0xFF, 0xF0, 0x00, 0x07, 0xFF, 0xFF, 0x00,
  0x00, 0x3F, 0xFF, 0xF8, 0x00, 0x00, 0xFF, 0xFF, 0x80, 0x00, 0x07, 0xFF,
  0xFC, 0x00, 0x00, 0x3F, 0xFF, 0xE0, 0x00, 0x00, 0xFF, 0xFE, 0x00, 0x00,
  0x07, 0xFF, 0xF0, 0x00, 0x00, 0x1F, 0xFF, 0x00, 0x00, 0x00, 0xFF, 0xF8,
  0x00, 0x00, 0x07, 0xFF, 0xC0, 0x00, 0x00, 0x1F, 0xFC, 0x00, 0x00, 0x00,
  0x7F, 0xC0, 0x00, 0x3F, 0xE0, 0x01, 0xFC, 0x00, 0x3F, 0xE1, 0xFF, 0x80,
  0x1F, 0xF0, 0x03, 0xFF, 0x0F, 0xFC, 0x00, 0xFF, 0x80, 0x1F, 0xF8, 0x7F,
  0xE0, 0x07, 0xFC, 0x00, 0xFF, 0xC1, 0xFF, 0x80, 0x7F, 0xF0, 0x0F, 0xFC,
  0x0F, 0xFC, 0x03, 0xFF, 0x80, 0x7F, 0xE0, 0x7F, 0xE0, 0x1F, 0xFC, 0x03,
  0xFF, 0x01, 0xFF, 0x81, 0xFF, 0xF0, 0x3F, 0xF0, 0x0F, 0xFC, 0x0F, 0xFF,
  0x81, 0xFF, 0x80, 0x7F, 0xE0, 0x7F, 0xFC, 0x0F, 0xFC, 0x01, 0xFF, 0x87,
  0xFF, 0xF0, 0xFF, 0xC0, 0x0F, 0xFC, 0x3F, 0xFF, 0x87, 0xFE, 0x00, 0x7F,
  0xE1, 0xFF, 0xFC, 0x3F, 0xF0, 0x01, 0xFF, 0x0F, 0xFF, 0xE1, 0xFF, 0x00,
  0x0F, 0xFC, 0xFF, 0xFF, 0x9F, 0xF8, 0x00, 0x7F, 0xE7, 0xFB, 0xFC, 0xFF,
  0xC0, 0x01, 0xFF, 0x3F, 0xDF, 0xE7, 0xFC, 0x00, 0x0F, 0xFF, 0xFC, 0x7F,
  0xFF, 0xE0, 0x00, 0x7F, 0xFF, 0xE3, 0xFF, 0xFF, 0x00, 0x01, 0xFF, 0xFF,
  0x1F, 0xFF, 0xF0, 0x00, 0x0F, 0xFF, 0xF0, 0x7F, 0xFF, 0x80, 0x00, 0x7F,
  0xFF, 0x83, 0xFF, 0xFC, 0x00, 0x03, 0xFF, 0xFC, 0x1F, 0xFF, 0xE0, 0x00,
  0x0F, 0xFF, 0xC0, 0x7F, 0xFE, 0x00, 0x00, 0x7F, 0xFE, 0x03, 0xFF, 0xF0,
  0x00, 0x03, 0xFF, 0xF0, 0x1F, 0xFF, 0x80, 0x00, 0x0F, 0xFF, 0x00, 0x7F,
  0xF8, 0x00, 0x00, 0x7F, 0xF8, 0x03, 0xFF, 0xC0, 0x00, 0x03, 0xFF, 0xC0,
  0x1F, 0xFE, 0x00, 0x00, 0x0F, 0xFC, 0x00, 0x7F, 0xE0, 0x00, 0x00, 0x7F,
  0xE0, 0x03, 0xFF, 0x00, 0x00, 0x01, 0xFE, 0x00, 0x0F, 0xF0, 0x00, 0x3F,
  0xF8, 0x00, 0x7F, 0xE3, 0xFF, 0x80, 0x0F, 0xFE, 0x3F, 0xFC, 0x01, 0xFF,
  0xE1, 0xFF, 0xE0, 0x1F, 0xFC, 0x0F, 0xFF, 0x03, 0xFF, 0x80, 0x7F, 0xF0,
  0x7F, 0xF0, 0x07, 0xFF, 0x8F, 0xFF, 0x00, 0x3F, 0xFC, 0xFF, 0xE0, 0x01,
  0xFF, 0xFF, 0xFC, 0x00, 0x1F, 0xFF, 0xFF, 0xC0, 0x00, 0xFF, 0xFF, 0xF8,
  0x00, 0x07, 0xFF, 0xFF, 0x00, 0x00, 0x3F, 0xFF, 0xE0, 0x00, 0x03, 0xFF,
  0xFE, 0x00, 0x00, 0x1F, 0xFF, 0xC0, 0x00, 0x00, 0xFF, 0xF8, 0x00, 0x00,
  0x1F, 0xFF, 0xC0, 0x00, 0x03, 0xFF, 0xFC, 0x00, 0x00, 0x3F, 0xFF, 0xE0,
  0x00, 0x07, 0xFF, 0xFF, 0x00, 0x00, 0xFF, 0xFF, 0xF0, 0x00, 0x1F, 0xFF,
  0xFF, 0x80, 0x01, 0xFF, 0xFF, 0xFC, 0x00, 0x3F, 0xFD, 0xFF, 0xE0, 0x07,
  0xFF, 0x8F, 0xFE, 0x00, 0xFF, 0xF0, 0xFF, 0xF0, 0x0F, 0xFF, 0x07, 0xFF,
  0x81, 0xFF, 0xE0, 0x3F, 0xF8, 0x3F, 0xFC, 0x01, 0xFF, 0xC7, 0xFF, 0x80,
  0x1F, 0xFE, 0x7F, 0xF8, 0x00, 0xFF, 0xE7, 0xFF, 0x00, 0x07, 0xFE, 0x7F,
  0xE0, 0x00, 0x3F, 0xE7, 0xFE, 0x00, 0x07, 0xFF, 0x7F, 0xF0, 0x00, 0x7F,
  0xE3, 0xFF, 0x00, 0x0F, 0xFE, 0x3F, 0xF8, 0x00, 0xFF, 0xC3, 0xFF, 0x80,
  0x0F, 0xFC, 0x1F, 0xF8, 0x01, 0xFF, 0xC1, 0xFF, 0xC0, 0x1F, 0xF8, 0x0F,
  0xFC, 0x03, 0xFF, 0x80, 0xFF, 0xE0, 0x3F, 0xF0, 0x07, 0xFE, 0x03, 0xFF,
  0x00, 0x7F, 0xE0, 0x7F, 0xE0, 0x07, 0xFF, 0x07, 0xFE, 0x00, 0x3F, 0xF0,
  0xFF, 0xE0, 0x03, 0xFF, 0x0F, 0xFC, 0x00, 0x1F, 0xF8, 0xFF, 0xC0, 0x01,
  0xFF, 0x9F, 0xF8, 0x00, 0x1F, 0xFD, 0xFF, 0x80, 0x00, 0xFF, 0xFF, 0xF0,
  0x00, 0x0F, 0xFF, 0xFF, 0x00, 0x00, 0x7F, 0xFF, 0xF0, 0x00, 0x07, 0xFF,
  0xFE, 0x00, 0x00, 0x3F, 0xFF, 0xE0, 0x00, 0x03, 0xFF, 0xFC, 0x00, 0x00,
  0x3F, 0xFF, 0xC0, 0x00, 0x01, 0xFF, 0xF8, 0x00, 0x00, 0x1F, 0xFF, 0x80,
  0x00, 0x00, 0xFF, 0xF8, 0x00, 0x00, 0x0F, 0xFF, 0x00, 0x00, 0x00, 0x7F,
  0xF0, 0x00, 0x00, 0x07, 0xFE, 0x00, 0x00, 0x00, 0xFF, 0xE0, 0x00, 0x00,
  0x0F, 0xFC, 0x00, 0x00, 0x00, 0xFF, 0xC0, 0x00, 0x00, 0x1F, 0xFC, 0x00,
  0x00, 0x01, 0xFF, 0x80, 0x00, 0x00, 0x3F, 0xF8, 0x00, 0x00, 0x03, 0xFF,
  0x00, 0x00, 0x00, 0x7F, 0xF0, 0x00, 0x00, 0x07, 0xFE, 0x00, 0x00, 0x00,
  0x7F, 0xE0, 0x00, 0x00, 0x0F, 0xFE, 0x00, 0x00, 0x00, 0xFF, 0xC0, 0x00,
  0x00, 0x0F, 0xF8, 0x00, 0x00, 0x1F, 0xFF, 0xFF, 0xFE, 0x07, 0xFF, 0xFF,
  0xFF, 0x81, 0xFF, 0xFF, 0xFF, 0xE0, 0x7F, 0xFF, 0xFF, 0xF8, 0x1F, 0xFF,
  0xFF, 0xFE, 0x07, 0xFF, 0xFF, 0xFF, 0x81, 0xFF, 0xFF, 0xFF, 0xE0, 0x3F,
  0xFF, 0xFF, 0xF8, 0x00, 0x00, 0x7F, 0xFC, 0x00, 0x00, 0x3F, 0xFF, 0x00,
  0x00, 0x1F, 0xFF, 0x80, 0x00, 0x0F, 0xFF, 0xC0, 0x00, 0x07, 0xFF, 0xE0,
  0x00, 0x03, 0xFF, 0xF0, 0x00, 0x01, 0xFF, 0xF8, 0x00, 0x00, 0xFF, 0xFC,
  0x00, 0x00, 0x7F, 0xFE, 0x00, 0x00, 0x3F, 0xFF, 0x00, 0x00, 0x0F, 0xFF,
  0x80, 0x00, 0x07, 0xFF, 0xE0, 0x00, 0x03, 0xFF, 0xF0, 0x00, 0x01, 0xFF,
  0xF8, 0x00, 0x00, 0xFF, 0xFC, 0x00, 0x00, 0x7F, 0xFE, 0x00, 0x00, 0x3F,
  0xFF, 0xFF, 0xFE, 0x0F, 0xFF, 0xFF, 0xFF, 0xC3, 0xFF, 0xFF, 0xFF, 0xF0,
  0xFF, 0xFF, 0xFF, 0xFC, 0x3F, 0xFF, 0xFF, 0xFF, 0x0F, 0xFF, 0xFF, 0xFF,
  0xC3, 0xFF, 0xFF, 0xFF, 0xF0, 0xFF, 0xFF, 0xFF, 0xFC, 0x00, 0x00, 0x1F,
  0x80, 0x00, 0x1F, 0xF8, 0x00, 0x0F, 0xFF, 0x00, 0x03, 0xFF, 0xE0, 0x01,
  0xFF, 0xFC, 0x00, 0x3F, 0xFF, 0x80, 0x0F, 0xFF, 0xF0, 0x03, 0xFF, 0xFC,
  0x00, 0x7F, 0xF8, 0x00, 0x1F, 0xFE, 0x00, 0x03, 0xFF, 0x80, 0x00, 0x7F,
  0xE0, 0x00, 0x1F, 0xFC, 0x00, 0x03, 0xFF, 0x80, 0x00, 0x7F, 0xE0, 0x00,
  0x0F, 0xFC, 0x00, 0x01, 0xFF, 0x80, 0x00, 0x3F, 0xF0, 0x00, 0x07, 0xFE,
  0x00, 0x00, 0xFF, 0xC0, 0x00, 0x1F, 0xF8, 0x00, 0x07, 0xFF, 0x00, 0x00,
  0xFF, 0xE0, 0x00, 0x3F, 0xF8, 0x00, 0x0F, 0xFF, 0x00, 0x07, 0xFF, 0xC0,
  0x01, 0xFF, 0xF8, 0x00, 0x3F, 0xFE, 0x00, 0x07, 0xFF, 0x80, 0x00, 0xFF,
  0xF8, 0x00, 0x1F, 0xFF, 0x80, 0x01, 0xFF, 0xF0, 0x00, 0x1F, 0xFF, 0x00,
  0x00, 0xFF, 0xE0, 0x00, 0x1F, 0xFE, 0x00, 0x01, 0xFF, 0xC0, 0x00, 0x3F,
  0xF8, 0x00, 0x03, 0xFF, 0x00, 0x00, 0x7F, 0xE0, 0x00, 0x0F, 0xFC, 0x00,
  0x01, 0xFF, 0x80, 0x00, 0x3F, 0xF0, 0x00, 0x07, 0xFE, 0x00, 0x00, 0xFF,
  0xE0, 0x00, 0x1F, 0xFC, 0x00, 0x03, 0xFF, 0x80, 0x00, 0x3F, 0xF8, 0x00,
  0x07, 0xFF, 0x80, 0x00, 0xFF, 0xFC, 0x00, 0x0F, 0xFF, 0xF0, 0x00, 0xFF,
  0xFF, 0x00, 0x1F, 0xFF, 0xE0, 0x01, 0xFF, 0xFC, 0x00, 0x1F, 0xFF, 0x80,
  0x01, 0xFF, 0xF0, 0x00, 0x0F, 0xFE, 0x00, 0x00, 0x7F, 0xC0, 0x00, 0x00,
  0xF0, 0x0F, 0xF8, 0x07, 0xFC, 0x03, 0xFE, 0x01, 0xFF, 0x00, 0xFF, 0x80,
  0x7F, 0xC0, 0x3F, 0xE0, 0x1F, 0xF0, 0x0F, 0xF8, 0x07, 0xFC, 0x03, 0xFE,
  0x01, 0xFF, 0x00, 0xFF, 0x80, 0x7F, 0xC0, 0x3F, 0xE0, 0x1F, 0xF0, 0x0F,
  0xF8, 0x07, 0xFC, 0x03, 0xFE, 0x01, 0xFF, 0x00, 0xFF, 0x80, 0x7F, 0xC0,
  0x3F, 0xE0, 0x1F, 0xF0, 0x0F, 0xF8, 0x07, 0xFC, 0x03, 0xFE, 0x01, 0xFF,
  0x00, 0xFF, 0x80, 0x7F, 0xC0, 0x3F, 0xE0, 0x1F, 0xF0, 0x0F, 0xF8, 0x07,
  0xFC, 0x03, 0xFE, 0x01, 0xFF, 0x00, 0xFF, 0x80, 0x7F, 0xC0, 0x3F, 0xE0,
  0x1F, 0xF0, 0x0F, 0xF8, 0x07, 0xFC, 0x03, 0xFE, 0x01, 0xFF, 0x00, 0xFF,
  0x80, 0x7F, 0xC0, 0x3F, 0xE0, 0x1F, 0xF0, 0x0F, 0xF8, 0x07, 0xFC, 0x03,
  0xFE, 0x01, 0xFF, 0x00, 0xFF, 0x80, 0x7F, 0xC0, 0x3F, 0xE0, 0x1F, 0xF0,
  0x0F, 0xF8, 0x07, 0xFC, 0x03, 0xFE, 0x01, 0xFF, 0x00, 0xFF, 0x80, 0x7F,
  0xC0, 0x3F, 0xE0, 0x1F, 0xF0, 0x0F, 0xF8, 0x07, 0xFC, 0x03, 0xFE, 0x01,
  0xFF, 0x00, 0xFF, 0x80, 0x3F, 0x80, 0x00, 0x07, 0xFE, 0x00, 0x00, 0xFF,
  0xF0, 0x00, 0x1F, 0xFF, 0x00, 0x03, 0xFF, 0xF0, 0x00, 0x7F, 0xFF, 0x00,
  0x0F, 0xFF, 0xF0, 0x01, 0xFF, 0xFF, 0x00, 0x1F, 0xFF, 0xE0, 0x00, 0x3F,
  0xFE, 0x00, 0x01, 0xFF, 0xC0, 0x00, 0x3F, 0xF8, 0x00, 0x03, 0xFF, 0x80,
  0x00, 0x7F, 0xF0, 0x00, 0x0F, 0xFE, 0x00, 0x00, 0xFF, 0xC0, 0x00, 0x1F,
  0xF8, 0x00, 0x03, 0xFF, 0x00, 0x00, 0x7F, 0xE0, 0x00, 0x0F, 0xFC, 0x00,
  0x01, 0xFF, 0x80, 0x00, 0x3F, 0xF8, 0x00, 0x07, 0xFF, 0x00, 0x00, 0xFF,
  0xF0, 0x00, 0x0F, 0xFF, 0x00, 0x01, 0xFF, 0xF0, 0x00, 0x1F, 0xFF, 0x00,
  0x03, 0xFF, 0xF0, 0x00, 0x3F, 0xFE, 0x00, 0x03, 0xFF, 0xC0, 0x00, 0xFF,
  0xF8, 0x00, 0x3F, 0xFE, 0x00, 0x0F, 0xFF, 0x80, 0x01, 0xFF, 0xE0, 0x00,
  0x3F, 0xF8, 0x00, 0x0F, 0xFE, 0x00, 0x01, 0xFF, 0xC0, 0x00, 0x3F, 0xF0,
  0x00, 0x07, 0xFE, 0x00, 0x00, 0xFF, 0xC0, 0x00, 0x1F, 0xF8, 0x00, 0x03,
  0xFF, 0x00, 0x00, 0x7F, 0xE0, 0x00, 0x0F, 0xFC, 0x00, 0x03, 0xFF, 0x80,
  0x00, 0x7F, 0xF0, 0x00, 0x0F, 0xFC, 0x00, 0x03, 0xFF, 0x80, 0x00, 0xFF,
  0xF0, 0x00, 0x7F, 0xFC, 0x00, 0xFF, 0xFF, 0x80, 0x1F, 0xFF, 0xE0, 0x03,
  0xFF, 0xF8, 0x00, 0x7F, 0xFE, 0x00, 0x0F, 0xFF, 0x80, 0x01, 0xFF, 0xE0,
  0x00, 0x3F, 0xF0, 0x00, 0x07, 0xF0, 0x00, 0x00, 0x01, 0xFF, 0x00, 0x06,
  0x00, 0x7F, 0xFE, 0x03, 0xC0, 0x1F, 0xFF, 0xFF, 0xF8, 0x07, 0xFF, 0xFF,
  0xFF, 0x00, 0xFF, 0xFF, 0xFF, 0xE0, 0x1F, 0xFF, 0xFF, 0xFC, 0x03, 0xFF,
  0xFF, 0xFF, 0x80, 0x7F, 0xFF, 0xFF, 0xF0, 0x0F, 0xFF, 0xFF, 0xFC, 0x01,
  0xE0, 0x3F, 0xFF, 0x00, 0x38, 0x00, 0x7F, 0xC0, 0x00, 0x00, 0x00, 0x00,
  0x00, 0x00, 0x00, 0x00, 0x00, 0x00, 0x00, 0x00, 0x00, 0x00, 0x00, 0x00,
  0x00, 0x00, 0x00, 0x00, 0x00, 0x00, 0x00, 0x00, 0x00, 0x00, 0x00, 0x00,
  0x00, 0x00, 0x00, 0x00, 0x00, 0x00, 0x00, 0x00, 0x00, 0x00, 0x00, 0x00,
  0x00, 0x00, 0x00, 0x00, 0x00, 0x00, 0x00, 0x00, 0x00, 0x00, 0x00, 0x00,
  0x00, 0x00, 0x00, 0x00, 0x00,
};

const GFXglyph RubikBold62Glyphs[] PROGMEM = {
  {     0,   0,   0,  13,    0,    0 },
  {     0,  19,  44,  19,    0,  -44 },
  {   105,  28,  44,  28,    0,  -44 },
  {   259,  43,  41,  43,    0,  -41 },
  {   480,  41,  56,  41,    0,  -50 },
  {   767,  50,  44,  50,    0,  -44 },
  {  1042,  46,  46,  46,    0,  -45 },
  {  1307,  15,  44,  15,    0,  -44 },
  {  1390,  24,  58,  24,    0,  -48 },
  {  1564,  24,  58,  24,    0,  -48 },
  {  1738,  28,  45,  28,    0,  -45 },
  {  1896,  37,  35,  37,    0,  -35 },
  {  2058,  17,  16,  17,    0,  -11 },
  {  2092,  30,  23,  30,    0,  -23 },
  {  2179,  17,  11,  17,    0,  -11 },
  {  2203,  33,  54,  33,    0,  -49 },
  {  2426,  41,  46,  41,    0,  -45 },
  {  2662,  31,  44,  31,    0,  -44 },
  {  2833,  41,  45,  41,    0,  -45 },
  {  3064,  40,  45,  40,    0,  -44 },
  {  3289,  43,  44,  43,    0,  -44 },
  {  3526,  40,  45,  40,    0,  -44 },
  {  3751,  40,  45,  40,    0,  -44 },
  {  3976,  36,  44,  36,    0,  -44 },
  {  4174,  42,  46,  42,    0,  -45 },
  {  4416,  40,  45,  40,    0,  -45 },
  {  4641,  18,  32,  18,    0,  -32 },
  {  4713,  18,  38,  18,    0,  -32 },
  {  4799,  32,  39,  32,    0,  -39 },
  {  4955,  36,  31,  36,    0,  -31 },
  {  5095,  32,  39,  32,    0,  -39 },
  {  5251,  37,  45,  37,    0,  -45 },
  {  5460,  52,  50,  52,    0,  -42 },
  {  5785,  45,  44,  44,    0,  -44 },
  {  6033,  44,  44,  44,    0,  -44 },
  {  6275,  44,  46,  44,    0,  -45 },
  {  6528,  44,  44,  44,    0,  -44 },
  {  6770,  39,  44,  39,    0,  -44 },
  {  6985,  38,  44,  38,    0,  -44 },
  {  7194,  45,  46,  45,    0,  -45 },
  {  7453,  45,  44,  45,    0,  -44 },
  {  7701,  19,  44,  19,    0,  -44 },
  {  7806,  42,  45,  42,    0,  -44 },
  {  8043,  41,  44,  41,    0,  -44 },
  {  8269,  37,  44,  37,    0,  -44 },
  {  8473,  51,  44,  51,    0,  -44 },
  {  8754,  44,  44,  44,    0,  -44 },
  {  8996,  44,  46,  44,    0,  -45 },
  {  9249,  42,  44,  42,    0,  -44 },
  {  9480,  44,  49,  44,    0,  -45 },
  {  9750,  43,  44,  43,    0,  -44 },
  {  9987,  41,  46,  41,    0,  -45 },
  { 10223,  38,  44,  38,    0,  -44 },
  { 10432,  45,  45,  45,    0,  -44 },
  { 10686,  43,  44,  43,    0,  -44 },
  { 10923,  51,  44,  51,    0,  -44 },
  { 11204,  43,  44,  43,    0,  -44 },
  { 11441,  42,  44,  42,    0,  -44 },
  { 11672,  40,  44,  40,    0,  -44 },
  { 11892,  24,  58,  24,    0,  -48 },
  { 12066,  33,  54,  33,    0,  -49 },
  { 12289,  24,  58,  24,    0,  -48 },
  { 12463,  29,  47,  29,    0,  -47 },
  { 12634,  46,   9,  46,    0,   -5 },
  { 12686,  25,  47,  25,    0,  -47 },
  { 12833,  37,  34,  37,    0,  -33 },
  { 12991,  39,  45,  39,    0,  -44 },
  { 13211,  37,  34,  37,    0,  -33 },
  { 13369,  40,  45,  40,    0,  -44 },
  { 13594,  36,  34,  36,    0,  -33 },
  { 13747,  28,  46,  28,    0,  -46 },
  { 13908,  40,  47,  40,    0,  -33 },
  { 14143,  40,  44,  40,    0,  -44 },
  { 14363,  19,  46,  19,    0,  -46 },
  { 14473,  23,  58,  19,   -4,  -46 },
  { 14640,  37,  44,  37,    0,  -44 },
  { 14844,  19,  44,  19,    0,  -44 },
  { 14949,  57,  33,  57,    0,  -33 },
  { 15185,  40,  33,  40,    0,  -33 },
  { 15350,  39,  34,  39,    0,  -33 },
  { 15516,  39,  45,  39,    0,  -33 },
  { 15736,  40,  45,  40,    0,  -33 },
  { 15961,  29,  32,  29,    0,  -32 },
  { 16077,  34,  34,  34,    0,  -33 },
  { 16222,  29,  44,  29,    0,  -44 },
  { 16382,  40,  33,  40,    0,  -32 },
  { 16547,  37,  32,  37,    0,  -32 },
  { 16695,  53,  32,  53,    0,  -32 },
  { 16907,  36,  32,  36,    0,  -32 },
  { 17051,  36,  44,  36,    0,  -32 },
  { 17249,  34,  32,  34,    0,  -32 },
  { 17385,  27,  58,  27,    0,  -48 },
  { 17581,  17,  69,  17,    0,  -56 },
  { 17728,  27,  58,  27,    0,  -48 },
  { 17924,  35,  24,  35,    0,  -24 },
};

const GFXfont RubikBold62 PROGMEM = {
  (uint8_t *)RubikBold62Bitmaps,
  (GFXglyph *)RubikBold62Glyphs,
  32, 126, 74
};
